{"type":"FeatureCollection","properties":{"source":"08102026_FULL MAP DRAFT.pdf","source_sha256":"19246d8b98426de2cdf2bd5a9ad929902929cfdfe5b44df820aadb1c6c0fa1b8","registration":"Affine PDF-page to WGS84, using existing station numbers 3.2, 3.3, 3.5 and 3.6","control_residual_m":{"3.2":2.9,"3.3":1.4,"3.5":9.2,"3.6":7.6},"maximum_control_residual_m":9.2,"accuracy_note":"Control residual is not independent positional accuracy. Placement beyond the control stations is provisional; do not use for navigation or rescue dispatch.","access_alignment":"Access and place marks have a smooth local offset fitted to four named OSM places and zero displacement at the four GPS stations; still provisional, not evidence of public access.","access_place_controls":{"Banana Azul":[-82.7732589,9.6583982],"Rocking J’s":[-82.7460948,9.6580667],"Congo Bongo":[-82.6639564,9.6307495],"Maxi’s":[-82.6577014,9.6326302]},"page_to_lonlat":[[1.1150241527056801e-05,-9.838566391640323e-07],[-1.4906273238940448e-06,-8.610581158284732e-06],[-82.79090939181063,9.671115751259558]],"feature_count":315},"features":[{"type":"Feature","id":"pdf:side_road/1","geometry":{"type":"LineString","coordinates":[[-82.7328255,9.6448721],[-82.7325345,9.6452707],[-82.7322049,9.645722],[-82.731829,9.6462361]]},"properties":{"kind":"side_road","number":null,"name":null,"source_page":1,"registration":"manual_place_aligned","needs_confirmation":true}},{"type":"Feature","id":"pdf:side_road/2","geometry":{"type":"LineString","coordinates":[[-82.7331026,9.6447872],[-82.7327775,9.6452327],[-82.7324092,9.6457371],[-82.7319891,9.6463116]]},"properties":{"kind":"side_road","number":null,"name":null,"source_page":1,"registration":"manual_place_aligned","needs_confirmation":true}},{"type":"Feature","id":"pdf:side_road/3","geometry":{"type":"LineString","coordinates":[[-82.7376661,9.6512015],[-82.7368868,9.6507428],[-82.7363004,9.650372],[-82.7357576,9.6499133],[-82.7352117,9.6494733],[-82.7347852,9.6490687]]},"properties":{"kind":"side_road","number":null,"name":null,"source_page":1,"registration":"manual_place_aligned","needs_confirmation":true}},{"type":"Feature","id":"pdf:side_road/4","geometry":{"type":"LineString","coordinates":[[-82.7379433,9.6515007],[-82.7367643,9.6508554],[-82.7361786,9.6504843],[-82.7356364,9.6500253],[-82.735091,9.6495851],[-82.7346645,9.6491805]]},"properties":{"kind":"side_road","number":null,"name":null,"source_page":1,"registration":"manual_place_aligned","needs_confirmation":true}},{"type":"Feature","id":"pdf:side_road/6","geometry":{"type":"LineString","coordinates":[[-82.7554965,9.6548345],[-82.7554511,9.6547812],[-82.7554355,9.6547216],[-82.7554425,9.6546663],[-82.7555461,9.654522]]},"properties":{"kind":"side_road","number":null,"name":null,"source_page":1,"registration":"manual_place_aligned","needs_confirmation":true}},{"type":"Feature","id":"pdf:side_road/7","geometry":{"type":"LineString","coordinates":[[-82.7568602,9.6560977],[-82.756224,9.6554866],[-82.7554965,9.6548345]]},"properties":{"kind":"side_road","number":null,"name":null,"source_page":1,"registration":"manual_place_aligned","needs_confirmation":true}},{"type":"Feature","id":"pdf:side_road/8","geometry":{"type":"LineString","coordinates":[[-82.7490044,9.6573299],[-82.7493508,9.6575294],[-82.7507251,9.6583444]]},"properties":{"kind":"side_road","number":null,"name":null,"source_page":1,"registration":"manual_place_aligned","needs_confirmation":true}},{"type":"Feature","id":"pdf:side_road/9","geometry":{"type":"LineString","coordinates":[[-82.7561844,9.6531393],[-82.7555648,9.6532178],[-82.7548794,9.6531167],[-82.7547077,9.6534547],[-82.7546194,9.6536556],[-82.7543962,9.6538543],[-82.7543181,9.6540456],[-82.7541179,9.6543811]]},"properties":{"kind":"side_road","number":null,"name":null,"source_page":1,"registration":"manual_place_aligned","needs_confirmation":true}},{"type":"Feature","id":"pdf:side_road/10","geometry":{"type":"LineString","coordinates":[[-82.7519186,9.657646],[-82.7520036,9.6575867],[-82.7522726,9.6574204],[-82.7524067,9.6573427],[-82.7527426,9.657115],[-82.7531341,9.6568231],[-82.7539174,9.656201],[-82.7542317,9.6559375],[-82.754724,9.6555339],[-82.7554965,9.6548345]]},"properties":{"kind":"side_road","number":null,"name":null,"source_page":1,"registration":"manual_place_aligned","needs_confirmation":true}},{"type":"Feature","id":"pdf:side_road/11","geometry":{"type":"LineString","coordinates":[[-82.7493508,9.6575294],[-82.7490318,9.6578325]]},"properties":{"kind":"side_road","number":null,"name":null,"source_page":1,"registration":"manual_place_aligned","needs_confirmation":true}},{"type":"Feature","id":"pdf:side_road/12","geometry":{"type":"LineString","coordinates":[[-82.7568602,9.6560977],[-82.756855,9.6559793],[-82.7568474,9.6558714],[-82.7568273,9.6557456],[-82.7567007,9.6552801],[-82.756521,9.6544833],[-82.7563646,9.6537896],[-82.7562414,9.6534549],[-82.7561844,9.6531393],[-82.756167,9.6530434]]},"properties":{"kind":"side_road","number":null,"name":null,"source_page":1,"registration":"manual_place_aligned","needs_confirmation":true}},{"type":"Feature","id":"pdf:side_road/13","geometry":{"type":"LineString","coordinates":[[-82.7524067,9.6573427],[-82.7519708,9.6568911]]},"properties":{"kind":"side_road","number":null,"name":null,"source_page":1,"registration":"manual_place_aligned","needs_confirmation":true}},{"type":"Feature","id":"pdf:side_road/14","geometry":{"type":"LineString","coordinates":[[-82.754724,9.6555339],[-82.7554622,9.6561565],[-82.7561683,9.6567552],[-82.7568563,9.657289]]},"properties":{"kind":"side_road","number":null,"name":null,"source_page":1,"registration":"manual_place_aligned","needs_confirmation":true}},{"type":"Feature","id":"pdf:side_road/15","geometry":{"type":"LineString","coordinates":[[-82.7563972,9.6582092],[-82.7563715,9.6581639],[-82.7561839,9.6580016],[-82.7554253,9.6574133],[-82.7546759,9.6568055],[-82.7539174,9.656201],[-82.7531941,9.6555683]]},"properties":{"kind":"side_road","number":null,"name":null,"source_page":1,"registration":"manual_place_aligned","needs_confirmation":true}},{"type":"Feature","id":"pdf:side_road/16","geometry":{"type":"LineString","coordinates":[[-82.7532518,9.6583874],[-82.7529505,9.6580974],[-82.7522726,9.6574204]]},"properties":{"kind":"side_road","number":null,"name":null,"source_page":1,"registration":"manual_place_aligned","needs_confirmation":true}},{"type":"Feature","id":"pdf:side_road/17","geometry":{"type":"LineString","coordinates":[[-82.7512063,9.6577439],[-82.7511643,9.6576787],[-82.7508649,9.6575011],[-82.7498607,9.6569695],[-82.7488288,9.6564148],[-82.7485905,9.6562734],[-82.7483199,9.6561286],[-82.7481315,9.6560318]]},"properties":{"kind":"side_road","number":null,"name":null,"source_page":1,"registration":"manual_place_aligned","needs_confirmation":true}},{"type":"Feature","id":"pdf:side_road/18","geometry":{"type":"LineString","coordinates":[[-82.7503124,9.6591993],[-82.7505909,9.6587814],[-82.7506561,9.6586048],[-82.7507236,9.6583974],[-82.7507251,9.6583444],[-82.7508318,9.6582128],[-82.7510056,9.6579906],[-82.7511769,9.6578203],[-82.7512063,9.6577439]]},"properties":{"kind":"side_road","number":null,"name":null,"source_page":1,"registration":"manual_place_aligned","needs_confirmation":true}},{"type":"Feature","id":"pdf:side_road/19","geometry":{"type":"LineString","coordinates":[[-82.7526508,9.6583036],[-82.7529729,9.6585908]]},"properties":{"kind":"side_road","number":null,"name":null,"source_page":1,"registration":"manual_place_aligned","needs_confirmation":true}},{"type":"Feature","id":"pdf:side_road/20","geometry":{"type":"LineString","coordinates":[[-82.7519186,9.657646],[-82.7515594,9.6578813],[-82.7513969,9.6580576],[-82.7512668,9.6582656],[-82.7508232,9.6591711]]},"properties":{"kind":"side_road","number":null,"name":null,"source_page":1,"registration":"manual_place_aligned","needs_confirmation":true}},{"type":"Feature","id":"pdf:side_road/21","geometry":{"type":"LineString","coordinates":[[-82.756224,9.6554866],[-82.7554622,9.6561565],[-82.7546759,9.6568055],[-82.7538826,9.6574183],[-82.7533506,9.6578218],[-82.7529505,9.6580974],[-82.7526508,9.6583036],[-82.7523026,9.6585414],[-82.7522418,9.6585997],[-82.7522115,9.6586801],[-82.752244,9.6590151]]},"properties":{"kind":"side_road","number":null,"name":null,"source_page":1,"registration":"manual_place_aligned","needs_confirmation":true}},{"type":"Feature","id":"pdf:side_road/22","geometry":{"type":"LineString","coordinates":[[-82.7519186,9.657646],[-82.7526508,9.6583036]]},"properties":{"kind":"side_road","number":null,"name":null,"source_page":1,"registration":"manual_place_aligned","needs_confirmation":true}},{"type":"Feature","id":"pdf:side_road/23","geometry":{"type":"LineString","coordinates":[[-82.7541179,9.6543811],[-82.7539828,9.6547027],[-82.7539813,9.6548129],[-82.7540386,9.6549372],[-82.7541139,9.6550171],[-82.7547239,9.6555339]]},"properties":{"kind":"side_road","number":null,"name":null,"source_page":1,"registration":"manual_place_aligned","needs_confirmation":true}},{"type":"Feature","id":"pdf:side_road/24","geometry":{"type":"LineString","coordinates":[[-82.7520036,9.6575867],[-82.7516983,9.6572378],[-82.7515463,9.6570534],[-82.751493,9.6569689],[-82.7513566,9.6567],[-82.7509967,9.655896],[-82.7508691,9.6556088]]},"properties":{"kind":"side_road","number":null,"name":null,"source_page":1,"registration":"manual_place_aligned","needs_confirmation":true}},{"type":"Feature","id":"pdf:side_road/25","geometry":{"type":"LineString","coordinates":[[-82.7515594,9.6578813],[-82.7519939,9.6582507]]},"properties":{"kind":"side_road","number":null,"name":null,"source_page":1,"registration":"manual_place_aligned","needs_confirmation":true}},{"type":"Feature","id":"pdf:side_road/26","geometry":{"type":"LineString","coordinates":[[-82.7560566,9.6585215],[-82.7558089,9.6583222]]},"properties":{"kind":"side_road","number":null,"name":null,"source_page":1,"registration":"manual_place_aligned","needs_confirmation":true}},{"type":"Feature","id":"pdf:side_road/27","geometry":{"type":"LineString","coordinates":[[-82.7556472,9.6586936],[-82.755706,9.6587058],[-82.7557641,9.658703],[-82.7558167,9.6586812],[-82.7560566,9.6585215],[-82.7563789,9.6582555],[-82.7563972,9.6582092]]},"properties":{"kind":"side_road","number":null,"name":null,"source_page":1,"registration":"manual_place_aligned","needs_confirmation":true}},{"type":"Feature","id":"pdf:side_road/28","geometry":{"type":"LineString","coordinates":[[-82.7513566,9.6567],[-82.7519233,9.6564538],[-82.7519918,9.6563837],[-82.7520069,9.6562976],[-82.7519684,9.656174],[-82.7519021,9.6561186],[-82.7517904,9.6560875],[-82.7510264,9.6559622]]},"properties":{"kind":"side_road","number":null,"name":null,"source_page":1,"registration":"manual_place_aligned","needs_confirmation":true}},{"type":"Feature","id":"pdf:side_road/29","geometry":{"type":"LineString","coordinates":[[-82.7569465,9.6570635],[-82.7569648,9.6569091],[-82.7569663,9.6567046],[-82.7569378,9.6563813],[-82.7569026,9.6562124],[-82.7568603,9.6560977]]},"properties":{"kind":"side_road","number":null,"name":null,"source_page":1,"registration":"manual_place_aligned","needs_confirmation":true}},{"type":"Feature","id":"pdf:side_road/30","geometry":{"type":"LineString","coordinates":[[-82.7554813,9.6585902],[-82.7558089,9.6583222],[-82.7561839,9.6580016],[-82.7567508,9.6574178],[-82.7568563,9.657289],[-82.7569185,9.6571651],[-82.7569465,9.6570635]]},"properties":{"kind":"side_road","number":null,"name":null,"source_page":1,"registration":"manual_place_aligned","needs_confirmation":true}},{"type":"Feature","id":"pdf:side_road/31","geometry":{"type":"LineString","coordinates":[[-82.7556472,9.6586936],[-82.7554813,9.6585902],[-82.754672,9.6580551],[-82.7538826,9.6574183],[-82.7531341,9.6568231],[-82.7525121,9.6562773]]},"properties":{"kind":"side_road","number":null,"name":null,"source_page":1,"registration":"manual_place_aligned","needs_confirmation":true}},{"type":"Feature","id":"pdf:side_road/32","geometry":{"type":"LineString","coordinates":[[-82.7471498,9.6571781],[-82.7474253,9.65721],[-82.7478927,9.6572566],[-82.7481838,9.6573737],[-82.748626,9.6576001],[-82.7490318,9.6578325],[-82.7497257,9.6582102],[-82.74976,9.6582546],[-82.7497504,9.6583023],[-82.7495253,9.6586965],[-82.7494061,9.6589339]]},"properties":{"kind":"side_road","number":null,"name":null,"source_page":1,"registration":"manual_place_aligned","needs_confirmation":true}},{"type":"Feature","id":"pdf:side_road/33","geometry":{"type":"LineString","coordinates":[[-82.756167,9.6530434],[-82.7562454,9.6524035]]},"properties":{"kind":"side_road","number":null,"name":null,"source_page":1,"registration":"manual_place_aligned","needs_confirmation":true}},{"type":"Feature","id":"pdf:side_road/34","geometry":{"type":"LineString","coordinates":[[-82.7555461,9.654522],[-82.7556866,9.6544271],[-82.7558515,9.6543597],[-82.7559732,9.6543252]]},"properties":{"kind":"side_road","number":null,"name":null,"source_page":1,"registration":"manual_place_aligned","needs_confirmation":true}},{"type":"Feature","id":"pdf:side_road/35","geometry":{"type":"LineString","coordinates":[[-82.7528373,9.6497911],[-82.752677,9.6501173],[-82.7526126,9.6503186],[-82.7526248,9.6503988],[-82.7527151,9.6506234],[-82.7528301,9.6508302],[-82.7531529,9.6512961],[-82.7533834,9.6517191],[-82.7535654,9.6520603],[-82.7535672,9.652063],[-82.7535721,9.6520707],[-82.7535796,9.6520825],[-82.7535889,9.6520976],[-82.7535996,9.6521154],[-82.753611,9.652135],[-82.7536224,9.6521557],[-82.7536334,9.6521767],[-82.7536431,9.6521971],[-82.7536512,9.6522164],[-82.7536568,9.6522335],[-82.7536595,9.6522479],[-82.7536601,9.6522617],[-82.7536601,9.6522778],[-82.7536596,9.6522954],[-82.7536587,9.652314],[-82.7536575,9.652333],[-82.7536561,9.6523515],[-82.7536547,9.652369],[-82.7536533,9.6523848],[-82.753652,9.6523982],[-82.7536509,9.6524087],[-82.7536502,9.6524154],[-82.75365,9.6524178],[-82.7536492,9.652421],[-82.7536472,9.6524299],[-82.7536442,9.6524434],[-82.7536403,9.6524603],[-82.7536358,9.6524797],[-82.7536311,9.6525004],[-82.7536263,9.6525214],[-82.7536216,9.6525414],[-82.7536173,9.6525595],[-82.7536137,9.6525746],[-82.753611,9.6525855],[-82.7536095,9.6525912],[-82.7536078,9.6525982],[-82.7536049,9.6526126],[-82.7536009,9.6526329],[-82.7535961,9.6526576],[-82.7535908,9.6526851],[-82.7535854,9.6527139],[-82.75358,9.6527424],[-82.753575,9.6527692],[-82.7535705,9.6527927],[-82.753567,9.6528114],[-82.7535647,9.6528237],[-82.7535639,9.6528282],[-82.7535278,9.6531349],[-82.7535267,9.6531404],[-82.7535238,9.6531557],[-82.7535195,9.6531793],[-82.7535143,9.6532096],[-82.7535086,9.6532448],[-82.753503,9.6532835],[-82.7534978,9.653324],[-82.7534936,9.6533646],[-82.7534909,9.6534037],[-82.75349,9.6534398],[-82.7534915,9.6534713],[-82.7534958,9.6534964],[-82.7535031,9.6535167],[-82.7535144,9.6535409],[-82.7535289,9.6535679],[-82.7535456,9.6535965],[-82.7535637,9.6536257],[-82.7535823,9.6536545],[-82.7536004,9.6536818],[-82.7536172,9.6537065],[-82.7536319,9.6537276],[-82.7536434,9.6537439],[-82.753651,9.6537545],[-82.7536537,9.6537583],[-82.7538776,9.6539674],[-82.7540678,9.6542136],[-82.7541179,9.6543811]]},"properties":{"kind":"side_road","number":null,"name":null,"source_page":1,"registration":"manual_place_aligned","needs_confirmation":true}},{"type":"Feature","id":"pdf:side_road/36","geometry":{"type":"LineString","coordinates":[[-82.7555461,9.654522],[-82.7555858,9.6543738],[-82.7556056,9.6543108],[-82.7556251,9.6542657]]},"properties":{"kind":"side_road","number":null,"name":null,"source_page":1,"registration":"manual_place_aligned","needs_confirmation":true}},{"type":"Feature","id":"pdf:side_road/37","geometry":{"type":"LineString","coordinates":[[-82.7550107,9.652891],[-82.7548794,9.6531167]]},"properties":{"kind":"side_road","number":null,"name":null,"source_page":1,"registration":"manual_place_aligned","needs_confirmation":true}},{"type":"Feature","id":"pdf:side_road/38","geometry":{"type":"LineString","coordinates":[[-82.7452129,9.654994],[-82.7457952,9.6552237],[-82.7463743,9.6554517],[-82.7464162,9.6554895],[-82.7462497,9.6559884],[-82.7462643,9.6560425],[-82.7462883,9.6560758],[-82.7464811,9.6561501],[-82.7466827,9.656248],[-82.746719,9.6562943],[-82.7467423,9.6563524],[-82.7467147,9.6569723],[-82.7467179,9.6570435],[-82.7467486,9.6570789],[-82.7468243,9.6571044],[-82.7471769,9.6571813]]},"properties":{"kind":"side_road","number":null,"name":null,"source_page":1,"registration":"manual_place_aligned","needs_confirmation":true}},{"type":"Feature","id":"pdf:side_road/39","geometry":{"type":"LineString","coordinates":[[-82.7459814,9.657543],[-82.7462245,9.6572389],[-82.7462181,9.6572096],[-82.7460051,9.6570406],[-82.7459922,9.6570029],[-82.746418,9.6566463],[-82.746424,9.6566051],[-82.7461478,9.6563646]]},"properties":{"kind":"side_road","number":null,"name":null,"source_page":1,"registration":"manual_place_aligned","needs_confirmation":true}},{"type":"Feature","id":"pdf:side_road/40","geometry":{"type":"LineString","coordinates":[[-82.7414132,9.6544619],[-82.7414244,9.654457],[-82.741456,9.6544432],[-82.7415046,9.654422],[-82.741567,9.654395],[-82.7416401,9.6543638],[-82.7417207,9.6543298],[-82.7418054,9.6542946],[-82.7418912,9.6542597],[-82.7419748,9.6542267],[-82.7420529,9.6541971],[-82.7421223,9.6541723],[-82.7421799,9.6541541],[-82.7422221,9.654143],[-82.7422704,9.6541318],[-82.7423234,9.6541207],[-82.7423801,9.6541094],[-82.7424391,9.654098],[-82.7424993,9.6540865],[-82.7425593,9.6540747],[-82.7426181,9.6540627],[-82.7426742,9.6540505],[-82.7427266,9.6540379],[-82.742774,9.6540249],[-82.7428151,9.6540116],[-82.7428329,9.6540045],[-82.742854,9.6539949],[-82.7428776,9.6539835],[-82.7429026,9.6539707],[-82.7429283,9.6539573],[-82.7429535,9.6539436],[-82.7429776,9.6539303],[-82.7429994,9.6539181],[-82.7430181,9.6539073],[-82.7430328,9.6538987],[-82.7430426,9.6538928],[-82.7430465,9.6538901],[-82.7430499,9.653885],[-82.7430585,9.6538722],[-82.743071,9.6538529],[-82.7430866,9.6538284],[-82.7431041,9.6537999],[-82.7431225,9.6537686],[-82.7431409,9.6537356],[-82.7431581,9.6537023],[-82.7431733,9.6536698],[-82.7431853,9.6536394],[-82.7431931,9.6536123],[-82.7431958,9.6535896],[-82.7431941,9.6535737],[-82.7431899,9.6535559],[-82.7431834,9.6535369],[-82.743175,9.6535168],[-82.7431649,9.6534963],[-82.7431536,9.6534755],[-82.7431414,9.653455],[-82.7431286,9.6534352],[-82.7431156,9.6534164],[-82.7431026,9.6533991],[-82.7430901,9.6533837],[-82.7430783,9.6533705],[-82.7430653,9.6533579],[-82.7430495,9.6533444],[-82.7430313,9.6533303],[-82.7430113,9.6533158],[-82.7429899,9.6533011],[-82.7429676,9.6532867],[-82.7429449,9.6532726],[-82.7429221,9.6532591],[-82.7428999,9.6532465],[-82.7428787,9.6532351],[-82.7428588,9.6532252],[-82.7428409,9.6532168],[-82.7428201,9.6532086],[-82.7427937,9.6531998],[-82.7427633,9.6531906],[-82.7427301,9.6531812],[-82.7426956,9.653172],[-82.7426612,9.6531632],[-82.7426283,9.653155],[-82.7425983,9.6531477],[-82.7425725,9.6531416],[-82.7425523,9.6531369],[-82.7425392,9.6531339],[-82.7425345,9.6531328]]},"properties":{"kind":"side_road","number":null,"name":null,"source_page":1,"registration":"manual_place_aligned","needs_confirmation":true}},{"type":"Feature","id":"pdf:side_road/41","geometry":{"type":"LineString","coordinates":[[-82.7457952,9.6552237],[-82.7454911,9.6557528],[-82.7454899,9.6557549],[-82.7454865,9.6557605],[-82.7454813,9.6557692],[-82.7454743,9.6557802],[-82.745466,9.6557929],[-82.7454566,9.6558067],[-82.7454464,9.6558208],[-82.7454357,9.6558347],[-82.7454246,9.6558477],[-82.7454136,9.6558591],[-82.7454028,9.6558684],[-82.7453926,9.6558747],[-82.7453855,9.6558771],[-82.7453762,9.6558787],[-82.7453653,9.6558795],[-82.7453533,9.6558797],[-82.7453408,9.6558794],[-82.7453283,9.6558787],[-82.7453163,9.6558779],[-82.7453052,9.6558769],[-82.7452958,9.6558759],[-82.7452883,9.655875],[-82.7452835,9.6558744],[-82.7452818,9.6558742],[-82.7448622,9.6558152],[-82.7446968,9.6557661],[-82.7446942,9.6557654],[-82.7446871,9.6557635],[-82.7446763,9.6557606],[-82.7446627,9.6557567],[-82.7446472,9.6557521],[-82.7446306,9.655747],[-82.7446139,9.6557414],[-82.7445979,9.6557355],[-82.7445836,9.6557296],[-82.7445717,9.6557237],[-82.7445631,9.655718],[-82.7445589,9.6557127],[-82.744558,9.6557069],[-82.7445589,9.6557002],[-82.7445612,9.6556928],[-82.7445646,9.6556849],[-82.7445688,9.655677],[-82.7445736,9.6556691],[-82.7445784,9.6556617],[-82.7445831,9.655655],[-82.7445873,9.6556492],[-82.7445908,9.6556448],[-82.744593,9.6556419],[-82.7445939,9.6556409],[-82.7450583,9.6550097],[-82.7452129,9.654994]]},"properties":{"kind":"side_road","number":null,"name":null,"source_page":1,"registration":"manual_place_aligned","needs_confirmation":true}},{"type":"Feature","id":"pdf:side_road/42","geometry":{"type":"LineString","coordinates":[[-82.7505793,9.6573499],[-82.750823,9.6571163],[-82.7489949,9.6557526]]},"properties":{"kind":"side_road","number":null,"name":null,"source_page":1,"registration":"manual_place_aligned","needs_confirmation":true}},{"type":"Feature","id":"pdf:side_road/43","geometry":{"type":"LineString","coordinates":[[-82.7464166,9.6554894],[-82.7465353,9.6550375]]},"properties":{"kind":"side_road","number":null,"name":null,"source_page":1,"registration":"manual_place_aligned","needs_confirmation":true}},{"type":"Feature","id":"pdf:side_road/44","geometry":{"type":"LineString","coordinates":[[-82.7430465,9.6538901],[-82.7430543,9.6538865],[-82.7430762,9.6538765],[-82.74311,9.6538612],[-82.7431533,9.6538415],[-82.743204,9.6538185],[-82.7432598,9.6537933],[-82.7433183,9.653767],[-82.7433773,9.6537405],[-82.7434346,9.6537149],[-82.7434878,9.6536913],[-82.7435348,9.6536707],[-82.7435732,9.6536542],[-82.7436058,9.6536407],[-82.743646,9.6536244],[-82.7436918,9.6536059],[-82.7437412,9.6535862],[-82.7437923,9.653566],[-82.7438431,9.6535459],[-82.7438915,9.6535269],[-82.7439355,9.6535096],[-82.7439733,9.6534948],[-82.7440027,9.6534833],[-82.7440218,9.6534759],[-82.7440286,9.6534732],[-82.7440348,9.6534706],[-82.7440523,9.6534631],[-82.7440791,9.6534517],[-82.7441136,9.6534371],[-82.7441539,9.65342],[-82.7441982,9.6534012],[-82.7442446,9.6533815],[-82.7442915,9.6533617],[-82.7443369,9.6533426],[-82.7443791,9.6533249],[-82.7444162,9.6533093],[-82.7444465,9.6532968],[-82.744483,9.6532826],[-82.7445248,9.6532676],[-82.744571,9.6532517],[-82.7446203,9.653235],[-82.7446714,9.6532176],[-82.7447233,9.6531996],[-82.7447746,9.6531811],[-82.7448243,9.6531621],[-82.7448711,9.6531426],[-82.7449137,9.6531229],[-82.7449511,9.6531029],[-82.7449821,9.6530828],[-82.7449849,9.6530804],[-82.7449877,9.6530776],[-82.7449905,9.6530744],[-82.7449934,9.6530708],[-82.7449962,9.6530671],[-82.7449989,9.6530631],[-82.7450015,9.6530592],[-82.745004,9.6530552],[-82.7450064,9.6530514],[-82.7450086,9.6530478],[-82.7450105,9.6530445],[-82.7450123,9.6530416],[-82.7450248,9.6530217],[-82.7450393,9.6529991],[-82.7450551,9.6529743],[-82.7450718,9.6529479],[-82.7450887,9.6529203],[-82.7451052,9.6528921],[-82.7451208,9.6528637],[-82.7451349,9.6528357],[-82.7451468,9.6528085],[-82.7451561,9.6527826],[-82.745162,9.6527586],[-82.7451641,9.652737],[-82.7451615,9.6527161],[-82.7451544,9.6526909],[-82.7451437,9.6526627],[-82.7451303,9.6526326],[-82.7451151,9.6526018],[-82.745099,9.6525713],[-82.7450829,9.6525424],[-82.7450677,9.6525162],[-82.7450543,9.6524938],[-82.7450436,9.6524764],[-82.7450366,9.6524651],[-82.745034,9.6524611],[-82.744927,9.6521662],[-82.7449258,9.6521621],[-82.7449225,9.6521505],[-82.7449177,9.6521326],[-82.7449116,9.6521096],[-82.7449048,9.6520827],[-82.7448977,9.6520532],[-82.7448907,9.6520222],[-82.7448843,9.6519909],[-82.744879,9.6519605],[-82.7448751,9.6519323],[-82.7448732,9.6519074],[-82.7448736,9.6518871],[-82.7448805,9.6518479],[-82.7448936,9.6518003],[-82.7449116,9.6517466],[-82.7449332,9.651689],[-82.7449572,9.6516298],[-82.7449822,9.6515712],[-82.7450069,9.6515155],[-82.74503,9.6514648],[-82.7450503,9.6514215],[-82.7450664,9.6513877],[-82.745077,9.6513659],[-82.7450809,9.6513581],[-82.7454263,9.6507168],[-82.7454336,9.6507065],[-82.7454542,9.6506775],[-82.7454856,9.6506327],[-82.7455259,9.6505752],[-82.7455727,9.650508],[-82.7456238,9.6504339],[-82.745677,9.6503561],[-82.7457301,9.6502774],[-82.7457808,9.6502008],[-82.745827,9.6501295],[-82.7458664,9.6500662],[-82.7458969,9.6500141],[-82.7459171,9.6499774],[-82.7459397,9.6499357],[-82.745964,9.6498901],[-82.7459893,9.6498414],[-82.7460149,9.6497906],[-82.7460402,9.6497386],[-82.7460645,9.6496864],[-82.7460869,9.649635],[-82.746107,9.6495851],[-82.7461239,9.6495379],[-82.746137,9.6494943],[-82.7461456,9.6494551],[-82.7461476,9.6494291],[-82.7461464,9.6493997],[-82.7461424,9.6493676],[-82.7461366,9.6493334],[-82.7461296,9.6492979],[-82.7461221,9.6492618],[-82.7461149,9.6492257],[-82.7461086,9.6491902],[-82.746104,9.6491562],[-82.7461019,9.6491242],[-82.7461028,9.649095],[-82.7461076,9.6490693],[-82.7461216,9.6490268],[-82.7461406,9.6489784],[-82.7461643,9.6489256],[-82.7461921,9.6488699],[-82.7462238,9.6488129],[-82.7462587,9.6487564],[-82.7462965,9.6487017],[-82.7463368,9.6486506],[-82.7463792,9.6486046],[-82.7464231,9.6485653],[-82.7464683,9.6485343],[-82.7465141,9.6485131],[-82.746552,9.6485053],[-82.746595,9.6485046],[-82.7466422,9.6485099],[-82.7466926,9.64852],[-82.7467451,9.6485338],[-82.7467988,9.6485501],[-82.7468527,9.6485678],[-82.7469057,9.6485856],[-82.746957,9.6486024],[-82.7470054,9.6486171],[-82.74705,9.6486285],[-82.7470897,9.6486355],[-82.7471253,9.6486384],[-82.7471661,9.6486396],[-82.7472109,9.6486391],[-82.7472587,9.648637],[-82.7473083,9.6486333],[-82.7473588,9.6486282],[-82.7474089,9.6486215],[-82.7474576,9.6486135],[-82.7475038,9.6486041],[-82.7475465,9.6485934],[-82.7475845,9.6485814],[-82.7476167,9.6485683],[-82.7476935,9.6485231],[-82.7477781,9.6484586],[-82.7478677,9.6483792],[-82.7479595,9.6482892],[-82.7480509,9.6481932],[-82.7481389,9.6480955],[-82.7482209,9.6480006],[-82.7482942,9.6479129],[-82.7483559,9.647837],[-82.7484034,9.6477772],[-82.7484339,9.6477381],[-82.7484447,9.647724]]},"properties":{"kind":"side_road","number":null,"name":null,"source_page":1,"registration":"manual_place_aligned","needs_confirmation":true}},{"type":"Feature","id":"pdf:side_road/45","geometry":{"type":"LineString","coordinates":[[-82.7378037,9.6513423],[-82.7378072,9.6513397],[-82.737817,9.6513325],[-82.737832,9.6513215],[-82.7378514,9.6513074],[-82.737874,9.651291],[-82.737899,9.651273],[-82.7379253,9.6512542],[-82.7379519,9.6512355],[-82.7379779,9.6512174],[-82.7380021,9.6512009],[-82.7380237,9.6511866],[-82.7380416,9.6511754],[-82.738055,9.6511677],[-82.7380717,9.6511587],[-82.7380909,9.6511486],[-82.7381117,9.651138],[-82.7381332,9.6511271],[-82.7381547,9.6511164],[-82.7381752,9.6511063],[-82.7381939,9.6510971],[-82.7382099,9.6510893],[-82.7382224,9.6510833],[-82.7382306,9.6510793],[-82.7382335,9.6510779],[-82.7382368,9.651078],[-82.7382461,9.651078],[-82.7382603,9.6510781],[-82.7382786,9.6510782],[-82.7383,9.6510783],[-82.7383236,9.6510785],[-82.7383483,9.6510787],[-82.7383732,9.6510789],[-82.7383973,9.6510792],[-82.7384197,9.6510796],[-82.7384394,9.65108],[-82.7384554,9.6510804],[-82.738471,9.651081],[-82.7384886,9.6510818],[-82.7385077,9.6510828],[-82.7385281,9.6510839],[-82.7385493,9.6510851],[-82.7385708,9.6510863],[-82.7385924,9.6510877],[-82.7386136,9.651089],[-82.738634,9.6510903],[-82.7386532,9.6510916],[-82.7386708,9.6510928],[-82.7386863,9.6510939],[-82.7387087,9.6510958],[-82.7387339,9.6510984],[-82.7387614,9.6511014],[-82.7387906,9.6511047],[-82.738821,9.6511082],[-82.738852,9.6511117],[-82.7388831,9.651115],[-82.7389136,9.651118],[-82.738943,9.6511204],[-82.7389707,9.6511222],[-82.7389962,9.6511232],[-82.7390188,9.6511231],[-82.7390406,9.6511221],[-82.7390652,9.6511203],[-82.739092,9.6511177],[-82.7391205,9.6511145],[-82.7391501,9.6511108],[-82.7391802,9.6511066],[-82.7392103,9.6511021],[-82.7392398,9.6510973],[-82.7392681,9.6510923],[-82.7392947,9.6510873],[-82.7393189,9.6510823],[-82.7393403,9.6510775],[-82.7393566,9.6510738],[-82.7393754,9.6510698],[-82.7393963,9.6510655],[-82.7394185,9.6510607],[-82.7394415,9.6510554],[-82.7394645,9.6510495],[-82.7394869,9.651043],[-82.7395082,9.6510358],[-82.7395277,9.6510279],[-82.7395448,9.6510192],[-82.7395588,9.6510096],[-82.7395691,9.6509991]]},"properties":{"kind":"side_road","number":null,"name":null,"source_page":1,"registration":"manual_place_aligned","needs_confirmation":true}},{"type":"Feature","id":"pdf:side_road/46","geometry":{"type":"LineString","coordinates":[[-82.7382657,9.6510804],[-82.7381996,9.65085],[-82.7380912,9.6505503]]},"properties":{"kind":"side_road","number":null,"name":null,"source_page":1,"registration":"manual_place_aligned","needs_confirmation":true}},{"type":"Feature","id":"pdf:side_road/47","geometry":{"type":"LineString","coordinates":[[-82.7364131,9.6490852],[-82.7364171,9.6490862],[-82.7364282,9.649089],[-82.7364453,9.6490932],[-82.7364673,9.6490985],[-82.736493,9.6491046],[-82.7365213,9.649111],[-82.736551,9.6491175],[-82.7365811,9.6491236],[-82.7366103,9.649129],[-82.7366375,9.6491335],[-82.7366616,9.6491365],[-82.7366815,9.6491378],[-82.7367035,9.6491374],[-82.7367284,9.6491355],[-82.7367556,9.6491323],[-82.7367845,9.6491279],[-82.7368144,9.6491225],[-82.7368449,9.6491163],[-82.7368752,9.6491094],[-82.7369049,9.649102],[-82.7369333,9.6490943],[-82.7369598,9.6490865],[-82.7369839,9.6490787],[-82.7370049,9.6490712],[-82.7370216,9.6490643],[-82.7370402,9.6490559],[-82.7370602,9.6490462],[-82.7370812,9.6490353],[-82.7371028,9.6490235],[-82.7371245,9.6490112],[-82.737146,9.6489984],[-82.7371668,9.6489855],[-82.7371865,9.6489726],[-82.7372046,9.64896],[-82.7372207,9.648948],[-82.7372344,9.6489368],[-82.7372504,9.6489216],[-82.7372682,9.6489027],[-82.7372874,9.6488812],[-82.7373078,9.648858],[-82.7373291,9.6488343],[-82.7373511,9.6488108],[-82.7373735,9.6487888],[-82.737396,9.6487691],[-82.7374184,9.6487528],[-82.7374403,9.6487409],[-82.7374615,9.6487343],[-82.7374818,9.6487341],[-82.737515,9.6487467],[-82.7375446,9.6487712],[-82.7375715,9.6488051],[-82.7375963,9.6488461],[-82.7376197,9.6488921],[-82.7376424,9.6489406],[-82.737665,9.6489894],[-82.7376882,9.6490362],[-82.7377127,9.6490787],[-82.7377391,9.6491145],[-82.7377683,9.6491414],[-82.7378007,9.6491571],[-82.7378146,9.6491589],[-82.7378303,9.649158],[-82.7378476,9.6491546],[-82.7378661,9.6491494],[-82.7378853,9.6491428],[-82.737905,9.6491353],[-82.7379248,9.6491273],[-82.7379442,9.6491194],[-82.737963,9.649112],[-82.7379807,9.6491057],[-82.7379971,9.6491008],[-82.7380117,9.6490979],[-82.7380319,9.6490962],[-82.7380567,9.6490954],[-82.738085,9.6490952],[-82.7381155,9.6490957],[-82.7381469,9.6490966],[-82.7381782,9.6490979],[-82.738208,9.6490993],[-82.7382351,9.6491007],[-82.7382584,9.6491021],[-82.7382765,9.6491032],[-82.7382882,9.649104],[-82.7382924,9.6491043],[-82.7382966,9.6491044],[-82.7383084,9.6491047],[-82.7383265,9.6491051],[-82.7383498,9.6491057],[-82.7383769,9.6491066],[-82.7384067,9.6491077],[-82.738438,9.649109],[-82.7384694,9.6491105],[-82.7384999,9.6491123],[-82.7385281,9.6491143],[-82.7385528,9.6491166],[-82.7385728,9.6491193],[-82.7385808,9.6491208],[-82.7385904,9.649123],[-82.7386012,9.6491258],[-82.7386129,9.6491289],[-82.7386249,9.6491323],[-82.7386368,9.6491357],[-82.738648,9.6491391],[-82.7386583,9.6491421],[-82.7386671,9.6491448],[-82.7386739,9.6491469],[-82.7386784,9.6491483],[-82.7386799,9.6491488]]},"properties":{"kind":"side_road","number":null,"name":null,"source_page":1,"registration":"manual_place_aligned","needs_confirmation":true}},{"type":"Feature","id":"pdf:side_road/48","geometry":{"type":"LineString","coordinates":[[-82.7384248,9.6494279],[-82.7385139,9.6496839],[-82.7386429,9.6498845],[-82.7373133,9.6508133]]},"properties":{"kind":"side_road","number":null,"name":null,"source_page":1,"registration":"manual_place_aligned","needs_confirmation":true}},{"type":"Feature","id":"pdf:side_road/49","geometry":{"type":"LineString","coordinates":[[-82.7389678,9.6496526],[-82.7389619,9.6496553],[-82.7389456,9.649663],[-82.7389208,9.6496751],[-82.7388898,9.6496908],[-82.7388544,9.6497096],[-82.7388169,9.6497308],[-82.7387792,9.6497538],[-82.7387434,9.6497779],[-82.7387116,9.6498024],[-82.7386857,9.6498268],[-82.7386679,9.6498504],[-82.7386601,9.6498725],[-82.7386613,9.6498844],[-82.7386666,9.6498965],[-82.7386753,9.6499088],[-82.738687,9.649921],[-82.7387008,9.6499331],[-82.7387163,9.6499449],[-82.7387327,9.6499564],[-82.7387495,9.6499674],[-82.7387659,9.6499777],[-82.7387813,9.6499872],[-82.7387952,9.6499959],[-82.7388068,9.6500037],[-82.7388165,9.6500106],[-82.7388277,9.6500187],[-82.7388399,9.6500276],[-82.7388531,9.650037],[-82.7388669,9.6500465],[-82.7388813,9.6500558],[-82.7388958,9.6500646],[-82.7389104,9.6500725],[-82.7389248,9.6500792],[-82.7389388,9.6500843],[-82.738952,9.6500876],[-82.7389644,9.6500887],[-82.738974,9.6500875],[-82.738985,9.6500841],[-82.738997,9.6500792],[-82.7390098,9.6500731],[-82.7390229,9.6500662],[-82.739036,9.6500591],[-82.7390485,9.6500521],[-82.7390603,9.6500456],[-82.7390707,9.6500402],[-82.7390795,9.6500363],[-82.7390864,9.6500343],[-82.7390908,9.6500346],[-82.7391004,9.6500393],[-82.7391216,9.6500493],[-82.7391522,9.6500635],[-82.73919,9.6500809],[-82.7392326,9.6501003],[-82.7392778,9.6501207],[-82.7393233,9.6501409],[-82.7393669,9.6501599],[-82.7394062,9.6501766],[-82.7394389,9.6501899],[-82.7394627,9.6501987],[-82.7394753,9.650202],[-82.739488,9.6502009],[-82.7395017,9.6501972],[-82.7395164,9.6501914],[-82.7395317,9.650184],[-82.7395475,9.6501756],[-82.7395635,9.6501665],[-82.7395795,9.6501573],[-82.7395953,9.6501486],[-82.7396106,9.6501408],[-82.7396253,9.6501344],[-82.7396391,9.6501299],[-82.7396519,9.6501278],[-82.7396658,9.65013],[-82.7396853,9.650137],[-82.7397093,9.650148],[-82.7397367,9.6501621],[-82.7397664,9.6501783],[-82.7397973,9.6501956],[-82.7398282,9.6502132],[-82.7398579,9.65023],[-82.7398854,9.6502453],[-82.7399096,9.650258],[-82.7399291,9.6502673],[-82.739943,9.6502722],[-82.7399629,9.6502744],[-82.739993,9.6502751],[-82.7400314,9.6502744],[-82.740076,9.6502726],[-82.7401248,9.6502698],[-82.7401757,9.6502663],[-82.7402266,9.6502624],[-82.7402756,9.6502582],[-82.7403206,9.650254],[-82.7403594,9.6502499],[-82.7403901,9.6502464],[-82.7404105,9.6502434],[-82.7404439,9.6502348],[-82.7404863,9.6502193],[-82.740536,9.650198],[-82.7405913,9.6501718],[-82.7406504,9.6501418],[-82.7407116,9.6501089],[-82.7407732,9.6500743],[-82.7408336,9.6500388],[-82.740891,9.6500036],[-82.7409436,9.6499696],[-82.7409898,9.6499378],[-82.7410278,9.6499093],[-82.7410601,9.649882],[-82.7410968,9.6498483],[-82.7411367,9.6498097],[-82.7411785,9.6497676],[-82.7412211,9.6497235],[-82.7412631,9.6496789],[-82.7413035,9.6496351],[-82.7413409,9.6495937],[-82.7413741,9.6495561],[-82.7414019,9.6495237],[-82.7414231,9.649498],[-82.7414364,9.6494805],[-82.7414661,9.6494371],[-82.7414989,9.6493878],[-82.7415343,9.6493338],[-82.7415716,9.6492763],[-82.74161,9.6492163],[-82.741649,9.6491551],[-82.7416878,9.6490939],[-82.7417258,9.6490337],[-82.7417624,9.6489757],[-82.7417968,9.6489212],[-82.7418284,9.6488712],[-82.7418565,9.648827],[-82.7418725,9.6488017],[-82.7418905,9.648773],[-82.7419101,9.6487417],[-82.7419309,9.6487085],[-82.7419525,9.6486739],[-82.7419746,9.6486386],[-82.7419967,9.6486034],[-82.7420184,9.6485689],[-82.7420394,9.6485356],[-82.7420594,9.6485045],[-82.7420778,9.648476],[-82.7420944,9.6484508],[-82.7421184,9.6484159],[-82.7421463,9.6483768],[-82.7421774,9.6483345],[-82.7422108,9.6482895],[-82.7422456,9.6482429],[-82.7422809,9.6481953],[-82.7423158,9.6481476],[-82.7423496,9.6481006],[-82.7423814,9.6480551],[-82.7424103,9.6480118],[-82.7424354,9.6479716],[-82.7424559,9.6479352],[-82.7424773,9.6478914],[-82.7424997,9.6478408],[-82.7425233,9.647785],[-82.7425481,9.6477254],[-82.7425743,9.6476637],[-82.7426019,9.6476013],[-82.7426312,9.6475399],[-82.7426621,9.647481],[-82.7426947,9.6474261],[-82.7427292,9.6473768],[-82.7427657,9.6473347],[-82.7428043,9.6473012],[-82.7428343,9.6472832],[-82.7428707,9.647267],[-82.7429125,9.6472526],[-82.7429583,9.6472397],[-82.7430071,9.6472282],[-82.7430577,9.647218],[-82.7431089,9.6472089],[-82.7431595,9.6472008],[-82.7432084,9.6471935],[-82.7432544,9.6471869],[-82.7432963,9.6471808],[-82.743333,9.6471751],[-82.7433659,9.6471698],[-82.7434033,9.647164],[-82.7434441,9.647158],[-82.7434876,9.647152],[-82.7435329,9.6471462],[-82.7435791,9.6471408],[-82.7436252,9.647136],[-82.7436706,9.6471321],[-82.7437141,9.6471293],[-82.7437551,9.6471277],[-82.7437925,9.6471277],[-82.7438255,9.6471294],[-82.7438477,9.6471324],[-82.7438738,9.6471376],[-82.7439028,9.6471448],[-82.7439336,9.6471534],[-82.7439652,9.6471631],[-82.7439965,9.6471734],[-82.7440265,9.6471841],[-82.744054,9.6471947],[-82.744078,9.6472048],[-82.7440974,9.6472141],[-82.7441111,9.647222],[-82.7441181,9.6472283],[-82.7441221,9.6472362],[-82.7441271,9.6472487],[-82.7441329,9.6472649],[-82.7441393,9.6472842],[-82.7441461,9.6473058],[-82.7441529,9.6473289],[-82.7441595,9.6473528],[-82.7441657,9.6473768],[-82.7441711,9.6474],[-82.7441755,9.6474217],[-82.7441787,9.6474413],[-82.7441804,9.6474578],[-82.744181,9.6474831],[-82.7441802,9.6475116],[-82.7441783,9.6475428],[-82.7441754,9.647576],[-82.7441716,9.6476104],[-82.7441672,9.6476455],[-82.7441622,9.6476806],[-82.7441569,9.6477151],[-82.7441513,9.6477482],[-82.7441457,9.6477793],[-82.7441403,9.6478077],[-82.744135,9.6478328],[-82.7441316,9.6478487],[-82.7441275,9.6478667],[-82.7441229,9.6478863],[-82.7441178,9.6479072],[-82.7441122,9.6479288],[-82.7441061,9.6479508],[-82.7440997,9.6479726],[-82.7440928,9.6479939],[-82.7440856,9.6480142],[-82.744078,9.6480331],[-82.7440701,9.6480502],[-82.744062,9.6480649],[-82.7440458,9.6480883],[-82.7440255,9.6481137],[-82.7440017,9.6481405],[-82.7439751,9.6481684],[-82.7439466,9.6481969],[-82.7439168,9.6482255],[-82.7438865,9.6482539],[-82.7438564,9.6482817],[-82.7438274,9.6483082],[-82.7438001,9.6483332],[-82.7437752,9.6483562],[-82.7437537,9.6483768],[-82.7437445,9.6483854],[-82.7437339,9.6483949],[-82.7437222,9.6484053],[-82.7437096,9.6484162],[-82.7436965,9.6484275],[-82.7436833,9.6484391],[-82.7436702,9.6484508],[-82.7436575,9.6484624],[-82.7436456,9.6484737],[-82.7436348,9.6484845],[-82.7436254,9.6484948],[-82.7436177,9.6485042]]},"properties":{"kind":"side_road","number":null,"name":null,"source_page":1,"registration":"manual_place_aligned","needs_confirmation":true}},{"type":"Feature","id":"pdf:side_road/50","geometry":{"type":"LineString","coordinates":[[-82.742394,9.6467513],[-82.7423985,9.6467526],[-82.7424111,9.6467565],[-82.7424303,9.6467626],[-82.7424548,9.6467705],[-82.7424831,9.6467801],[-82.7425139,9.6467911],[-82.7425456,9.6468031],[-82.742577,9.6468159],[-82.7426066,9.6468292],[-82.742633,9.6468426],[-82.7426547,9.646856],[-82.7426703,9.646869],[-82.7426901,9.6468956],[-82.7427085,9.6469309],[-82.7427255,9.6469728],[-82.7427411,9.6470193],[-82.7427552,9.6470682],[-82.7427677,9.6471174],[-82.7427785,9.6471648],[-82.7427875,9.6472083],[-82.7427947,9.6472458],[-82.7428,9.6472752],[-82.7428032,9.6472944],[-82.7428043,9.6473012]]},"properties":{"kind":"side_road","number":null,"name":null,"source_page":1,"registration":"manual_place_aligned","needs_confirmation":true}},{"type":"Feature","id":"pdf:side_road/51","geometry":{"type":"LineString","coordinates":[[-82.7365471,9.6482579],[-82.7369129,9.6481869],[-82.7369169,9.6481864],[-82.7369284,9.6481849],[-82.7369459,9.6481825],[-82.7369685,9.6481793],[-82.7369947,9.6481753],[-82.7370235,9.6481707],[-82.7370536,9.6481656],[-82.7370838,9.6481599],[-82.7371129,9.648154],[-82.7371397,9.6481477],[-82.737163,9.6481412],[-82.7371816,9.6481347],[-82.7372327,9.6481099],[-82.7372931,9.6480753],[-82.7373599,9.6480331],[-82.7374308,9.6479857],[-82.7375031,9.6479352],[-82.7375742,9.6478841],[-82.7376415,9.6478345],[-82.7377024,9.6477888],[-82.7377543,9.6477492],[-82.7377946,9.6477181],[-82.7378207,9.6476978],[-82.73783,9.6476905],[-82.7383579,9.6473291]]},"properties":{"kind":"side_road","number":null,"name":null,"source_page":1,"registration":"manual_place_aligned","needs_confirmation":true}},{"type":"Feature","id":"pdf:side_road/52","geometry":{"type":"LineString","coordinates":[[-82.7409235,9.6443731],[-82.7406708,9.6446327],[-82.7401687,9.6450919],[-82.7395313,9.6456744],[-82.7375441,9.6474285],[-82.7375354,9.6474356],[-82.7375111,9.6474558],[-82.7374741,9.6474871],[-82.7374269,9.6475274],[-82.7373725,9.6475749],[-82.7373136,9.6476276],[-82.7372528,9.6476835],[-82.7371931,9.6477408],[-82.737137,9.6477973],[-82.7370874,9.6478513],[-82.737047,9.6479007],[-82.7370185,9.6479436],[-82.7370113,9.6479593],[-82.7370047,9.6479793],[-82.7369987,9.6480023],[-82.7369932,9.6480274],[-82.7369882,9.6480535],[-82.7369839,9.6480795],[-82.7369802,9.6481045],[-82.7369771,9.6481272],[-82.7369746,9.6481468],[-82.7369729,9.6481621],[-82.7369718,9.648172],[-82.7369714,9.6481756]]},"properties":{"kind":"side_road","number":null,"name":null,"source_page":1,"registration":"manual_place_aligned","needs_confirmation":true}},{"type":"Feature","id":"pdf:side_road/53","geometry":{"type":"LineString","coordinates":[[-82.7397713,9.6446863],[-82.7397808,9.644692],[-82.7398069,9.6447081],[-82.7398458,9.644733],[-82.7398939,9.6447652],[-82.7399476,9.644803],[-82.7400031,9.6448448],[-82.7400567,9.6448891],[-82.7401048,9.6449343],[-82.7401438,9.6449787],[-82.7401698,9.6450209],[-82.7401793,9.6450591],[-82.7401687,9.6450919]]},"properties":{"kind":"side_road","number":null,"name":null,"source_page":1,"registration":"manual_place_aligned","needs_confirmation":true}},{"type":"Feature","id":"pdf:side_road/54","geometry":{"type":"LineString","coordinates":[[-82.7397713,9.6446863],[-82.7393471,9.644497]]},"properties":{"kind":"side_road","number":null,"name":null,"source_page":1,"registration":"manual_place_aligned","needs_confirmation":true}},{"type":"Feature","id":"pdf:side_road/55","geometry":{"type":"LineString","coordinates":[[-82.7372753,9.6476918],[-82.7366193,9.647011],[-82.7364056,9.6471808]]},"properties":{"kind":"side_road","number":null,"name":null,"source_page":1,"registration":"manual_place_aligned","needs_confirmation":true}},{"type":"Feature","id":"pdf:side_road/56","geometry":{"type":"LineString","coordinates":[[-82.7380756,9.6458564],[-82.7366193,9.647011]]},"properties":{"kind":"side_road","number":null,"name":null,"source_page":1,"registration":"manual_place_aligned","needs_confirmation":true}},{"type":"Feature","id":"pdf:side_road/57","geometry":{"type":"LineString","coordinates":[[-82.7356356,9.6461146],[-82.735639,9.646107],[-82.7356485,9.6460858],[-82.7356631,9.646053],[-82.7356817,9.646011],[-82.7357033,9.645962],[-82.7357269,9.645908],[-82.7357515,9.6458513],[-82.735776,9.6457942],[-82.7357994,9.6457387],[-82.7358207,9.6456871],[-82.7358388,9.6456416],[-82.7358528,9.6456043],[-82.7358631,9.6455753],[-82.7358747,9.6455426],[-82.7358871,9.6455068],[-82.7359,9.6454687],[-82.7359131,9.645429],[-82.7359259,9.6453885],[-82.7359383,9.6453479],[-82.7359497,9.645308],[-82.7359598,9.6452695],[-82.7359683,9.6452332],[-82.7359749,9.6451997],[-82.7359791,9.6451699],[-82.7359806,9.6451488],[-82.7359807,9.6451249],[-82.7359799,9.6450988],[-82.7359782,9.6450712],[-82.7359758,9.6450425],[-82.7359729,9.6450132],[-82.7359697,9.644984],[-82.7359664,9.6449553],[-82.7359631,9.6449276],[-82.7359601,9.6449017],[-82.7359576,9.6448779],[-82.7359557,9.6448568],[-82.7359547,9.6448457],[-82.7359533,9.6448332],[-82.7359516,9.6448196],[-82.7359498,9.6448052],[-82.7359479,9.6447901],[-82.7359461,9.6447748],[-82.7359445,9.6447595],[-82.7359432,9.6447445],[-82.7359422,9.64473],[-82.7359417,9.6447164],[-82.7359419,9.6447039],[-82.7359428,9.6446929],[-82.7359485,9.6446611],[-82.7359583,9.6446225],[-82.7359711,9.6445788],[-82.7359863,9.6445319],[-82.7360028,9.6444837],[-82.73602,9.644436],[-82.7360368,9.6443905],[-82.7360525,9.6443493],[-82.7360662,9.644314],[-82.736077,9.6442865],[-82.7360841,9.6442687],[-82.7360867,9.6442623],[-82.7360881,9.644258],[-82.7360922,9.6442458],[-82.7360986,9.6442272],[-82.7361071,9.6442033],[-82.7361173,9.6441756],[-82.7361289,9.6441454],[-82.7361415,9.6441139],[-82.736155,9.6440824],[-82.7361689,9.6440523],[-82.736183,9.644025],[-82.7361969,9.6440016],[-82.7362104,9.6439835],[-82.7362348,9.6439596],[-82.7362678,9.6439329],[-82.7363075,9.6439042],[-82.7363517,9.6438746],[-82.7363984,9.6438449],[-82.7364455,9.6438161],[-82.7364911,9.6437892],[-82.7365329,9.643765],[-82.7365691,9.6437446],[-82.7365974,9.6437288],[-82.7366159,9.6437187],[-82.7366226,9.6437151],[-82.7366285,9.6437109],[-82.7366449,9.643699],[-82.7366703,9.6436807],[-82.7367027,9.6436571],[-82.7367405,9.6436295],[-82.7367818,9.643599],[-82.736825,9.6435668],[-82.7368682,9.6435341],[-82.7369097,9.6435022],[-82.7369478,9.6434721],[-82.7369807,9.6434452],[-82.7370067,9.6434225],[-82.7370285,9.6434009],[-82.7370516,9.6433755],[-82.7370759,9.643347],[-82.7371011,9.6433163],[-82.7371269,9.6432841],[-82.7371532,9.6432513],[-82.7371797,9.6432187],[-82.7372063,9.6431872],[-82.7372326,9.6431575],[-82.7372584,9.6431304],[-82.7372836,9.6431068],[-82.737308,9.6430874],[-82.737329,9.6430737],[-82.7373538,9.6430594],[-82.7373818,9.6430449],[-82.7374121,9.6430303],[-82.7374441,9.6430158],[-82.7374772,9.6430016],[-82.7375106,9.642988],[-82.7375436,9.642975],[-82.7375756,9.6429629],[-82.7376059,9.6429519],[-82.7376338,9.6429423],[-82.7376586,9.6429341],[-82.7376844,9.6429263],[-82.737714,9.6429183],[-82.7377464,9.6429101],[-82.7377809,9.6429016],[-82.7378169,9.642893],[-82.7378535,9.642884],[-82.7378899,9.6428749],[-82.7379255,9.6428655],[-82.7379595,9.6428559],[-82.737991,9.642846],[-82.7380194,9.6428359],[-82.7380439,9.6428256],[-82.7380685,9.6428126],[-82.7380975,9.6427949],[-82.7381295,9.6427736],[-82.7381634,9.6427499],[-82.7381978,9.6427248],[-82.7382317,9.6426995],[-82.7382637,9.6426751],[-82.7382927,9.6426526],[-82.7383174,9.6426332],[-82.7383365,9.6426179],[-82.7383489,9.642608],[-82.7383533,9.6426044]]},"properties":{"kind":"side_road","number":null,"name":null,"source_page":1,"registration":"manual_place_aligned","needs_confirmation":true}},{"type":"Feature","id":"pdf:side_road/58","geometry":{"type":"LineString","coordinates":[[-82.7369545,9.6449158],[-82.7359557,9.6448568]]},"properties":{"kind":"side_road","number":null,"name":null,"source_page":1,"registration":"manual_place_aligned","needs_confirmation":true}},{"type":"Feature","id":"pdf:side_road/59","geometry":{"type":"LineString","coordinates":[[-82.7376975,9.6441489],[-82.7362104,9.6439835]]},"properties":{"kind":"side_road","number":null,"name":null,"source_page":1,"registration":"manual_place_aligned","needs_confirmation":true}},{"type":"Feature","id":"pdf:side_road/60","geometry":{"type":"LineString","coordinates":[[-82.7359428,9.6446929],[-82.7354454,9.6445944]]},"properties":{"kind":"side_road","number":null,"name":null,"source_page":1,"registration":"manual_place_aligned","needs_confirmation":true}},{"type":"Feature","id":"pdf:side_road/61","geometry":{"type":"LineString","coordinates":[[-82.7358743,9.6455305],[-82.7365101,9.6457647]]},"properties":{"kind":"side_road","number":null,"name":null,"source_page":1,"registration":"manual_place_aligned","needs_confirmation":true}},{"type":"Feature","id":"pdf:side_road/62","geometry":{"type":"LineString","coordinates":[[-82.7341491,9.6450227],[-82.7351183,9.6437917]]},"properties":{"kind":"side_road","number":null,"name":null,"source_page":1,"registration":"manual_place_aligned","needs_confirmation":true}},{"type":"Feature","id":"pdf:side_road/63","geometry":{"type":"LineString","coordinates":[[-82.7337937,9.6448416],[-82.7337978,9.6448372],[-82.7338094,9.6448247],[-82.7338272,9.6448055],[-82.7338498,9.6447808],[-82.733876,9.6447519],[-82.7339045,9.6447199],[-82.733934,9.6446862],[-82.7339632,9.644652],[-82.7339909,9.6446185],[-82.7340157,9.644587],[-82.7340364,9.6445588],[-82.7340516,9.6445351],[-82.73406,9.6445191],[-82.7340684,9.6445007],[-82.7340766,9.6444804],[-82.7340847,9.6444585],[-82.7340926,9.6444357],[-82.7341003,9.6444123],[-82.7341076,9.6443889],[-82.7341146,9.6443658],[-82.7341211,9.6443435],[-82.7341271,9.6443225],[-82.7341327,9.6443034],[-82.7341376,9.6442864],[-82.7341445,9.6442617],[-82.7341515,9.6442336],[-82.7341587,9.6442029],[-82.734166,9.6441702],[-82.7341734,9.6441362],[-82.7341809,9.6441016],[-82.7341886,9.644067],[-82.7341964,9.6440331],[-82.7342044,9.6440006],[-82.7342124,9.6439701],[-82.7342206,9.6439423],[-82.7342288,9.6439179],[-82.7342403,9.6438881],[-82.7342541,9.6438547],[-82.7342698,9.6438184],[-82.7342872,9.64378],[-82.7343058,9.6437402],[-82.7343253,9.6436999],[-82.7343454,9.6436597],[-82.7343657,9.6436206],[-82.7343859,9.6435831],[-82.7344057,9.6435482],[-82.7344246,9.6435165],[-82.7344424,9.6434888],[-82.7344642,9.6434587],[-82.7344928,9.6434227],[-82.7345265,9.6433823],[-82.7345637,9.6433393],[-82.7346027,9.6432951],[-82.7346418,9.6432516],[-82.7346795,9.6432103],[-82.734714,9.6431728],[-82.7347437,9.6431408],[-82.734767,9.6431159],[-82.7347821,9.6430997],[-82.7347876,9.643094]]},"properties":{"kind":"side_road","number":null,"name":null,"source_page":1,"registration":"manual_place_aligned","needs_confirmation":true}},{"type":"Feature","id":"pdf:side_road/64","geometry":{"type":"LineString","coordinates":[[-82.7328988,9.6448391],[-82.7328941,9.6448239],[-82.7328812,9.6447812],[-82.7328613,9.6447155],[-82.732836,9.6446311],[-82.7328066,9.6445326],[-82.7327745,9.6444244],[-82.7327413,9.6443108],[-82.7327083,9.6441962],[-82.7326771,9.6440851],[-82.7326492,9.6439818],[-82.7326262,9.6438908],[-82.7326094,9.6438164],[-82.7326034,9.6437815],[-82.7325981,9.6437419],[-82.7325933,9.6436986],[-82.732589,9.6436525],[-82.732585,9.6436046],[-82.7325809,9.6435557],[-82.7325767,9.6435069],[-82.7325723,9.643459],[-82.7325673,9.643413],[-82.7325617,9.6433699],[-82.7325552,9.6433305],[-82.7325477,9.6432959],[-82.7325354,9.6432576],[-82.7325175,9.6432149],[-82.7324954,9.6431688],[-82.7324704,9.64312],[-82.7324438,9.6430695],[-82.732417,9.6430181],[-82.7323914,9.6429666],[-82.7323684,9.642916],[-82.7323492,9.642867],[-82.7323353,9.6428206],[-82.732328,9.6427775],[-82.7323288,9.6427387],[-82.7323373,9.6427051],[-82.732353,9.6426687],[-82.7323749,9.6426301],[-82.7324016,9.64259],[-82.7324321,9.6425489],[-82.7324652,9.6425077],[-82.7324998,9.6424668],[-82.7325347,9.6424271],[-82.7325688,9.642389],[-82.732601,9.6423532],[-82.73263,9.6423205],[-82.7326547,9.6422914],[-82.7326919,9.6422465],[-82.7327344,9.6421961],[-82.7327813,9.6421413],[-82.7328316,9.6420834],[-82.7328845,9.6420235],[-82.7329389,9.6419628],[-82.732994,9.6419024],[-82.7330488,9.6418437],[-82.7331023,9.6417878],[-82.7331538,9.6417358],[-82.7332022,9.641689],[-82.7332466,9.6416486],[-82.7332719,9.6416277],[-82.733304,9.6416029],[-82.7333414,9.6415753],[-82.7333822,9.6415461],[-82.7334247,9.6415162],[-82.7334671,9.6414868],[-82.7335078,9.6414589],[-82.733545,9.6414337],[-82.7335769,9.6414122],[-82.7336018,9.6413955],[-82.7336181,9.6413847],[-82.7336239,9.6413809],[-82.7336304,9.6413767],[-82.7336488,9.6413649],[-82.7336771,9.6413468],[-82.7337132,9.6413234],[-82.7337552,9.6412959],[-82.7338012,9.6412656],[-82.733849,9.6412335],[-82.7338969,9.6412008],[-82.7339427,9.6411688],[-82.7339846,9.6411385],[-82.7340206,9.6411111],[-82.7340486,9.6410878],[-82.7340722,9.6410653],[-82.7340997,9.6410367],[-82.73413,9.6410035],[-82.7341618,9.6409672],[-82.7341942,9.6409295],[-82.7342258,9.6408918],[-82.7342557,9.6408557],[-82.7342827,9.6408228],[-82.7343057,9.6407944],[-82.7343235,9.6407723],[-82.734335,9.6407579],[-82.7343391,9.6407527]]},"properties":{"kind":"side_road","number":null,"name":null,"source_page":1,"registration":"manual_place_aligned","needs_confirmation":true}},{"type":"Feature","id":"pdf:side_road/65","geometry":{"type":"LineString","coordinates":[[-82.7321522,9.6426404],[-82.7321572,9.6426537],[-82.732168,9.6426694],[-82.7321834,9.642687],[-82.7322022,9.6427056],[-82.7322232,9.6427245],[-82.7322453,9.6427432],[-82.7322672,9.6427609],[-82.7322878,9.642777],[-82.7323058,9.6427906],[-82.7323202,9.6428012],[-82.7323297,9.6428081],[-82.7323331,9.6428106]]},"properties":{"kind":"side_road","number":null,"name":null,"source_page":1,"registration":"manual_place_aligned","needs_confirmation":true}},{"type":"Feature","id":"pdf:side_road/66","geometry":{"type":"LineString","coordinates":[[-82.732015,9.6406182],[-82.7321105,9.641008],[-82.7321138,9.6415077],[-82.7321127,9.641517],[-82.7321097,9.6415431],[-82.7321052,9.6415832],[-82.7320997,9.6416348],[-82.7320935,9.641695],[-82.732087,9.6417612],[-82.7320808,9.6418306],[-82.7320752,9.6419005],[-82.7320707,9.6419683],[-82.7320676,9.6420312],[-82.7320665,9.6420865],[-82.7320677,9.6421316],[-82.7320703,9.6421552],[-82.7320755,9.6421918],[-82.7320827,9.6422385],[-82.7320916,9.6422924],[-82.7321014,9.6423506],[-82.7321116,9.6424103],[-82.7321218,9.6424687],[-82.7321313,9.6425229],[-82.7321397,9.64257],[-82.7321463,9.6426072],[-82.7321507,9.6426316],[-82.7321522,9.6426404]]},"properties":{"kind":"side_road","number":null,"name":null,"source_page":1,"registration":"manual_place_aligned","needs_confirmation":true}},{"type":"Feature","id":"pdf:side_road/67","geometry":{"type":"LineString","coordinates":[[-82.7316218,9.6396007],[-82.7316202,9.639605],[-82.7316158,9.6396172],[-82.7316091,9.639636],[-82.7316008,9.6396602],[-82.7315916,9.6396884],[-82.731582,9.6397194],[-82.7315726,9.6397519],[-82.7315641,9.6397847],[-82.7315571,9.6398164],[-82.7315522,9.639846],[-82.73155,9.639872],[-82.7315512,9.6398931],[-82.7315557,9.639911],[-82.7315631,9.6399305],[-82.7315731,9.6399514],[-82.7315851,9.6399733],[-82.7315988,9.6399958],[-82.7316136,9.6400185],[-82.731629,9.6400409],[-82.7316447,9.6400628],[-82.7316602,9.6400838],[-82.7316749,9.6401034],[-82.7316885,9.6401212],[-82.7317005,9.6401369],[-82.7317185,9.6401598],[-82.7317398,9.6401851],[-82.7317635,9.6402126],[-82.731789,9.6402416],[-82.7318157,9.6402717],[-82.7318426,9.6403024],[-82.7318693,9.6403333],[-82.7318949,9.6403638],[-82.7319187,9.6403935],[-82.7319401,9.6404218],[-82.7319583,9.6404484],[-82.7319726,9.6404727],[-82.731978,9.6404845],[-82.7319835,9.6404993],[-82.7319891,9.6405163],[-82.7319946,9.6405347],[-82.7319998,9.6405538],[-82.7320048,9.6405729],[-82.7320093,9.6405911],[-82.7320132,9.6406077],[-82.7320164,9.6406219],[-82.7320189,9.6406331],[-82.7320205,9.6406403],[-82.732021,9.6406429]]},"properties":{"kind":"side_road","number":null,"name":null,"source_page":1,"registration":"manual_place_aligned","needs_confirmation":true}},{"type":"Feature","id":"pdf:side_road/68","geometry":{"type":"LineString","coordinates":[[-82.7337666,9.6412885],[-82.7330751,9.6409761]]},"properties":{"kind":"side_road","number":null,"name":null,"source_page":1,"registration":"manual_place_aligned","needs_confirmation":true}},{"type":"Feature","id":"pdf:side_road/69","geometry":{"type":"LineString","coordinates":[[-82.7305415,9.6451204],[-82.7309365,9.6441107]]},"properties":{"kind":"side_road","number":null,"name":null,"source_page":1,"registration":"manual_place_aligned","needs_confirmation":true}},{"type":"Feature","id":"pdf:side_road/70","geometry":{"type":"LineString","coordinates":[[-82.7294334,9.6437996],[-82.7294288,9.6438056],[-82.729416,9.6438224],[-82.7293959,9.6438479],[-82.7293698,9.6438804],[-82.7293388,9.6439179],[-82.729304,9.6439584],[-82.7292666,9.6440001],[-82.7292277,9.6440411],[-82.7291885,9.6440794],[-82.7291501,9.6441132],[-82.7291136,9.6441405],[-82.7290801,9.6441594],[-82.7290647,9.6441646],[-82.7290464,9.644168],[-82.7290257,9.6441701],[-82.7290032,9.6441712],[-82.7289795,9.6441715],[-82.7289552,9.6441715],[-82.728931,9.6441715],[-82.7289072,9.6441718],[-82.7288847,9.6441728],[-82.7288639,9.6441748],[-82.7288454,9.6441781],[-82.7288299,9.6441831],[-82.7288035,9.6441973],[-82.7287743,9.6442179],[-82.7287433,9.6442433],[-82.7287115,9.6442722],[-82.7286798,9.6443031],[-82.7286492,9.6443346],[-82.7286207,9.6443652],[-82.7285952,9.6443935],[-82.7285737,9.644418],[-82.7285571,9.6444373],[-82.7285465,9.6444499],[-82.7285427,9.6444545],[-82.7284226,9.6445993]]},"properties":{"kind":"side_road","number":null,"name":null,"source_page":1,"registration":"manual_place_aligned","needs_confirmation":true}},{"type":"Feature","id":"pdf:side_road/71","geometry":{"type":"LineString","coordinates":[[-82.7307911,9.6419445],[-82.7307855,9.6419506],[-82.7307696,9.6419679],[-82.7307451,9.6419945],[-82.7307135,9.6420285],[-82.7306764,9.6420681],[-82.7306355,9.6421115],[-82.7305922,9.6421569],[-82.7305483,9.6422024],[-82.7305052,9.6422461],[-82.7304646,9.6422863],[-82.7304281,9.6423212],[-82.7303972,9.6423488],[-82.7303695,9.6423716],[-82.7303375,9.6423967],[-82.7303019,9.6424237],[-82.7302635,9.6424519],[-82.7302232,9.6424809],[-82.7301817,9.6425102],[-82.7301399,9.6425392],[-82.7300986,9.6425673],[-82.7300585,9.6425942],[-82.7300205,9.6426191],[-82.7299853,9.6426417],[-82.7299539,9.6426614],[-82.7299157,9.642684],[-82.7298718,9.6427087],[-82.7298233,9.642735],[-82.7297713,9.6427625],[-82.729717,9.6427908],[-82.7296615,9.6428194],[-82.7296059,9.6428479],[-82.7295513,9.642876],[-82.7294989,9.6429031],[-82.7294499,9.6429289],[-82.7294053,9.642953],[-82.7293663,9.6429748],[-82.729314,9.6430049],[-82.7292549,9.6430388],[-82.7291906,9.643076],[-82.7291224,9.6431157],[-82.7290517,9.6431573],[-82.7289801,9.6432],[-82.728909,9.6432432],[-82.7288398,9.6432861],[-82.728774,9.6433281],[-82.7287131,9.6433685],[-82.7286585,9.6434066],[-82.7286117,9.6434416],[-82.7285843,9.6434642],[-82.7285546,9.6434905],[-82.7285232,9.6435199],[-82.7284905,9.6435516],[-82.7284571,9.6435849],[-82.7284235,9.6436192],[-82.7283902,9.6436537],[-82.7283578,9.6436877],[-82.7283267,9.6437204],[-82.7282974,9.6437513],[-82.7282706,9.6437796],[-82.7282467,9.6438045],[-82.7282249,9.6438273],[-82.7281982,9.6438555],[-82.7281681,9.6438876],[-82.7281357,9.6439223],[-82.7281024,9.6439582],[-82.7280694,9.6439938],[-82.728038,9.6440278],[-82.7280095,9.6440587],[-82.727985,9.6440852],[-82.727966,9.6441058],[-82.7279537,9.6441193],[-82.7279493,9.644124],[-82.7278063,9.6442789]]},"properties":{"kind":"side_road","number":null,"name":null,"source_page":1,"registration":"manual_place_aligned","needs_confirmation":true}},{"type":"Feature","id":"pdf:side_road/72","geometry":{"type":"LineString","coordinates":[[-82.7294572,9.6386021],[-82.7294561,9.6386093],[-82.7294527,9.6386295],[-82.7294472,9.6386604],[-82.7294395,9.6386998],[-82.7294297,9.6387455],[-82.7294178,9.6387953],[-82.7294039,9.6388469],[-82.7293879,9.6388982],[-82.72937,9.638947],[-82.7293501,9.6389909],[-82.7293283,9.6390278],[-82.7293046,9.6390555],[-82.7292928,9.6390646],[-82.729278,9.6390734],[-82.7292607,9.6390819],[-82.7292413,9.6390901],[-82.7292205,9.6390978],[-82.7291988,9.6391049],[-82.7291766,9.6391115],[-82.7291545,9.6391174],[-82.729133,9.6391225],[-82.7291126,9.6391269],[-82.729094,9.6391303],[-82.7290774,9.6391328],[-82.7290365,9.6391369],[-82.7289899,9.6391393],[-82.7289389,9.6391401],[-82.7288845,9.6391394],[-82.728828,9.6391374],[-82.7287705,9.6391341],[-82.7287131,9.6391298],[-82.7286569,9.6391244],[-82.7286031,9.6391181],[-82.7285528,9.639111],[-82.7285072,9.6391033],[-82.7284674,9.639095],[-82.7284463,9.6390887],[-82.7284235,9.6390795],[-82.7283994,9.639068],[-82.7283742,9.639055],[-82.7283483,9.639041],[-82.728322,9.6390267],[-82.7282956,9.6390127],[-82.7282694,9.6389995],[-82.7282438,9.6389879],[-82.7282192,9.6389784],[-82.7281957,9.6389717],[-82.7281738,9.6389685],[-82.7281612,9.6389684],[-82.728147,9.6389697],[-82.7281317,9.6389721],[-82.7281156,9.6389755],[-82.7280989,9.6389797],[-82.728082,9.6389846],[-82.7280652,9.6389898],[-82.7280489,9.6389954],[-82.7280333,9.639001],[-82.7280188,9.6390066],[-82.7280058,9.6390119],[-82.7279945,9.6390167],[-82.727975,9.6390266],[-82.7279542,9.639039],[-82.7279324,9.6390534],[-82.7279097,9.6390695],[-82.7278866,9.6390865],[-82.7278631,9.6391041],[-82.7278397,9.6391217],[-82.7278165,9.6391388],[-82.7277938,9.6391548],[-82.727772,9.6391692],[-82.7277511,9.6391816],[-82.7277316,9.6391913],[-82.7277067,9.639201],[-82.7276753,9.6392112],[-82.727639,9.6392218],[-82.7275994,9.6392325],[-82.7275582,9.6392429],[-82.7275171,9.6392529],[-82.7274778,9.639262],[-82.7274419,9.6392702],[-82.7274111,9.639277],[-82.727387,9.6392822],[-82.7273713,9.6392855],[-82.7273657,9.6392867],[-82.72737,9.6392903],[-82.7273819,9.6393003],[-82.7274002,9.6393159],[-82.7274236,9.6393359],[-82.7274508,9.6393593],[-82.7274807,9.6393851],[-82.7275118,9.6394122],[-82.727543,9.6394397],[-82.7275731,9.6394665],[-82.7276006,9.6394915],[-82.7276244,9.6395138],[-82.7276432,9.6395323],[-82.7276677,9.6395578],[-82.727695,9.6395868],[-82.7277244,9.6396186],[-82.7277553,9.6396527],[-82.7277869,9.6396884],[-82.7278186,9.639725],[-82.7278498,9.6397619],[-82.7278797,9.6397984],[-82.7279078,9.6398338],[-82.7279333,9.6398675],[-82.7279555,9.6398989],[-82.7279739,9.6399273],[-82.7279944,9.6399629],[-82.7280161,9.6400037],[-82.7280385,9.6400487],[-82.7280611,9.6400968],[-82.7280836,9.6401472],[-82.7281054,9.6401989],[-82.728126,9.6402508],[-82.7281452,9.640302],[-82.7281624,9.6403515],[-82.7281771,9.6403983],[-82.728189,9.6404415],[-82.7281976,9.64048],[-82.7282082,9.6405494],[-82.7282157,9.6406281],[-82.7282206,9.6407142],[-82.7282229,9.6408059],[-82.728223,9.6409014],[-82.728221,9.6409988],[-82.7282174,9.6410962],[-82.7282122,9.6411918],[-82.7282057,9.6412838],[-82.7281982,9.6413703],[-82.7281899,9.6414494],[-82.7281812,9.6415193],[-82.7281728,9.641568],[-82.7281602,9.6416268],[-82.7281443,9.6416932],[-82.7281259,9.6417645],[-82.7281061,9.6418381],[-82.7280856,9.6419112],[-82.7280654,9.6419813],[-82.7280465,9.6420457],[-82.7280297,9.6421017],[-82.7280159,9.6421468],[-82.7280061,9.6421782],[-82.7280011,9.6421933],[-82.7279998,9.6422037],[-82.7280002,9.6422222],[-82.7280018,9.6422472],[-82.7280045,9.6422776],[-82.7280078,9.6423119],[-82.7280115,9.642349],[-82.7280152,9.6423874],[-82.7280187,9.6424259],[-82.7280216,9.6424632],[-82.7280236,9.6424979],[-82.7280244,9.6425287],[-82.7280237,9.6425543],[-82.7280192,9.6425973],[-82.7280118,9.6426457],[-82.7280018,9.6426984],[-82.7279897,9.6427542],[-82.7279761,9.6428122],[-82.7279613,9.6428712],[-82.7279459,9.6429301],[-82.7279302,9.6429878],[-82.7279148,9.6430434],[-82.7279001,9.6430956],[-82.7278866,9.6431434],[-82.7278746,9.6431858],[-82.7278586,9.6432412],[-82.7278378,9.6433091],[-82.7278136,9.6433862],[-82.7277871,9.6434692],[-82.7277594,9.6435548],[-82.7277316,9.6436397],[-82.727705,9.6437206],[-82.7276806,9.6437941],[-82.7276596,9.6438571],[-82.7276432,9.6439062],[-82.7276325,9.6439381],[-82.7276287,9.6439494],[-82.7275685,9.6441254]]},"properties":{"kind":"side_road","number":null,"name":null,"source_page":1,"registration":"manual_place_aligned","needs_confirmation":true}},{"type":"Feature","id":"pdf:side_road/73","geometry":{"type":"LineString","coordinates":[[-82.7267515,9.6387001],[-82.7267576,9.638705],[-82.7267747,9.638719],[-82.7268009,9.6387404],[-82.7268345,9.6387681],[-82.7268737,9.6388004],[-82.7269165,9.638836],[-82.7269613,9.6388735],[-82.7270061,9.6389115],[-82.7270493,9.6389485],[-82.7270889,9.6389832],[-82.7271231,9.639014],[-82.7271502,9.6390397],[-82.7271669,9.6390568],[-82.7271868,9.6390783],[-82.7272089,9.639103],[-82.7272325,9.6391297],[-82.7272565,9.6391575],[-82.7272802,9.6391851],[-82.7273027,9.6392116],[-82.7273231,9.6392356],[-82.7273404,9.6392563],[-82.7273539,9.6392724],[-82.7273626,9.6392829],[-82.7273657,9.6392867]]},"properties":{"kind":"side_road","number":null,"name":null,"source_page":1,"registration":"manual_place_aligned","needs_confirmation":true}},{"type":"Feature","id":"pdf:side_road/74","geometry":{"type":"LineString","coordinates":[[-82.7268421,9.6428041],[-82.7265837,9.6436237],[-82.7265319,9.6437949]]},"properties":{"kind":"side_road","number":null,"name":null,"source_page":1,"registration":"manual_place_aligned","needs_confirmation":true}},{"type":"Feature","id":"pdf:side_road/75","geometry":{"type":"LineString","coordinates":[[-82.7239904,9.6422716],[-82.7240048,9.6425185],[-82.7240499,9.6432881],[-82.7240724,9.6433824]]},"properties":{"kind":"side_road","number":null,"name":null,"source_page":1,"registration":"manual_place_aligned","needs_confirmation":true}},{"type":"Feature","id":"pdf:side_road/76","geometry":{"type":"LineString","coordinates":[[-82.7247001,9.6424045],[-82.7240048,9.6425185]]},"properties":{"kind":"side_road","number":null,"name":null,"source_page":1,"registration":"manual_place_aligned","needs_confirmation":true}},{"type":"Feature","id":"pdf:side_road/77","geometry":{"type":"LineString","coordinates":[[-82.6622568,9.6324118],[-82.6622393,9.6324053],[-82.6621901,9.6323867],[-82.662114,9.6323572],[-82.662016,9.632318],[-82.6619007,9.6322702],[-82.6617733,9.6322156],[-82.6616387,9.6321559],[-82.6615024,9.6320939],[-82.6613698,9.6320324],[-82.6612462,9.6319745],[-82.6611373,9.6319234],[-82.6610484,9.6318819],[-82.6609546,9.6318388],[-82.6608487,9.6317911],[-82.6607334,9.6317402],[-82.6606112,9.6316878],[-82.6604849,9.6316356],[-82.6603571,9.6315849],[-82.6602303,9.6315372],[-82.6601069,9.6314933],[-82.6599893,9.6314539],[-82.6598796,9.6314193],[-82.6597799,9.6313893],[-82.6596921,9.6313636],[-82.6596226,9.631343],[-82.6595448,9.6313199],[-82.6594605,9.6312951],[-82.6593714,9.6312698],[-82.6592794,9.6312446],[-82.6591862,9.6312204],[-82.6590935,9.6311979],[-82.659003,9.6311776],[-82.6589164,9.63116],[-82.6588352,9.6311456],[-82.6587611,9.6311349],[-82.6586957,9.631128],[-82.6586197,9.6311235],[-82.6585348,9.6311214],[-82.6584429,9.6311221],[-82.6583462,9.6311257],[-82.6582467,9.6311324],[-82.6581464,9.631142],[-82.658047,9.6311543],[-82.6579505,9.6311688],[-82.6578588,9.6311852],[-82.6577735,9.6312028],[-82.6576966,9.6312212],[-82.6576298,9.6312397],[-82.6575643,9.6312616],[-82.657493,9.6312898],[-82.6574172,9.6313232],[-82.6573382,9.631361],[-82.6572572,9.6314022],[-82.6571756,9.6314457],[-82.6570946,9.6314903],[-82.6570154,9.6315347],[-82.6569391,9.6315779],[-82.656867,9.6316184],[-82.6568002,9.6316549],[-82.65674,9.6316863],[-82.6566616,9.6317237],[-82.6565636,9.6317677],[-82.656451,9.6318167],[-82.6563289,9.6318688],[-82.6562024,9.6319223],[-82.6560765,9.6319751],[-82.6559563,9.6320253],[-82.6558467,9.632071],[-82.6557527,9.63211],[-82.6556794,9.6321404],[-82.6556318,9.6321601],[-82.6556148,9.6321671],[-82.655322,9.6313971]]},"properties":{"kind":"side_road","number":null,"name":null,"source_page":1,"registration":"manual_place_aligned","needs_confirmation":true}},{"type":"Feature","id":"pdf:side_road/78","geometry":{"type":"LineString","coordinates":[[-82.6567318,9.6335162],[-82.6559467,9.6326605],[-82.6556148,9.6321671]]},"properties":{"kind":"side_road","number":null,"name":null,"source_page":1,"registration":"manual_place_aligned","needs_confirmation":true}},{"type":"Feature","id":"pdf:side_road/79","geometry":{"type":"LineString","coordinates":[[-82.6555007,9.6333176],[-82.6562803,9.6330223]]},"properties":{"kind":"side_road","number":null,"name":null,"source_page":1,"registration":"manual_place_aligned","needs_confirmation":true}},{"type":"Feature","id":"pdf:side_road/80","geometry":{"type":"LineString","coordinates":[[-82.6598279,9.6314013],[-82.6598897,9.6316602],[-82.6583496,9.6316525],[-82.6580093,9.6316886],[-82.6566849,9.6322925],[-82.6559467,9.6326605],[-82.655937,9.6326651],[-82.65591,9.6326779],[-82.6558685,9.6326977],[-82.6558154,9.6327234],[-82.6557537,9.6327536],[-82.6556861,9.6327872],[-82.6556157,9.6328229],[-82.6555452,9.6328595],[-82.6554776,9.6328956],[-82.6554158,9.6329301],[-82.6553626,9.6329616],[-82.655321,9.6329889],[-82.6552963,9.6330063],[-82.6552681,9.6330263],[-82.6552374,9.6330485],[-82.6552051,9.6330725],[-82.6551723,9.633098],[-82.6551399,9.6331244],[-82.655109,9.6331515],[-82.6550805,9.6331787],[-82.6550555,9.6332057],[-82.655035,9.6332321],[-82.6550199,9.6332574],[-82.6550113,9.6332812],[-82.6550095,9.6333303],[-82.6550218,9.6333891],[-82.6550453,9.633455],[-82.6550776,9.6335253],[-82.6551159,9.6335974],[-82.6551577,9.6336687],[-82.6552003,9.6337364],[-82.6552411,9.633798],[-82.6552775,9.6338506],[-82.6553067,9.6338915],[-82.6553262,9.633918],[-82.6553333,9.6339275]]},"properties":{"kind":"side_road","number":null,"name":null,"source_page":1,"registration":"manual_place_aligned","needs_confirmation":true}},{"type":"Feature","id":"pdf:side_road/81","geometry":{"type":"LineString","coordinates":[[-82.6582103,9.6314026],[-82.6582883,9.6316583]]},"properties":{"kind":"side_road","number":null,"name":null,"source_page":1,"registration":"manual_place_aligned","needs_confirmation":true}},{"type":"Feature","id":"pdf:side_road/82","geometry":{"type":"LineString","coordinates":[[-82.6598897,9.6316602],[-82.6600108,9.6319781],[-82.6601074,9.6322411]]},"properties":{"kind":"side_road","number":null,"name":null,"source_page":1,"registration":"manual_place_aligned","needs_confirmation":true}},{"type":"Feature","id":"pdf:side_road/83","geometry":{"type":"LineString","coordinates":[[-82.6584054,9.6316459],[-82.6584626,9.6324738]]},"properties":{"kind":"side_road","number":null,"name":null,"source_page":1,"registration":"manual_place_aligned","needs_confirmation":true}},{"type":"Feature","id":"pdf:side_road/84","geometry":{"type":"LineString","coordinates":[[-82.6581133,9.6326107],[-82.6581094,9.6326071],[-82.6580986,9.6325972],[-82.6580817,9.6325821],[-82.65806,9.6325628],[-82.6580344,9.6325405],[-82.6580059,9.6325163],[-82.6579756,9.6324914],[-82.6579446,9.6324668],[-82.6579139,9.6324436],[-82.6578845,9.632423],[-82.6578574,9.6324061],[-82.6578338,9.6323938],[-82.657827,9.632391],[-82.6578192,9.6323882],[-82.6578104,9.6323854],[-82.6578009,9.6323827],[-82.6577909,9.63238],[-82.6577806,9.6323777],[-82.6577703,9.6323755],[-82.6577601,9.6323738],[-82.6577502,9.6323725],[-82.6577409,9.6323716],[-82.6577323,9.6323714],[-82.6577247,9.6323718],[-82.6576679,9.6323826],[-82.6576014,9.6324031],[-82.657528,9.6324312],[-82.6574506,9.6324651],[-82.6573719,9.6325027],[-82.6572947,9.632542],[-82.6572218,9.632581],[-82.657156,9.6326175],[-82.6571,9.6326496],[-82.6570565,9.6326751],[-82.6570284,9.632692],[-82.6570185,9.632698],[-82.6566849,9.6322925]]},"properties":{"kind":"side_road","number":null,"name":null,"source_page":1,"registration":"manual_place_aligned","needs_confirmation":true}},{"type":"Feature","id":"pdf:side_road/85","geometry":{"type":"LineString","coordinates":[[-82.65757,9.6331466],[-82.6570185,9.632698]]},"properties":{"kind":"side_road","number":null,"name":null,"source_page":1,"registration":"manual_place_aligned","needs_confirmation":true}},{"type":"Feature","id":"pdf:side_road/86","geometry":{"type":"LineString","coordinates":[[-82.6626988,9.6297106],[-82.662694,9.6297054],[-82.6626805,9.6296909],[-82.6626597,9.6296685],[-82.6626332,9.6296396],[-82.6626025,9.6296058],[-82.6625689,9.6295684],[-82.6625341,9.629529],[-82.6624994,9.629489],[-82.6624663,9.62945],[-82.6624364,9.6294133],[-82.6624112,9.6293806],[-82.6623921,9.6293534],[-82.6623661,9.6293096],[-82.6623371,9.629255],[-82.662306,9.6291921],[-82.6622739,9.6291239],[-82.6622418,9.6290531],[-82.6622107,9.6289824],[-82.6621815,9.6289148],[-82.6621554,9.6288531],[-82.6621332,9.6288001],[-82.6621162,9.6287587],[-82.6621052,9.6287317],[-82.6621013,9.6287221]]},"properties":{"kind":"side_road","number":null,"name":null,"source_page":1,"registration":"manual_place_aligned","needs_confirmation":true}},{"type":"Feature","id":"pdf:side_road/87","geometry":{"type":"LineString","coordinates":[[-82.683339,9.6341839],[-82.6833406,9.6341816],[-82.6833453,9.6341754],[-82.6833524,9.634166],[-82.6833616,9.6341541],[-82.6833723,9.6341406],[-82.6833842,9.634126],[-82.6833968,9.6341112],[-82.6834095,9.634097],[-82.683422,9.6340841],[-82.6834339,9.6340732],[-82.6834445,9.6340651],[-82.6834535,9.6340605],[-82.6834653,9.6340595],[-82.6834767,9.6340633],[-82.6834878,9.634071],[-82.6834987,9.6340815],[-82.6835095,9.6340939],[-82.6835201,9.6341071],[-82.6835307,9.6341201],[-82.6835414,9.634132],[-82.6835522,9.6341417],[-82.6835632,9.6341482],[-82.6835745,9.6341506],[-82.6835862,9.6341478],[-82.6835934,9.6341432],[-82.6836012,9.6341363],[-82.6836093,9.6341274],[-82.6836175,9.634117],[-82.6836257,9.6341054],[-82.6836337,9.634093],[-82.6836411,9.6340802],[-82.6836479,9.6340674],[-82.6836539,9.634055],[-82.6836588,9.6340434],[-82.6836624,9.6340328],[-82.6836645,9.6340239],[-82.6836653,9.6339967],[-82.68366,9.6339673],[-82.6836498,9.6339363],[-82.6836358,9.6339048],[-82.683619,9.6338737],[-82.6836005,9.6338437],[-82.6835817,9.6338159],[-82.6835635,9.633791],[-82.6835473,9.6337702],[-82.6835342,9.6337541],[-82.6835254,9.6337438],[-82.6835222,9.6337402]]},"properties":{"kind":"side_road","number":null,"name":null,"source_page":1,"registration":"manual_place_aligned","needs_confirmation":true}},{"type":"Feature","id":"pdf:side_road/88","geometry":{"type":"LineString","coordinates":[[-82.6838063,9.6340693],[-82.6838075,9.6340605],[-82.6838108,9.6340359],[-82.6838154,9.6339982],[-82.6838208,9.6339502],[-82.6838264,9.6338947],[-82.6838315,9.6338343],[-82.6838355,9.6337719],[-82.6838378,9.6337102],[-82.6838378,9.6336519],[-82.6838349,9.6335998],[-82.6838286,9.6335567],[-82.6838183,9.6335253],[-82.6838019,9.6335044],[-82.6837776,9.6334882],[-82.6837471,9.6334755],[-82.6837118,9.6334655],[-82.6836733,9.6334571],[-82.6836333,9.6334493],[-82.6835933,9.6334413],[-82.683555,9.633432],[-82.6835201,9.6334204],[-82.6834902,9.6334056],[-82.6834671,9.6333867],[-82.6834526,9.6333627],[-82.6834463,9.6333274],[-82.6834472,9.6332798],[-82.6834539,9.6332228],[-82.6834651,9.6331594],[-82.6834797,9.6330925],[-82.6834964,9.633025],[-82.6835138,9.6329598],[-82.6835309,9.6328999],[-82.6835463,9.6328482],[-82.6835589,9.6328077],[-82.6835673,9.6327812],[-82.6835704,9.6327717],[-82.6835745,9.6327744],[-82.683586,9.6327819],[-82.6836038,9.6327934],[-82.6836266,9.632808],[-82.6836532,9.6328248],[-82.6836825,9.632843],[-82.6837131,9.6328617],[-82.6837441,9.6328802],[-82.6837742,9.6328974],[-82.6838025,9.6329127],[-82.6838277,9.6329251],[-82.6838489,9.6329339],[-82.6838733,9.6329413],[-82.683904,9.6329484],[-82.6839393,9.6329553],[-82.6839776,9.6329618],[-82.6840171,9.6329678],[-82.6840564,9.6329733],[-82.6840938,9.632978],[-82.6841277,9.6329821],[-82.6841568,9.6329854],[-82.6841794,9.6329878],[-82.6841941,9.6329893],[-82.6841993,9.6329898]]},"properties":{"kind":"side_road","number":null,"name":null,"source_page":1,"registration":"manual_place_aligned","needs_confirmation":true}},{"type":"Feature","id":"pdf:side_road/89","geometry":{"type":"LineString","coordinates":[[-82.6828241,9.6333436],[-82.6831557,9.6330064]]},"properties":{"kind":"side_road","number":null,"name":null,"source_page":1,"registration":"manual_place_aligned","needs_confirmation":true}},{"type":"Feature","id":"pdf:side_road/90","geometry":{"type":"LineString","coordinates":[[-82.6825121,9.6326888],[-82.6828951,9.6323102],[-82.6830458,9.6321579]]},"properties":{"kind":"side_road","number":null,"name":null,"source_page":1,"registration":"manual_place_aligned","needs_confirmation":true}},{"type":"Feature","id":"pdf:side_road/91","geometry":{"type":"LineString","coordinates":[[-82.6829336,9.6322714],[-82.6829411,9.6322758],[-82.6829619,9.6322882],[-82.6829937,9.6323074],[-82.6830342,9.6323321],[-82.683081,9.632361],[-82.6831318,9.6323929],[-82.6831844,9.6324265],[-82.6832366,9.6324608],[-82.6832863,9.6324943],[-82.6833315,9.6325261],[-82.6833702,9.6325549],[-82.6834006,9.6325796],[-82.6834141,9.6325923],[-82.6834301,9.6326086],[-82.6834478,9.6326275],[-82.6834665,9.6326483],[-82.6834855,9.63267],[-82.6835042,9.6326916],[-82.6835217,9.6327124],[-82.6835375,9.6327314],[-82.6835509,9.6327477],[-82.6835613,9.6327604],[-82.683568,9.6327687],[-82.6835704,9.6327717]]},"properties":{"kind":"side_road","number":null,"name":null,"source_page":1,"registration":"manual_place_aligned","needs_confirmation":true}},{"type":"Feature","id":"pdf:side_road/92","geometry":{"type":"LineString","coordinates":[[-82.6834359,9.6342686],[-82.6830983,9.6347187],[-82.6830977,9.6347231],[-82.6830961,9.6347356],[-82.6830935,9.6347548],[-82.6830901,9.6347795],[-82.683086,9.6348083],[-82.6830812,9.63484],[-82.6830759,9.6348733],[-82.6830703,9.6349069],[-82.6830643,9.6349396],[-82.6830582,9.6349699],[-82.6830521,9.6349968],[-82.6830461,9.6350188],[-82.6830291,9.6350693],[-82.6830075,9.6351263],[-82.6829821,9.6351883],[-82.6829537,9.6352542],[-82.6829231,9.6353226],[-82.6828912,9.6353922],[-82.6828586,9.6354617],[-82.6828263,9.6355299],[-82.6827949,9.6355954],[-82.6827654,9.6356571],[-82.6827385,9.6357135],[-82.6827151,9.6357635],[-82.6826972,9.6358023],[-82.682677,9.6358462],[-82.6826549,9.6358941],[-82.6826314,9.6359449],[-82.6826069,9.6359977],[-82.6825817,9.6360514],[-82.6825562,9.6361051],[-82.682531,9.6361577],[-82.6825062,9.6362081],[-82.6824825,9.6362555],[-82.6824602,9.6362987],[-82.6824397,9.6363367],[-82.6824116,9.6363869],[-82.6823795,9.6364434],[-82.6823439,9.6365049],[-82.6823055,9.6365701],[-82.682265,9.6366375],[-82.6822231,9.6367059],[-82.6821804,9.6367738],[-82.6821378,9.63684],[-82.6820958,9.6369029],[-82.6820551,9.6369614],[-82.6820166,9.637014],[-82.6819808,9.6370593],[-82.6819708,9.6370707],[-82.6819592,9.6370831],[-82.6819461,9.6370962],[-82.681932,9.6371098],[-82.6819172,9.6371238],[-82.681902,9.6371379],[-82.6818867,9.637152],[-82.6818718,9.6371658],[-82.6818574,9.6371793],[-82.6818441,9.6371921],[-82.681832,9.637204],[-82.6818216,9.637215],[-82.6818139,9.6372236],[-82.6818053,9.6372333],[-82.6817959,9.6372441],[-82.681786,9.6372556],[-82.6817758,9.6372676],[-82.6817655,9.63728],[-82.6817553,9.6372924],[-82.6817455,9.6373047],[-82.6817363,9.6373167],[-82.6817278,9.6373281],[-82.6817203,9.6373387],[-82.681714,9.6373483],[-82.6816903,9.6373894],[-82.6816637,9.6374405],[-82.6816352,9.6374992],[-82.6816055,9.6375627],[-82.6815757,9.6376286],[-82.6815468,9.637694],[-82.6815197,9.6377566],[-82.6814953,9.6378136],[-82.6814747,9.6378625],[-82.6814588,9.6379006],[-82.6814485,9.6379254],[-82.6814449,9.6379342]]},"properties":{"kind":"side_road","number":null,"name":null,"source_page":1,"registration":"manual_place_aligned","needs_confirmation":true}},{"type":"Feature","id":"pdf:side_road/93","geometry":{"type":"LineString","coordinates":[[-82.680981,9.6348417],[-82.6809899,9.6348436],[-82.6810148,9.634849],[-82.681053,9.6348572],[-82.6811019,9.6348675],[-82.6811588,9.6348792],[-82.681221,9.6348917],[-82.6812861,9.6349042],[-82.6813513,9.6349163],[-82.6814144,9.6349271],[-82.6814729,9.6349362],[-82.6815245,9.6349429],[-82.6815669,9.6349468],[-82.6816062,9.6349482],[-82.6816508,9.6349483],[-82.6816995,9.6349474],[-82.6817512,9.6349454],[-82.6818049,9.6349427],[-82.6818595,9.6349393],[-82.6819138,9.6349355],[-82.681967,9.6349314],[-82.6820178,9.6349273],[-82.6820654,9.6349233],[-82.6821088,9.6349197],[-82.682147,9.6349166],[-82.6821937,9.6349134],[-82.682246,9.6349102],[-82.6823027,9.6349068],[-82.6823626,9.6349031],[-82.6824245,9.634899],[-82.6824871,9.6348942],[-82.6825494,9.6348887],[-82.6826103,9.6348824],[-82.6826687,9.634875],[-82.6827236,9.6348665],[-82.6827739,9.6348568],[-82.6828187,9.6348459],[-82.6828388,9.6348393],[-82.6828637,9.6348298],[-82.682892,9.6348179],[-82.6829225,9.6348044],[-82.6829539,9.6347899],[-82.682985,9.6347752],[-82.6830147,9.6347608],[-82.6830416,9.6347475],[-82.6830646,9.6347359],[-82.6830825,9.6347268],[-82.6830941,9.6347208],[-82.6830983,9.6347187]]},"properties":{"kind":"side_road","number":null,"name":null,"source_page":1,"registration":"manual_place_aligned","needs_confirmation":true}},{"type":"Feature","id":"pdf:side_road/94","geometry":{"type":"LineString","coordinates":[[-82.6736961,9.6341682],[-82.6736779,9.6342126],[-82.673658,9.6342604],[-82.6736369,9.6343106],[-82.673615,9.6343622],[-82.6735927,9.6344144],[-82.6735704,9.6344659],[-82.6735486,9.6345159],[-82.6735277,9.6345635],[-82.6735082,9.6346075],[-82.6734905,9.6346471],[-82.673475,9.6346813],[-82.6734622,9.6347091]]},"properties":{"kind":"side_road","number":null,"name":null,"source_page":1,"registration":"manual_place_aligned","needs_confirmation":true}},{"type":"Feature","id":"pdf:side_road/95","geometry":{"type":"LineString","coordinates":[[-82.6749467,9.630452],[-82.6748502,9.6307689],[-82.6747524,9.6310837],[-82.6746534,9.6313964],[-82.6745531,9.631707],[-82.6744518,9.6320154],[-82.6743493,9.6323217],[-82.6742458,9.6326259],[-82.6741414,9.632928],[-82.6740361,9.633228],[-82.67393,9.6335259],[-82.6738232,9.633822],[-82.6737158,9.6341162]]},"properties":{"kind":"side_road","number":null,"name":null,"source_page":1,"registration":"manual_place_aligned","needs_confirmation":true}},{"type":"Feature","id":"pdf:side_road/96","geometry":{"type":"LineString","coordinates":[[-82.6736032,9.6317533],[-82.6744968,9.631876]]},"properties":{"kind":"side_road","number":null,"name":null,"source_page":1,"registration":"manual_place_aligned","needs_confirmation":true}},{"type":"Feature","id":"pdf:side_road/97","geometry":{"type":"LineString","coordinates":[[-82.6688481,9.6299306],[-82.6688479,9.6299383],[-82.6688471,9.6299597],[-82.6688457,9.6299928],[-82.6688437,9.6300352],[-82.6688411,9.6300846],[-82.6688377,9.6301388],[-82.6688337,9.6301956],[-82.6688288,9.6302528],[-82.6688232,9.630308],[-82.6688168,9.6303592],[-82.6688096,9.6304041],[-82.6688015,9.6304404],[-82.6687899,9.6304768],[-82.668773,9.630521],[-82.668752,9.6305709],[-82.6687281,9.6306245],[-82.6687024,9.6306795],[-82.6686763,9.6307339],[-82.6686509,9.6307857],[-82.6686273,9.6308326],[-82.6686069,9.6308727],[-82.6685908,9.6309039],[-82.6685803,9.6309242],[-82.6685765,9.6309314],[-82.6685714,9.6309436],[-82.6685568,9.6309779],[-82.6685341,9.6310307],[-82.6685048,9.6310982],[-82.6684701,9.6311768],[-82.6684315,9.6312628],[-82.6683903,9.6313525],[-82.6683479,9.6314425],[-82.6683057,9.6315291],[-82.6682651,9.6316089],[-82.6682277,9.6316783],[-82.6681947,9.6317341],[-82.6681474,9.6318045],[-82.6680855,9.6318893],[-82.6680126,9.6319844],[-82.667932,9.6320857],[-82.6678474,9.632189],[-82.6677621,9.6322903],[-82.6676799,9.6323858],[-82.6676043,9.6324717],[-82.667539,9.6325444],[-82.6674877,9.6326006],[-82.6674542,9.6326368],[-82.6674422,9.6326497]]},"properties":{"kind":"side_road","number":null,"name":null,"source_page":1,"registration":"manual_place_aligned","needs_confirmation":true}},{"type":"Feature","id":"pdf:side_road/98","geometry":{"type":"LineString","coordinates":[[-82.6679006,9.6307987],[-82.6685765,9.6309314]]},"properties":{"kind":"side_road","number":null,"name":null,"source_page":1,"registration":"manual_place_aligned","needs_confirmation":true}},{"type":"Feature","id":"pdf:side_road/99","geometry":{"type":"LineString","coordinates":[[-82.6844393,9.6357482],[-82.6844408,9.6357459],[-82.6844448,9.6357395],[-82.684451,9.6357296],[-82.6844589,9.6357169],[-82.6844681,9.635702],[-82.684478,9.6356857],[-82.6844883,9.6356684],[-82.6844984,9.635651],[-82.684508,9.635634],[-82.6845166,9.6356182],[-82.6845237,9.6356041],[-82.6845289,9.6355925],[-82.6845422,9.6355542],[-82.6845538,9.6355112],[-82.6845641,9.6354646],[-82.6845734,9.6354151],[-82.6845821,9.6353639],[-82.6845906,9.6353117],[-82.6845992,9.6352596],[-82.6846083,9.6352084],[-82.6846183,9.6351591],[-82.6846294,9.6351125],[-82.6846422,9.6350697],[-82.6846569,9.6350316],[-82.6846675,9.6350104],[-82.6846809,9.6349873],[-82.6846967,9.6349626],[-82.6847142,9.6349369],[-82.684733,9.6349104],[-82.6847526,9.6348836],[-82.6847724,9.634857],[-82.6847919,9.6348308],[-82.6848106,9.6348055],[-82.6848279,9.6347816],[-82.6848434,9.6347593],[-82.6848564,9.6347392],[-82.6848755,9.6347081],[-82.6848966,9.6346727],[-82.6849195,9.634634],[-82.6849435,9.6345926],[-82.6849683,9.6345495],[-82.6849932,9.6345054],[-82.6850179,9.6344612],[-82.6850419,9.6344176],[-82.6850646,9.6343756],[-82.6850857,9.6343359],[-82.6851045,9.6342993],[-82.6851206,9.6342668],[-82.6851299,9.6342466],[-82.6851398,9.6342236],[-82.68515,9.6341985],[-82.6851606,9.6341717],[-82.6851714,9.6341438],[-82.6851823,9.6341154],[-82.6851932,9.6340869],[-82.6852041,9.6340591],[-82.6852148,9.6340323],[-82.6852253,9.6340073],[-82.6852354,9.6339844],[-82.6852451,9.6339643],[-82.6852536,9.6339485],[-82.6852639,9.6339309],[-82.6852757,9.633912],[-82.6852884,9.633892],[-82.6853018,9.6338714],[-82.6853156,9.6338504],[-82.6853293,9.6338293],[-82.6853426,9.6338086],[-82.6853552,9.6337886],[-82.6853667,9.6337696],[-82.6853767,9.6337519],[-82.6853849,9.6337359],[-82.6853908,9.6337228],[-82.6853971,9.6337075],[-82.6854036,9.6336905],[-82.6854104,9.6336723],[-82.6854173,9.6336534],[-82.6854243,9.6336343],[-82.6854313,9.6336155],[-82.6854383,9.6335975],[-82.6854451,9.6335807],[-82.6854516,9.6335658],[-82.6854579,9.6335531],[-82.6854638,9.6335433],[-82.6854701,9.6335336],[-82.6854774,9.6335217],[-82.6854855,9.6335079],[-82.6854942,9.6334926],[-82.6855033,9.6334762],[-82.6855127,9.6334592],[-82.6855221,9.633442],[-82.6855314,9.6334251],[-82.6855404,9.6334087],[-82.6855488,9.6333934],[-82.6855566,9.6333795],[-82.6855635,9.6333675],[-82.685573,9.6333519],[-82.6855841,9.6333346],[-82.6855965,9.6333158],[-82.6856099,9.633296],[-82.6856238,9.6332754],[-82.685638,9.6332544],[-82.685652,9.6332334],[-82.6856656,9.6332127],[-82.6856783,9.6331925],[-82.6856898,9.6331734],[-82.6856997,9.6331555],[-82.6857078,9.6331393],[-82.6857181,9.6331129],[-82.6857274,9.6330828],[-82.6857358,9.6330498],[-82.6857436,9.6330146],[-82.6857512,9.632978],[-82.6857587,9.6329408],[-82.6857666,9.6329038],[-82.685775,9.6328677],[-82.6857844,9.6328333],[-82.6857949,9.6328014],[-82.6858068,9.6327726],[-82.6858205,9.6327479],[-82.6858257,9.6327412],[-82.6858322,9.6327347],[-82.6858396,9.6327285],[-82.6858478,9.6327227],[-82.6858565,9.6327174],[-82.6858655,9.6327124],[-82.6858746,9.6327079],[-82.6858835,9.632704],[-82.6858919,9.6327006],[-82.6858997,9.6326978],[-82.6859067,9.6326956],[-82.6859125,9.6326941],[-82.6859229,9.6326925],[-82.6859427,9.6326904],[-82.6859698,9.6326879],[-82.6860023,9.6326851],[-82.6860384,9.6326821],[-82.6860761,9.6326791],[-82.6861135,9.6326763],[-82.6861485,9.6326737],[-82.6861792,9.6326715],[-82.6862036,9.6326698],[-82.6862198,9.6326687],[-82.6862256,9.6326683],[-82.6864822,9.632455]]},"properties":{"kind":"side_road","number":null,"name":null,"source_page":1,"registration":"manual_place_aligned","needs_confirmation":true}},{"type":"Feature","id":"pdf:side_road/100","geometry":{"type":"LineString","coordinates":[[-82.6843823,9.6355648],[-82.6820298,9.638661]]},"properties":{"kind":"side_road","number":null,"name":null,"source_page":1,"registration":"manual_place_aligned","needs_confirmation":true}},{"type":"Feature","id":"pdf:side_road/101","geometry":{"type":"LineString","coordinates":[[-82.6847721,9.6367573],[-82.6847656,9.6367629],[-82.6847473,9.6367789],[-82.6847193,9.6368036],[-82.6846835,9.6368355],[-82.6846418,9.636873],[-82.6845961,9.6369146],[-82.6845485,9.6369586],[-82.6845009,9.6370036],[-82.6844551,9.6370479],[-82.6844131,9.6370899],[-82.6843769,9.6371282],[-82.6843482,9.6371611],[-82.6843272,9.6371879],[-82.6843041,9.637219],[-82.6842796,9.6372536],[-82.684254,9.637291],[-82.6842279,9.6373303],[-82.6842017,9.6373708],[-82.684176,9.6374117],[-82.6841512,9.6374521],[-82.6841278,9.6374912],[-82.6841063,9.6375283],[-82.6840873,9.6375625],[-82.6840711,9.6375931],[-82.6840241,9.637692],[-82.6839759,9.6378046],[-82.6839269,9.6379282],[-82.6838773,9.6380601],[-82.6838275,9.6381975],[-82.6837777,9.6383377],[-82.6837281,9.638478],[-82.683679,9.6386157],[-82.6836308,9.638748],[-82.6835836,9.6388721],[-82.6835377,9.6389854],[-82.6834934,9.6390851],[-82.6834742,9.6391244],[-82.6834516,9.6391685],[-82.6834262,9.6392163],[-82.6833987,9.6392669],[-82.6833695,9.6393193],[-82.6833394,9.6393725],[-82.683309,9.6394256],[-82.6832788,9.6394775],[-82.6832495,9.6395273],[-82.6832216,9.639574],[-82.6831959,9.6396166],[-82.6831728,9.6396541],[-82.6831617,9.6396716],[-82.6831478,9.6396928],[-82.6831318,9.6397169],[-82.6831145,9.6397426],[-82.6830964,9.6397691],[-82.6830785,9.6397954],[-82.6830613,9.6398204],[-82.6830456,9.6398431],[-82.6830321,9.6398625],[-82.6830216,9.6398776],[-82.6830148,9.6398874],[-82.6830124,9.6398909]]},"properties":{"kind":"side_road","number":null,"name":null,"source_page":1,"registration":"manual_place_aligned","needs_confirmation":true}},{"type":"Feature","id":"pdf:side_road/102","geometry":{"type":"LineString","coordinates":[[-82.6844174,9.6356727],[-82.6821016,9.6387314]]},"properties":{"kind":"side_road","number":null,"name":null,"source_page":1,"registration":"manual_place_aligned","needs_confirmation":true}},{"type":"Feature","id":"pdf:side_road/103","geometry":{"type":"LineString","coordinates":[[-82.6665957,9.6337823],[-82.6674422,9.6326497]]},"properties":{"kind":"side_road","number":null,"name":null,"source_page":1,"registration":"manual_place_aligned","needs_confirmation":true}},{"type":"Feature","id":"pdf:side_road/104","geometry":{"type":"LineString","coordinates":[[-82.6656106,9.6322992],[-82.6656076,9.6322857],[-82.6656039,9.6322725],[-82.6655995,9.6322594],[-82.6655945,9.6322464],[-82.665589,9.6322335],[-82.6655831,9.6322207],[-82.665577,9.6322079],[-82.6655707,9.6321952],[-82.6655644,9.6321824],[-82.6655582,9.6321695],[-82.6655521,9.6321566],[-82.6655463,9.6321435],[-82.6655439,9.6321316],[-82.6655411,9.6321198],[-82.6655379,9.6321082],[-82.6655342,9.6320967],[-82.6655301,9.6320853],[-82.6655256,9.632074],[-82.6655206,9.6320628],[-82.6655153,9.6320515],[-82.6655095,9.6320403],[-82.6655033,9.6320291],[-82.6654968,9.6320179],[-82.6654899,9.6320066],[-82.6654583,9.6319459],[-82.6654264,9.6318858],[-82.6653937,9.6318264],[-82.6653601,9.6317675],[-82.6653253,9.631709],[-82.665289,9.631651],[-82.6652511,9.6315933],[-82.6652112,9.6315358],[-82.6651692,9.6314785],[-82.6651246,9.6314213],[-82.6650774,9.6313641],[-82.6650272,9.6313068],[-82.6650104,9.6312896],[-82.6649941,9.6312728],[-82.6649782,9.6312562],[-82.6649626,9.6312398],[-82.6649472,9.6312236],[-82.6649319,9.6312074],[-82.6649166,9.6311912],[-82.6649012,9.6311749],[-82.6648856,9.6311584],[-82.6648697,9.6311417],[-82.6648533,9.6311248],[-82.6648364,9.6311074],[-82.6648239,9.6310964],[-82.6648112,9.6310859],[-82.6647983,9.6310759],[-82.6647853,9.6310663],[-82.6647721,9.631057],[-82.6647588,9.6310481],[-82.6647454,9.6310394],[-82.6647319,9.631031],[-82.6647184,9.6310228],[-82.6647048,9.6310146],[-82.6646911,9.6310066],[-82.6646775,9.6309986],[-82.6646611,9.6309918],[-82.6646448,9.6309846],[-82.6646288,9.630977],[-82.6646132,9.6309691],[-82.6645979,9.6309607],[-82.6645832,9.6309519],[-82.664569,9.6309426],[-82.6645555,9.6309328],[-82.6645427,9.6309224],[-82.6645307,9.6309113],[-82.6645196,9.6308997],[-82.6645095,9.6308874],[-82.6644896,9.6308652],[-82.664471,9.6308427],[-82.6644534,9.6308199],[-82.6644368,9.6307969],[-82.6644211,9.6307735],[-82.6644061,9.63075],[-82.6643918,9.6307262],[-82.664378,9.6307023],[-82.6643647,9.6306783],[-82.6643516,9.6306541],[-82.6643388,9.6306299],[-82.6643261,9.6306056],[-82.6643203,9.6305608],[-82.6643139,9.6305159],[-82.6643067,9.6304707],[-82.6642991,9.6304254],[-82.6642909,9.63038],[-82.6642822,9.6303344],[-82.6642732,9.6302887],[-82.6642638,9.6302429],[-82.6642542,9.6301971],[-82.6642444,9.6301511],[-82.6642345,9.6301051],[-82.6642244,9.630059],[-82.6642241,9.6300535],[-82.6642241,9.6300484],[-82.6642242,9.6300435],[-82.6642244,9.6300388],[-82.6642247,9.6300342],[-82.6642251,9.6300297],[-82.6642255,9.6300252],[-82.6642258,9.6300206],[-82.6642261,9.6300159],[-82.6642262,9.630011],[-82.6642261,9.6300058],[-82.6642258,9.6300004],[-82.6642208,9.6299812],[-82.664216,9.6299622],[-82.6642113,9.6299435],[-82.6642067,9.6299249],[-82.664202,9.6299064],[-82.6641972,9.6298879],[-82.6641922,9.6298694],[-82.664187,9.6298508],[-82.6641814,9.629832],[-82.6641754,9.6298129],[-82.6641689,9.6297936],[-82.6641618,9.6297738],[-82.6641468,9.6297154],[-82.6641323,9.629657],[-82.6641184,9.6295987],[-82.6641049,9.6295404],[-82.6640917,9.6294821],[-82.6640789,9.6294239],[-82.6640661,9.6293656],[-82.6640535,9.6293072],[-82.6640409,9.6292489],[-82.6640281,9.6291904],[-82.6640151,9.6291318],[-82.6640018,9.6290732],[-82.663996,9.6290421],[-82.6639909,9.6290112],[-82.6639862,9.6289803],[-82.663982,9.6289495],[-82.663978,9.6289187],[-82.6639743,9.6288879],[-82.6639706,9.628857],[-82.6639669,9.6288261],[-82.663963,9.6287951],[-82.6639588,9.6287639],[-82.6639543,9.6287326],[-82.6639493,9.6287011]]},"properties":{"kind":"side_road","number":null,"name":null,"source_page":1,"registration":"manual_place_aligned","needs_confirmation":true}},{"type":"Feature","id":"pdf:side_road/105","geometry":{"type":"LineString","coordinates":[[-82.6654865,9.6336487],[-82.6654845,9.6335582],[-82.6654955,9.6334668],[-82.6655163,9.6333735],[-82.6655436,9.6332775],[-82.6655743,9.6331782],[-82.6656054,9.6330753],[-82.6656339,9.6329687],[-82.6656569,9.6328586],[-82.6656716,9.6327452],[-82.6656751,9.6326287],[-82.6656645,9.6325095],[-82.6656372,9.6323879],[-82.6656192,9.6323165]]},"properties":{"kind":"side_road","number":null,"name":null,"source_page":1,"registration":"manual_place_aligned","needs_confirmation":true}},{"type":"Feature","id":"pdf:side_road/106","geometry":{"type":"LineString","coordinates":[[-82.7592421,9.6547776],[-82.7592422,9.6547753],[-82.7592426,9.6547689],[-82.7592432,9.6547589],[-82.7592439,9.6547462],[-82.7592447,9.6547313],[-82.7592456,9.6547149],[-82.7592466,9.6546978],[-82.7592475,9.6546805],[-82.7592483,9.6546637],[-82.759249,9.6546482],[-82.7592496,9.6546345],[-82.75925,9.6546234],[-82.7592503,9.6546119],[-82.7592505,9.654599],[-82.7592507,9.6545849],[-82.7592508,9.65457],[-82.7592508,9.6545545],[-82.7592507,9.6545387],[-82.7592505,9.6545229],[-82.7592502,9.6545075],[-82.7592498,9.6544926],[-82.7592493,9.6544787],[-82.7592487,9.654466],[-82.7592479,9.6544548],[-82.7592469,9.6544439],[-82.7592456,9.6544315],[-82.7592441,9.6544181],[-82.7592422,9.654404],[-82.7592402,9.6543893],[-82.759238,9.6543744],[-82.7592357,9.6543595],[-82.7592334,9.6543449],[-82.759231,9.654331],[-82.7592286,9.6543179],[-82.7592263,9.654306],[-82.7592241,9.6542956],[-82.7592217,9.6542852],[-82.7592188,9.6542736],[-82.7592155,9.654261],[-82.7592119,9.6542478],[-82.7592079,9.6542341],[-82.7592037,9.6542202],[-82.7591994,9.6542064],[-82.7591949,9.654193],[-82.7591904,9.6541803],[-82.759186,9.6541685],[-82.7591817,9.6541578],[-82.7591775,9.6541487],[-82.759174,9.6541421],[-82.7591694,9.6541344],[-82.7591638,9.6541259],[-82.7591577,9.6541169],[-82.7591513,9.6541077],[-82.7591448,9.6540987],[-82.7591385,9.6540902],[-82.7591327,9.6540824],[-82.7591277,9.6540758],[-82.7591238,9.6540707],[-82.7591213,9.6540674],[-82.7591203,9.6540662],[-82.7591195,9.6540648],[-82.759117,9.6540605],[-82.7591133,9.654054],[-82.7591086,9.6540457],[-82.7591031,9.6540358],[-82.7590972,9.6540249],[-82.7590911,9.6540134],[-82.7590852,9.6540017],[-82.7590796,9.6539901],[-82.7590747,9.6539792],[-82.7590708,9.6539694],[-82.7590681,9.653961],[-82.7590659,9.6539504],[-82.759064,9.6539382],[-82.7590626,9.6539247],[-82.7590614,9.6539101],[-82.7590605,9.6538948],[-82.7590599,9.6538792],[-82.7590594,9.6538634],[-82.759059,9.653848],[-82.7590588,9.653833],[-82.7590586,9.653819],[-82.7590584,9.6538061],[-82.7590582,9.6537948],[-82.7590578,9.6537815],[-82.7590572,9.6537666],[-82.7590565,9.6537503],[-82.7590556,9.653733],[-82.7590546,9.653715],[-82.7590536,9.6536968],[-82.7590525,9.6536785],[-82.7590513,9.6536606],[-82.7590502,9.6536433],[-82.759049,9.6536271],[-82.7590479,9.6536123],[-82.7590469,9.6535992],[-82.759046,9.6535892],[-82.7590448,9.653577],[-82.7590433,9.6535632],[-82.7590418,9.6535483],[-82.7590401,9.6535329],[-82.7590384,9.6535176],[-82.7590368,9.6535031],[-82.7590352,9.6534899],[-82.7590339,9.6534786],[-82.7590329,9.6534698],[-82.7590323,9.653464],[-82.759032,9.653462],[-82.7590316,9.6534596],[-82.7590303,9.653453],[-82.7590285,9.6534428],[-82.7590263,9.6534297],[-82.7590238,9.6534144],[-82.7590212,9.6533975],[-82.7590188,9.6533797],[-82.7590167,9.6533618],[-82.759015,9.6533444],[-82.759014,9.6533281],[-82.7590139,9.6533137],[-82.7590148,9.6533018]]},"properties":{"kind":"side_road","number":null,"name":null,"source_page":1,"registration":"manual_place_aligned","needs_confirmation":true}},{"type":"Feature","id":"pdf:side_road/107","geometry":{"type":"LineString","coordinates":[[-82.7594422,9.6547254],[-82.7594734,9.6544245],[-82.7594948,9.6542219],[-82.7595099,9.6539545],[-82.7595123,9.6537365],[-82.7595123,9.6537339],[-82.759512,9.6537267],[-82.7595118,9.6537158],[-82.7595114,9.653702],[-82.7595111,9.6536863],[-82.7595107,9.6536695],[-82.7595105,9.6536526],[-82.7595104,9.6536363],[-82.7595104,9.6536217],[-82.7595106,9.6536095],[-82.7595111,9.6536007],[-82.7595118,9.6535961]]},"properties":{"kind":"side_road","number":null,"name":null,"source_page":1,"registration":"manual_place_aligned","needs_confirmation":true}},{"type":"Feature","id":"pdf:side_road/108","geometry":{"type":"LineString","coordinates":[[-82.7602909,9.6545537],[-82.7602918,9.6544162],[-82.7602921,9.654413],[-82.7602929,9.654404],[-82.7602941,9.6543904],[-82.7602956,9.6543733],[-82.7602973,9.6543537],[-82.7602992,9.6543329],[-82.760301,9.6543119],[-82.7603027,9.6542919],[-82.7603043,9.6542739],[-82.7603055,9.654259],[-82.7603063,9.6542484],[-82.7603066,9.6542432],[-82.7603069,9.6542383],[-82.7603078,9.6542285],[-82.7603092,9.6542149],[-82.7603109,9.6541984],[-82.7603128,9.6541801],[-82.7603149,9.654161],[-82.760317,9.654142],[-82.7603189,9.6541242],[-82.7603206,9.6541086],[-82.760322,9.6540962],[-82.7603229,9.6540881],[-82.7603232,9.6540851],[-82.7603234,9.6540834],[-82.7603239,9.6540786],[-82.7603246,9.6540712],[-82.7603256,9.6540616],[-82.7603268,9.6540505],[-82.7603282,9.6540383],[-82.7603296,9.6540254],[-82.7603311,9.6540125],[-82.7603326,9.654],[-82.760334,9.6539883],[-82.7603354,9.6539781],[-82.7603366,9.6539697],[-82.7603384,9.6539591],[-82.7603408,9.6539462],[-82.7603436,9.6539318],[-82.7603466,9.6539162],[-82.7603498,9.6539001],[-82.760353,9.6538841],[-82.760356,9.6538686],[-82.7603588,9.6538544],[-82.7603611,9.6538418],[-82.7603628,9.6538315],[-82.7603638,9.6538241],[-82.7603639,9.6538201],[-82.7603642,9.6538154],[-82.7603656,9.6538063],[-82.7603679,9.6537936],[-82.7603709,9.6537782],[-82.7603743,9.653761],[-82.760378,9.6537429],[-82.7603817,9.6537247],[-82.7603852,9.6537074],[-82.7603883,9.6536918],[-82.7603907,9.6536788],[-82.7603922,9.6536692],[-82.7603925,9.6536641],[-82.760393,9.653659],[-82.7603947,9.6536496],[-82.7603974,9.6536369],[-82.760401,9.6536217],[-82.760405,9.6536049],[-82.7604093,9.6535874],[-82.7604137,9.6535702],[-82.7604178,9.6535541],[-82.7604215,9.65354],[-82.7604244,9.6535288],[-82.7604264,9.6535215],[-82.7604271,9.6535188],[-82.7604277,9.6535162],[-82.7604297,9.653509],[-82.7604326,9.6534979],[-82.7604364,9.6534836],[-82.7604408,9.6534669],[-82.7604455,9.6534486],[-82.7604505,9.6534293],[-82.7604553,9.6534099],[-82.76046,9.6533912],[-82.7604641,9.6533737],[-82.7604676,9.6533583],[-82.7604702,9.6533458]]},"properties":{"kind":"side_road","number":null,"name":null,"source_page":1,"registration":"manual_place_aligned","needs_confirmation":true}},{"type":"Feature","id":"pdf:side_road/109","geometry":{"type":"LineString","coordinates":[[-82.7617901,9.6546184],[-82.7619462,9.6542284],[-82.7620917,9.6539067],[-82.7622198,9.6536197],[-82.7623643,9.6533468],[-82.7624201,9.6532697],[-82.7624832,9.653183],[-82.7626692,9.6528279],[-82.762785,9.6525212],[-82.7628193,9.6520522],[-82.7628056,9.6517687]]},"properties":{"kind":"side_road","number":null,"name":null,"source_page":1,"registration":"manual_place_aligned","needs_confirmation":true}},{"type":"Feature","id":"pdf:side_road/110","geometry":{"type":"LineString","coordinates":[[-82.7614671,9.6545775],[-82.761537,9.6542663],[-82.7615374,9.6542641],[-82.7615384,9.6542581],[-82.76154,9.6542488],[-82.7615421,9.654237],[-82.7615447,9.6542231],[-82.7615477,9.6542079],[-82.761551,9.654192],[-82.7615545,9.654176],[-82.7615582,9.6541606],[-82.7615619,9.6541463],[-82.7615657,9.6541338],[-82.7615695,9.6541238],[-82.7615727,9.654117],[-82.7615772,9.654109],[-82.7615827,9.6541],[-82.7615888,9.6540905],[-82.7615954,9.6540807],[-82.7616019,9.6540711],[-82.7616083,9.654062],[-82.7616142,9.6540537],[-82.7616193,9.6540467],[-82.7616233,9.6540412],[-82.7616259,9.6540377],[-82.7616268,9.6540364]]},"properties":{"kind":"side_road","number":null,"name":null,"source_page":1,"registration":"manual_place_aligned","needs_confirmation":true}},{"type":"Feature","id":"pdf:side_road/111","geometry":{"type":"LineString","coordinates":[[-82.764032,9.6551761],[-82.7642261,9.6549142],[-82.7642292,9.6549108],[-82.7642379,9.6549013],[-82.7642512,9.6548866],[-82.7642683,9.6548677],[-82.7642881,9.6548457],[-82.7643098,9.6548213],[-82.7643324,9.6547957],[-82.7643549,9.6547698],[-82.7643765,9.6547445],[-82.7643961,9.6547208],[-82.7644128,9.6546997],[-82.7644256,9.6546821],[-82.764438,9.6546627],[-82.7644522,9.6546384],[-82.7644677,9.6546105],[-82.7644838,9.6545802],[-82.7645001,9.6545489],[-82.7645161,9.6545177],[-82.764531,9.6544879],[-82.7645445,9.6544607],[-82.7645559,9.6544374],[-82.7645648,9.6544192],[-82.7645705,9.6544074],[-82.7645725,9.6544031],[-82.7648535,9.6539088],[-82.7650441,9.6535733],[-82.7652034,9.653343],[-82.7650477,9.653204],[-82.7646713,9.6528623]]},"properties":{"kind":"side_road","number":null,"name":null,"source_page":1,"registration":"manual_place_aligned","needs_confirmation":true}},{"type":"Feature","id":"pdf:side_road/112","geometry":{"type":"LineString","coordinates":[[-82.7644256,9.6546821],[-82.7644276,9.654683],[-82.7644331,9.6546855],[-82.7644416,9.6546894],[-82.7644524,9.6546944],[-82.7644651,9.6547003],[-82.7644789,9.6547069],[-82.7644934,9.6547139],[-82.7645079,9.654721],[-82.7645218,9.6547281],[-82.7645345,9.6547349],[-82.7645455,9.6547411],[-82.7645541,9.6547466],[-82.7645648,9.6547545],[-82.7645773,9.6547648],[-82.7645911,9.6547769],[-82.7646057,9.6547902],[-82.7646205,9.6548041],[-82.7646351,9.6548181],[-82.764649,9.6548315],[-82.7646615,9.6548437],[-82.7646721,9.6548543],[-82.7646804,9.6548626],[-82.7646857,9.6548679],[-82.7646876,9.6548699]]},"properties":{"kind":"side_road","number":null,"name":null,"source_page":1,"registration":"manual_place_aligned","needs_confirmation":true}},{"type":"Feature","id":"pdf:side_road/113","geometry":{"type":"LineString","coordinates":[[-82.768104,9.6559454],[-82.7682229,9.6557281],[-82.7683317,9.6555036],[-82.7684093,9.6553081],[-82.7684119,9.6553088],[-82.7684193,9.6553105],[-82.7684307,9.6553133],[-82.7684453,9.6553167],[-82.7684624,9.6553208],[-82.7684811,9.6553251],[-82.7685009,9.6553297],[-82.7685208,9.6553342],[-82.7685401,9.6553385],[-82.7685581,9.6553423],[-82.768574,9.6553455],[-82.768587,9.6553479],[-82.7685984,9.6553498],[-82.7686112,9.655352],[-82.7686253,9.6553544],[-82.7686402,9.6553568],[-82.7686558,9.6553592],[-82.7686717,9.6553614],[-82.7686876,9.6553635],[-82.7687032,9.6553653],[-82.7687183,9.6553666],[-82.7687325,9.6553675],[-82.7687456,9.6553678],[-82.7687572,9.6553674],[-82.7687681,9.6553663],[-82.7687803,9.6553645],[-82.7687935,9.6553621],[-82.7688075,9.6553592],[-82.7688219,9.6553558],[-82.7688365,9.6553521],[-82.768851,9.6553481],[-82.7688652,9.6553439],[-82.7688786,9.6553395],[-82.7688911,9.6553352],[-82.7689023,9.6553309],[-82.768912,9.6553267],[-82.7689207,9.6553224],[-82.7689301,9.6553169],[-82.7689401,9.6553107],[-82.7689504,9.6553038],[-82.7689609,9.6552964],[-82.7689715,9.6552886],[-82.7689819,9.6552808],[-82.768992,9.655273],[-82.7690016,9.6552654],[-82.7690106,9.6552582],[-82.7690189,9.6552516],[-82.7690261,9.6552457],[-82.7690362,9.6552374],[-82.7690473,9.6552277],[-82.7690593,9.6552171],[-82.7690719,9.6552057],[-82.7690848,9.6551937],[-82.7690979,9.6551815],[-82.769111,9.6551692],[-82.7691238,9.6551572],[-82.7691361,9.6551456],[-82.7691477,9.6551347],[-82.7691584,9.6551248],[-82.769168,9.655116],[-82.7691841,9.6551014],[-82.7692023,9.6550849],[-82.7692223,9.655067],[-82.7692435,9.6550479],[-82.7692655,9.6550281],[-82.769288,9.655008],[-82.7693105,9.6549878],[-82.7693326,9.654968],[-82.7693538,9.654949],[-82.7693739,9.6549311],[-82.7693923,9.6549148],[-82.7694086,9.6549003],[-82.7694148,9.6548948],[-82.7694219,9.6548885],[-82.7694296,9.6548817],[-82.7694378,9.6548745],[-82.7694463,9.654867],[-82.769455,9.6548594],[-82.7694637,9.6548518],[-82.7694722,9.6548443],[-82.7694805,9.6548371],[-82.7694882,9.6548303],[-82.7694953,9.6548241],[-82.7695016,9.6548186],[-82.7695065,9.6548142],[-82.769512,9.6548092],[-82.769518,9.6548038],[-82.7695244,9.654798],[-82.769531,9.6547919],[-82.7695377,9.6547858],[-82.7695445,9.6547797],[-82.7695512,9.6547737],[-82.7695578,9.6547681],[-82.769564,9.6547628],[-82.7695699,9.654758],[-82.7695752,9.654754],[-82.7695885,9.6547446],[-82.7696038,9.6547343],[-82.7696208,9.6547233],[-82.7696391,9.6547119],[-82.7696583,9.6547002],[-82.7696779,9.6546883],[-82.7696977,9.6546765],[-82.7697171,9.654665],[-82.7697359,9.6546539],[-82.7697535,9.6546435],[-82.7697696,9.654634],[-82.7697838,9.6546254],[-82.7698008,9.6546151],[-82.7698217,9.6546026],[-82.7698456,9.6545883],[-82.7698713,9.6545729],[-82.7698978,9.654557],[-82.7699242,9.6545413],[-82.7699493,9.6545263],[-82.7699722,9.6545127],[-82.7699918,9.654501],[-82.770007,9.6544919],[-82.7700169,9.654486],[-82.7700205,9.6544839],[-82.7702003,9.6543911]]},"properties":{"kind":"side_road","number":null,"name":null,"source_page":1,"registration":"manual_place_aligned","needs_confirmation":true}},{"type":"Feature","id":"pdf:side_road/114","geometry":{"type":"LineString","coordinates":[[-82.7695016,9.6548186],[-82.7694993,9.6548173],[-82.7694931,9.6548137],[-82.7694835,9.6548081],[-82.7694712,9.654801],[-82.7694568,9.6547927],[-82.7694409,9.6547836],[-82.7694242,9.6547741],[-82.7694073,9.6547646],[-82.7693909,9.6547556],[-82.7693755,9.6547473],[-82.7693618,9.6547402],[-82.7693505,9.6547346],[-82.7693352,9.6547279],[-82.7693162,9.65472],[-82.7692944,9.6547114],[-82.7692707,9.6547022],[-82.7692462,9.6546929],[-82.7692218,9.6546838],[-82.7691985,9.6546752],[-82.7691773,9.6546675],[-82.7691591,9.6546608],[-82.7691448,9.6546557],[-82.7691356,9.6546524],[-82.7691323,9.6546512],[-82.7688687,9.6545692],[-82.7688643,9.6545675],[-82.7688521,9.6545629],[-82.7688332,9.6545559],[-82.768809,9.6545469],[-82.7687807,9.6545365],[-82.7687495,9.6545251],[-82.7687168,9.6545132],[-82.7686838,9.6545014],[-82.7686517,9.6544901],[-82.7686218,9.6544798],[-82.7685954,9.654471],[-82.7685737,9.6544642],[-82.7685559,9.6544591],[-82.7685339,9.6544533],[-82.7685087,9.6544469],[-82.7684815,9.6544402],[-82.7684534,9.6544335],[-82.7684255,9.6544268],[-82.7683988,9.6544206],[-82.7683745,9.654415],[-82.7683537,9.6544102],[-82.7683375,9.6544065],[-82.768327,9.6544041],[-82.7683232,9.6544032],[-82.7683218,9.6544026],[-82.7683178,9.6544009],[-82.7683117,9.6543984],[-82.7683038,9.6543953],[-82.7682946,9.6543917],[-82.7682844,9.6543881],[-82.7682737,9.6543845],[-82.7682629,9.6543812],[-82.7682523,9.6543785],[-82.7682425,9.6543766],[-82.7682337,9.6543757],[-82.7682264,9.654376],[-82.7682197,9.6543777],[-82.7682127,9.6543805],[-82.7682055,9.6543843],[-82.7681982,9.6543888],[-82.7681908,9.6543939],[-82.7681835,9.6543995],[-82.7681764,9.6544053],[-82.7681696,9.6544112],[-82.7681632,9.6544169],[-82.7681573,9.6544224],[-82.768152,9.6544275],[-82.7681474,9.6544319],[-82.7681401,9.6544395],[-82.7681324,9.6544485],[-82.7681245,9.6544584],[-82.7681164,9.6544692],[-82.7681082,9.6544805],[-82.7681001,9.6544921],[-82.7680921,9.6545038],[-82.7680843,9.6545153],[-82.7680768,9.6545264],[-82.7680697,9.6545368],[-82.7680631,9.6545463],[-82.768057,9.6545546],[-82.768051,9.6545624],[-82.7680441,9.6545712],[-82.7680365,9.6545808],[-82.7680284,9.6545909],[-82.7680199,9.6546015],[-82.7680113,9.6546122],[-82.7680028,9.654623],[-82.7679946,9.6546337],[-82.7679868,9.654644],[-82.7679797,9.6546537],[-82.7679734,9.6546628],[-82.7679682,9.6546709],[-82.7679634,9.6546794],[-82.7679584,9.6546891],[-82.7679533,9.6546998],[-82.7679481,9.6547112],[-82.7679428,9.6547231],[-82.7679376,9.6547353],[-82.7679324,9.6547475],[-82.7679274,9.6547595],[-82.7679225,9.654771],[-82.7679179,9.6547818],[-82.7679135,9.6547917],[-82.7679094,9.6548004],[-82.767905,9.6548094],[-82.7678999,9.6548194],[-82.7678943,9.6548303],[-82.7678883,9.6548419],[-82.767882,9.654854],[-82.7678755,9.6548663],[-82.7678691,9.6548785],[-82.7678628,9.6548906],[-82.7678568,9.6549022],[-82.7678512,9.6549132],[-82.7678462,9.6549232],[-82.7678419,9.6549322],[-82.7678395,9.6549377],[-82.767837,9.6549441],[-82.7678345,9.6549511],[-82.7678318,9.6549585],[-82.7678291,9.6549662],[-82.7678263,9.6549741],[-82.7678234,9.6549819],[-82.7678203,9.6549895],[-82.7678171,9.6549967],[-82.7678137,9.6550034],[-82.7678102,9.6550093],[-82.7678065,9.6550144],[-82.767804,9.6550169],[-82.7678008,9.6550195],[-82.7677971,9.6550221],[-82.7677929,9.6550248],[-82.7677885,9.6550275],[-82.7677839,9.6550302],[-82.7677794,9.6550329],[-82.767775,9.6550357],[-82.7677709,9.6550384],[-82.7677673,9.6550411],[-82.7677643,9.6550437],[-82.767762,9.6550463],[-82.76776,9.6550497],[-82.7677582,9.6550536],[-82.7677566,9.6550579],[-82.7677551,9.6550626],[-82.7677538,9.6550676],[-82.7677527,9.6550726],[-82.7677518,9.6550778],[-82.7677511,9.6550828],[-82.7677505,9.6550876],[-82.7677501,9.6550922],[-82.7677498,9.6550964],[-82.7677497,9.6551001],[-82.7677497,9.6551047],[-82.7677497,9.6551099],[-82.7677499,9.6551157],[-82.7677503,9.6551218],[-82.7677508,9.6551282],[-82.7677516,9.6551346],[-82.7677527,9.655141],[-82.767754,9.6551471],[-82.7677557,9.6551529],[-82.7677578,9.6551581],[-82.7677603,9.6551627],[-82.7677633,9.6551665],[-82.7677673,9.6551698],[-82.7677724,9.655173],[-82.7677784,9.655176],[-82.7677852,9.6551788],[-82.7677926,9.6551815],[-82.7678003,9.655184],[-82.7678083,9.6551863],[-82.7678161,9.6551885],[-82.7678238,9.6551904],[-82.767831,9.6551921],[-82.7678376,9.6551937],[-82.7678434,9.655195],[-82.7678513,9.6551966],[-82.7678603,9.6551981],[-82.7678703,9.6551995],[-82.7678809,9.6552008],[-82.767892,9.655202],[-82.7679033,9.6552031],[-82.7679147,9.6552041],[-82.7679258,9.6552051],[-82.7679366,9.6552061],[-82.7679467,9.655207],[-82.7679559,9.6552079],[-82.7679641,9.6552087],[-82.767978,9.6552102],[-82.7679937,9.6552118],[-82.7680108,9.6552134],[-82.768029,9.6552152],[-82.768048,9.655217],[-82.7680673,9.6552189],[-82.7680865,9.6552209],[-82.7681054,9.6552229],[-82.7681235,9.6552251],[-82.7681405,9.6552273],[-82.768156,9.6552297],[-82.7681697,9.6552321],[-82.7681802,9.6552344],[-82.7681919,9.6552372],[-82.7682047,9.6552404],[-82.7682181,9.6552441],[-82.7682321,9.655248],[-82.7682463,9.6552521],[-82.7682604,9.6552563],[-82.7682742,9.6552604],[-82.7682875,9.6552645],[-82.7682999,9.6552685],[-82.7683113,9.6552721],[-82.7683213,9.6552754],[-82.7683278,9.6552776],[-82.7683357,9.6552804],[-82.7683446,9.6552836],[-82.7683541,9.6552871],[-82.768364,9.6552908],[-82.7683737,9.6552945],[-82.768383,9.655298],[-82.7683915,9.6553013],[-82.7683987,9.655304],[-82.7684043,9.6553062],[-82.768408,9.6553076],[-82.7684093,9.6553081]]},"properties":{"kind":"side_road","number":null,"name":null,"source_page":1,"registration":"manual_place_aligned","needs_confirmation":true}},{"type":"Feature","id":"pdf:side_road/115","geometry":{"type":"LineString","coordinates":[[-82.7700266,9.6563035],[-82.7696855,9.6560519],[-82.7695124,9.6560904],[-82.7691756,9.6561144],[-82.768933,9.656134],[-82.768653,9.6561387],[-82.7684332,9.6561415]]},"properties":{"kind":"side_road","number":null,"name":null,"source_page":1,"registration":"manual_place_aligned","needs_confirmation":true}},{"type":"Feature","id":"pdf:side_road/116","geometry":{"type":"LineString","coordinates":[[-82.7693254,9.6571926],[-82.7694177,9.6571207],[-82.7695249,9.6571027],[-82.7696783,9.6571031],[-82.7697784,9.6570671],[-82.7698512,9.6569781],[-82.7699055,9.6569346],[-82.7700359,9.6569258],[-82.7702676,9.6569396],[-82.7703933,9.6569022],[-82.7705402,9.6568197],[-82.7706651,9.6566847],[-82.7707965,9.6565332],[-82.7709032,9.6564049],[-82.7709813,9.6563555],[-82.7711853,9.6561669],[-82.7713656,9.6559973],[-82.7715643,9.6558082],[-82.7717125,9.6557582],[-82.7719299,9.655699],[-82.7722298,9.6556471],[-82.7724944,9.6555652],[-82.7727897,9.6554458],[-82.773023,9.6553538],[-82.7731826,9.655329],[-82.7732766,9.6553724],[-82.7732847,9.655462],[-82.7732444,9.6555678],[-82.7730857,9.6557399],[-82.7729128,9.6559515],[-82.7727494,9.6561707],[-82.7724873,9.6564824],[-82.772261,9.6566575],[-82.7720249,9.6568899],[-82.7717381,9.657149],[-82.771626,9.6572767],[-82.7714816,9.6574874],[-82.7713803,9.6577311],[-82.7712622,9.6578863],[-82.7711872,9.657963]]},"properties":{"kind":"side_road","number":null,"name":null,"source_page":1,"registration":"manual_place_aligned","needs_confirmation":true}},{"type":"Feature","id":"pdf:side_road/117","geometry":{"type":"LineString","coordinates":[[-82.7766308,9.6561585],[-82.7764503,9.6560689],[-82.7761725,9.6559834],[-82.7757434,9.6558803],[-82.7753767,9.6558377],[-82.7750198,9.6558229],[-82.7746666,9.6558671],[-82.7744804,9.655984],[-82.7743016,9.6561711],[-82.7739842,9.6564915],[-82.7739812,9.6564957],[-82.7739729,9.6565074],[-82.7739603,9.656525],[-82.7739445,9.6565472],[-82.7739267,9.6565725],[-82.7739079,9.6565993],[-82.7738892,9.6566263],[-82.7738716,9.656652],[-82.7738563,9.6566749],[-82.7738443,9.6566936],[-82.7738367,9.6567065],[-82.7738346,9.6567123],[-82.7738348,9.6567167],[-82.7738336,9.6567259],[-82.7738312,9.6567389],[-82.7738278,9.6567547],[-82.7738238,9.6567724],[-82.7738193,9.6567912],[-82.7738148,9.6568101],[-82.7738104,9.656828],[-82.7738063,9.6568442],[-82.773803,9.6568577],[-82.7738005,9.6568675],[-82.7737993,9.6568728],[-82.773798,9.6568767],[-82.7737956,9.6568829],[-82.7737922,9.6568909],[-82.7737881,9.6569004],[-82.7737835,9.6569107],[-82.7737787,9.6569216],[-82.7737739,9.6569324],[-82.7737693,9.6569429],[-82.7737651,9.6569526],[-82.7737617,9.6569609],[-82.7737592,9.6569675],[-82.7737578,9.6569719],[-82.7737555,9.6569772],[-82.7737503,9.6569862],[-82.7737428,9.6569982],[-82.7737336,9.6570123],[-82.7737233,9.657028],[-82.7737124,9.6570443],[-82.7737015,9.6570606],[-82.7736912,9.6570761],[-82.7736821,9.6570901],[-82.7736747,9.6571018],[-82.7736696,9.6571104],[-82.7736674,9.6571152],[-82.7736646,9.6571225],[-82.7736578,9.657138],[-82.7736479,9.6571601],[-82.7736356,9.657187],[-82.7736218,9.6572171],[-82.7736072,9.6572486],[-82.7735926,9.65728],[-82.773579,9.6573094],[-82.7735669,9.6573352],[-82.7735573,9.6573558],[-82.773551,9.6573693],[-82.7735487,9.6573742],[-82.7734276,9.6576698],[-82.7732997,9.6579711],[-82.7732077,9.6582365]]},"properties":{"kind":"side_road","number":null,"name":null,"source_page":1,"registration":"manual_place_aligned","needs_confirmation":true}},{"type":"Feature","id":"pdf:side_road/118","geometry":{"type":"LineString","coordinates":[[-82.7734157,9.6563],[-82.7732941,9.6564699],[-82.7731782,9.6566903],[-82.7730554,9.6570187],[-82.772946,9.6573372],[-82.772826,9.6575389],[-82.7725463,9.6579314],[-82.7724511,9.6581096],[-82.7724855,9.6581475],[-82.7727074,9.6582534]]},"properties":{"kind":"side_road","number":null,"name":null,"source_page":1,"registration":"manual_place_aligned","needs_confirmation":true}},{"type":"Feature","id":"pdf:side_road/119","geometry":{"type":"LineString","coordinates":[[-82.7716635,9.657234],[-82.7717637,9.6572872],[-82.7721478,9.6575018],[-82.7724719,9.6576585],[-82.7726697,9.6577582]]},"properties":{"kind":"side_road","number":null,"name":null,"source_page":1,"registration":"manual_place_aligned","needs_confirmation":true}},{"type":"Feature","id":"pdf:side_road/120","geometry":{"type":"LineString","coordinates":[[-82.7744546,9.6600273],[-82.7755578,9.6584273]]},"properties":{"kind":"side_road","number":null,"name":null,"source_page":1,"registration":"manual_place_aligned","needs_confirmation":true}},{"type":"Feature","id":"pdf:side_road/121","geometry":{"type":"LineString","coordinates":[[-82.778841,9.6593518],[-82.7785952,9.6592753],[-82.7783231,9.6593502],[-82.7780153,9.6593677],[-82.7776271,9.65928],[-82.7771338,9.6591054],[-82.7765926,9.6589609],[-82.7763114,9.658796],[-82.7763037,9.6587914],[-82.7762824,9.6587788],[-82.7762502,9.6587596],[-82.7762097,9.6587355],[-82.7761637,9.6587079],[-82.7761147,9.6586785],[-82.7760655,9.6586488],[-82.7760188,9.6586204],[-82.7759772,9.6585947],[-82.7759435,9.6585735],[-82.7759202,9.6585581],[-82.77591,9.6585502],[-82.7759016,9.6585446],[-82.7758828,9.6585355],[-82.7758558,9.6585237],[-82.7758226,9.6585098],[-82.7757851,9.6584947],[-82.7757455,9.6584789],[-82.7757057,9.6584633],[-82.7756677,9.6584486],[-82.7756336,9.6584354],[-82.7756053,9.6584246],[-82.775585,9.6584168],[-82.7755746,9.6584128],[-82.7755609,9.6584101],[-82.7755315,9.6584059],[-82.7754894,9.6584007],[-82.7754378,9.6583946],[-82.7753799,9.6583879],[-82.7753186,9.6583811],[-82.7752572,9.6583743],[-82.7751987,9.658368],[-82.7751463,9.6583623],[-82.7751031,9.6583577],[-82.7750722,9.6583544],[-82.7750567,9.6583527],[-82.775042,9.6583523],[-82.7750133,9.6583527],[-82.7749734,9.6583536],[-82.7749252,9.6583547],[-82.7748716,9.6583557],[-82.7748153,9.6583564],[-82.7747594,9.6583564],[-82.7747066,9.6583557],[-82.7746598,9.6583538],[-82.7746218,9.6583505],[-82.7745956,9.6583455],[-82.7745839,9.6583386],[-82.7745759,9.6583325],[-82.77456,9.6583296],[-82.7745377,9.6583295],[-82.7745108,9.6583317],[-82.7744808,9.6583355],[-82.7744495,9.6583405],[-82.7744185,9.6583462],[-82.7743894,9.658352],[-82.7743639,9.6583575],[-82.7743436,9.658362],[-82.7743302,9.6583651],[-82.7743254,9.6583663],[-82.7736982,9.6582935],[-82.7731244,9.6582269],[-82.7731209,9.6582263],[-82.7731112,9.6582248],[-82.7730962,9.6582225],[-82.773077,9.6582196],[-82.7730545,9.6582163],[-82.7730298,9.6582129],[-82.7730039,9.6582094],[-82.7729777,9.6582063],[-82.7729523,9.6582035],[-82.7729287,9.6582014],[-82.7729078,9.6582],[-82.7728908,9.6581998],[-82.7728809,9.6582003],[-82.7728697,9.6582014],[-82.7728576,9.658203],[-82.7728448,9.6582052],[-82.7728315,9.6582077],[-82.7728181,9.6582106],[-82.7728047,9.6582138],[-82.7727918,9.6582172],[-82.7727795,9.6582208],[-82.7727681,9.6582246],[-82.7727579,9.6582283],[-82.7727492,9.6582321],[-82.772741,9.6582365],[-82.7727324,9.658242],[-82.7727234,9.6582485],[-82.7727143,9.6582558],[-82.7727051,9.6582637],[-82.772696,9.6582719],[-82.7726871,9.6582803],[-82.7726786,9.6582887],[-82.7726705,9.6582968],[-82.772663,9.6583046],[-82.7726563,9.6583117],[-82.7726505,9.658318],[-82.7726455,9.6583238],[-82.7726401,9.6583304],[-82.7726345,9.6583377],[-82.7726285,9.6583455],[-82.7726224,9.6583537],[-82.7726162,9.6583619],[-82.7726098,9.6583702],[-82.7726035,9.6583782],[-82.7725971,9.6583857],[-82.7725909,9.6583927],[-82.7725848,9.6583988],[-82.7725789,9.658404],[-82.7725724,9.6584087],[-82.7725645,9.6584137],[-82.7725556,9.6584188],[-82.7725458,9.658424],[-82.7725354,9.6584291],[-82.7725246,9.6584341],[-82.7725137,9.658439],[-82.7725028,9.6584435],[-82.7724922,9.6584477],[-82.7724821,9.6584514],[-82.7724728,9.6584546],[-82.7724644,9.6584572],[-82.7724566,9.6584592],[-82.7724477,9.658461],[-82.7724379,9.6584627],[-82.7724273,9.6584641],[-82.7724163,9.6584654],[-82.772405,9.6584664],[-82.7723937,9.6584672],[-82.7723825,9.6584678],[-82.7723718,9.6584682],[-82.7723617,9.6584683],[-82.7723525,9.6584681],[-82.7723444,9.6584677],[-82.7723301,9.658466],[-82.7723128,9.658463],[-82.7722933,9.6584588],[-82.7722725,9.658454],[-82.7722511,9.6584486],[-82.7722299,9.658443],[-82.7722097,9.6584375],[-82.7721914,9.6584324],[-82.7721758,9.6584279],[-82.7721636,9.6584243],[-82.7721558,9.658422],[-82.7721529,9.6584211],[-82.7718729,9.6583188],[-82.7718678,9.6583168],[-82.7718537,9.658311],[-82.7718319,9.6583022],[-82.7718039,9.6582908],[-82.7717713,9.6582775],[-82.7717356,9.6582627],[-82.7716982,9.6582471],[-82.7716607,9.6582312],[-82.7716245,9.6582156],[-82.7715911,9.6582008],[-82.771562,9.6581875],[-82.7715388,9.6581761],[-82.7715133,9.6581624],[-82.7714827,9.658145],[-82.7714483,9.6581248],[-82.7714116,9.6581026],[-82.7713738,9.6580796],[-82.7713366,9.6580565],[-82.7713012,9.6580344],[-82.7712691,9.6580142],[-82.7712416,9.6579969],[-82.7712203,9.6579833],[-82.7712064,9.6579745],[-82.7712015,9.6579713],[-82.7707439,9.6577039],[-82.770464,9.6575838],[-82.7701704,9.6574881],[-82.769826,9.6573768],[-82.7694613,9.6572454],[-82.769454,9.6572426],[-82.7694335,9.6572347],[-82.7694019,9.6572225],[-82.7693615,9.6572067],[-82.7693143,9.6571882],[-82.7692627,9.6571677],[-82.7692086,9.6571461],[-82.7691543,9.657124],[-82.769102,9.6571024],[-82.7690537,9.6570818],[-82.7690117,9.6570633],[-82.7689781,9.6570474],[-82.7689528,9.6570346],[-82.7689245,9.6570199],[-82.7688938,9.6570036],[-82.7688615,9.656986],[-82.7688281,9.6569674],[-82.7687944,9.6569481],[-82.7687611,9.6569286],[-82.7687289,9.656909],[-82.7686984,9.6568897],[-82.7686702,9.6568711],[-82.7686452,9.6568534],[-82.7686239,9.656837],[-82.7686134,9.6568282],[-82.7686017,9.656818],[-82.7685892,9.6568068],[-82.7685761,9.6567946],[-82.7685628,9.6567818],[-82.7685496,9.6567686],[-82.7685368,9.6567552],[-82.7685246,9.6567418],[-82.7685135,9.6567287],[-82.7685036,9.6567161],[-82.7684954,9.6567042],[-82.7684891,9.6566933],[-82.7684827,9.6566781],[-82.7684765,9.6566591],[-82.7684707,9.6566372],[-82.7684653,9.6566134],[-82.7684603,9.6565887],[-82.7684558,9.6565641],[-82.7684519,9.6565406],[-82.7684485,9.6565191],[-82.7684458,9.6565007],[-82.7684438,9.6564864],[-82.7684426,9.656477],[-82.7684422,9.6564737],[-82.7684371,9.6562913],[-82.7684373,9.656289],[-82.768438,9.6562826],[-82.7684388,9.6562728],[-82.7684397,9.6562602],[-82.7684406,9.6562456],[-82.7684413,9.6562295],[-82.7684417,9.6562127],[-82.7684415,9.6561959],[-82.7684407,9.6561797],[-82.7684392,9.6561647],[-82.7684367,9.6561518],[-82.7684332,9.6561416],[-82.7684273,9.6561309],[-82.7684193,9.6561192],[-82.7684096,9.6561069],[-82.7683985,9.6560942],[-82.7683863,9.6560813],[-82.7683731,9.6560686],[-82.7683594,9.6560562],[-82.7683454,9.6560444],[-82.7683315,9.6560335],[-82.7683178,9.6560237],[-82.7683047,9.6560153],[-82.7682925,9.6560086],[-82.7682678,9.6559977],[-82.7682363,9.655986],[-82.7681997,9.6559739],[-82.7681598,9.6559616],[-82.7681182,9.6559495],[-82.7680767,9.6559379],[-82.7680369,9.6559272],[-82.7680005,9.6559176],[-82.7679693,9.6559097],[-82.7679449,9.6559036],[-82.767929,9.6558996],[-82.7679233,9.6558983],[-82.7673616,9.6557533],[-82.7668523,9.6556311],[-82.7668444,9.6556291],[-82.7668221,9.6556233],[-82.7667878,9.6556145],[-82.7667439,9.6556031],[-82.7666926,9.6555898],[-82.7666363,9.6555751],[-82.7665774,9.6555597],[-82.7665182,9.6555441],[-82.7664608,9.6555288],[-82.7664078,9.6555146],[-82.7663613,9.6555018],[-82.7663236,9.6554912],[-82.7663052,9.6554857],[-82.7662845,9.6554794],[-82.7662619,9.6554723],[-82.7662381,9.6554648],[-82.7662133,9.6554568],[-82.7661881,9.6554487],[-82.7661629,9.6554407],[-82.7661382,9.6554327],[-82.7661144,9.6554252],[-82.766092,9.6554181],[-82.7660714,9.6554118],[-82.7660531,9.6554063],[-82.7660291,9.6553995],[-82.7660019,9.6553921],[-82.7659721,9.6553842],[-82.7659404,9.655376],[-82.7659075,9.6553676],[-82.7658739,9.6553591],[-82.7658403,9.6553506],[-82.7658075,9.6553422],[-82.7657759,9.6553341],[-82.7657463,9.6553263],[-82.7657193,9.655319],[-82.7656955,9.6553123],[-82.7656803,9.6553078],[-82.7656633,9.6553026],[-82.7656447,9.6552969],[-82.7656251,9.6552907],[-82.7656048,9.6552842],[-82.7655841,9.6552775],[-82.7655635,9.6552707],[-82.7655433,9.655264],[-82.765524,9.6552574],[-82.7655059,9.6552511],[-82.7654893,9.6552453],[-82.7654748,9.65524],[-82.7654558,9.6552327],[-82.7654327,9.6552236],[-82.7654065,9.6552131],[-82.7653784,9.6552017],[-82.7653495,9.6551899],[-82.7653209,9.6551781],[-82.7652936,9.6551669],[-82.7652689,9.6551566],[-82.7652478,9.6551478],[-82.7652313,9.6551409],[-82.7652207,9.6551365],[-82.7652168,9.6551349]]},"properties":{"kind":"side_road","number":null,"name":null,"source_page":1,"registration":"manual_place_aligned","needs_confirmation":true}},{"type":"Feature","id":"pdf:side_road/122","geometry":{"type":"LineString","coordinates":[[-82.7750198,9.6558229],[-82.7748725,9.6555607],[-82.7746831,9.6553576],[-82.7743848,9.6551792],[-82.7741849,9.6550548],[-82.7738622,9.6551718],[-82.7735088,9.6553668],[-82.7732847,9.655462]]},"properties":{"kind":"side_road","number":null,"name":null,"source_page":1,"registration":"manual_place_aligned","needs_confirmation":true}},{"type":"Feature","id":"pdf:side_road/123","geometry":{"type":"LineString","coordinates":[[-82.774283,9.6541555],[-82.7742552,9.6541622],[-82.7741845,9.6541816],[-82.7740794,9.654211],[-82.7739487,9.6542481],[-82.7738009,9.6542902],[-82.7736449,9.6543348],[-82.7734891,9.6543795],[-82.7733422,9.6544217],[-82.7732129,9.6544589],[-82.7731099,9.6544886],[-82.7730418,9.6545083],[-82.7730171,9.6545154],[-82.7729941,9.6545231],[-82.7729294,9.6545446],[-82.7728297,9.6545778],[-82.7727019,9.6546203],[-82.7725526,9.6546699],[-82.7723885,9.6547244],[-82.7722163,9.6547816],[-82.7720428,9.6548392],[-82.7718747,9.654895],[-82.7717187,9.6549467],[-82.7715814,9.654992],[-82.7714696,9.6550288],[-82.7714451,9.6550368],[-82.7714173,9.6550459],[-82.7713871,9.6550558],[-82.771355,9.6550663],[-82.7713216,9.6550772],[-82.7712875,9.6550882],[-82.7712534,9.6550993],[-82.77122,9.6551101],[-82.7711878,9.6551205],[-82.7711575,9.6551302],[-82.7711296,9.655139],[-82.771105,9.6551468],[-82.7710828,9.6551536],[-82.7710556,9.655162],[-82.7710247,9.6551714],[-82.7709914,9.6551816],[-82.7709571,9.6551922],[-82.7709231,9.6552027],[-82.7708906,9.6552129],[-82.770861,9.6552224],[-82.7708356,9.6552307],[-82.7708158,9.6552376],[-82.7708028,9.6552426],[-82.7707979,9.6552454],[-82.7707935,9.6552482],[-82.7707816,9.6552531],[-82.7707635,9.6552598],[-82.7707405,9.6552679],[-82.7707136,9.6552772],[-82.7706842,9.6552872],[-82.7706535,9.6552977],[-82.7706225,9.6553084],[-82.7705927,9.6553188],[-82.770565,9.6553287],[-82.7705409,9.6553377],[-82.7705214,9.6553455],[-82.7705161,9.6553478],[-82.7705098,9.6553506],[-82.7705028,9.6553538],[-82.7704952,9.6553574],[-82.7704872,9.6553613],[-82.7704791,9.6553655],[-82.7704709,9.6553698],[-82.7704628,9.6553742],[-82.7704551,9.6553787],[-82.7704478,9.6553832],[-82.7704413,9.6553876],[-82.7704356,9.6553919],[-82.770431,9.6553965],[-82.7704266,9.6554028],[-82.7704224,9.6554103],[-82.7704185,9.6554186],[-82.7704148,9.6554274],[-82.7704115,9.6554364],[-82.7704086,9.6554452],[-82.770406,9.6554535],[-82.7704039,9.6554609],[-82.7704022,9.6554671],[-82.770401,9.6554717],[-82.7704004,9.6554744],[-82.7704001,9.6554774],[-82.7703999,9.655483],[-82.7703998,9.6554906],[-82.7703998,9.6554996],[-82.7703999,9.6555096],[-82.7704,9.65552],[-82.7704001,9.6555303],[-82.7704002,9.6555399],[-82.7704004,9.6555483],[-82.7704005,9.655555],[-82.7704006,9.6555594],[-82.7704006,9.655561],[-82.7704009,9.6555628],[-82.7704019,9.655568],[-82.7704033,9.6555761],[-82.770405,9.6555864],[-82.770407,9.6555984],[-82.770409,9.6556117],[-82.7704109,9.6556256],[-82.7704126,9.6556396],[-82.7704139,9.6556532],[-82.7704148,9.6556658],[-82.7704151,9.6556769],[-82.7704146,9.6556859],[-82.770412,9.6556999],[-82.7704075,9.6557168],[-82.7704016,9.655736],[-82.7703945,9.6557566],[-82.7703868,9.6557778],[-82.7703787,9.6557988],[-82.7703708,9.6558187],[-82.7703634,9.6558369],[-82.7703569,9.6558524],[-82.7703518,9.6558645],[-82.7703484,9.6558723],[-82.7703472,9.6558751],[-82.770272,9.6560623],[-82.7702712,9.6560646],[-82.7702689,9.6560708],[-82.7702652,9.6560805],[-82.7702604,9.6560928],[-82.7702546,9.6561071],[-82.770248,9.6561228],[-82.7702407,9.6561391],[-82.7702329,9.6561554],[-82.7702249,9.6561709],[-82.7702168,9.6561851],[-82.7702087,9.6561973],[-82.7702009,9.6562067],[-82.770195,9.6562117],[-82.7701865,9.6562178],[-82.7701759,9.6562246],[-82.770164,9.6562319],[-82.7701511,9.6562394],[-82.770138,9.6562468],[-82.7701253,9.6562539],[-82.7701136,9.6562603],[-82.7701034,9.6562658],[-82.7700953,9.65627],[-82.7700901,9.6562728],[-82.7700882,9.6562738],[-82.7700194,9.6563069],[-82.7698402,9.6564226],[-82.7698381,9.6564239],[-82.7698322,9.6564276],[-82.7698232,9.6564333],[-82.7698116,9.6564407],[-82.7697982,9.6564494],[-82.7697836,9.6564589],[-82.7697684,9.6564691],[-82.7697531,9.6564794],[-82.7697386,9.6564895],[-82.7697253,9.6564991],[-82.769714,9.6565078],[-82.7697052,9.6565153],[-82.7696966,9.6565235],[-82.7696874,9.656533],[-82.7696777,9.6565437],[-82.7696677,9.6565551],[-82.7696576,9.6565672],[-82.7696475,9.6565796],[-82.7696376,9.6565921],[-82.7696282,9.6566045],[-82.7696192,9.6566166],[-82.7696111,9.6566279],[-82.7696038,9.6566385],[-82.7695976,9.6566479],[-82.7695921,9.656657],[-82.7695855,9.6566682],[-82.7695783,9.6566811],[-82.7695706,9.656695],[-82.7695627,9.6567094],[-82.769555,9.6567237],[-82.7695478,9.6567374],[-82.7695412,9.6567498],[-82.7695356,9.6567605],[-82.7695312,9.6567688],[-82.7695284,9.6567742],[-82.7695274,9.6567761],[-82.7695267,9.6567775],[-82.7695247,9.6567813],[-82.7695215,9.6567871],[-82.7695174,9.6567945],[-82.7695126,9.6568031],[-82.7695071,9.6568125],[-82.7695013,9.6568223],[-82.7694952,9.656832],[-82.769489,9.6568414],[-82.769483,9.6568499],[-82.7694772,9.6568572],[-82.7694719,9.6568628],[-82.7694656,9.656868],[-82.7694572,9.6568739],[-82.7694472,9.6568803],[-82.7694362,9.6568869],[-82.7694246,9.6568936],[-82.7694129,9.6569],[-82.7694017,9.6569061],[-82.7693914,9.6569116],[-82.7693825,9.6569162],[-82.7693755,9.6569198],[-82.769371,9.6569221],[-82.7693694,9.6569229],[-82.7693669,9.6569242],[-82.7693602,9.6569278],[-82.7693497,9.6569335],[-82.7693364,9.6569407],[-82.7693209,9.6569493],[-82.7693039,9.6569587],[-82.7692863,9.6569687],[-82.7692686,9.6569789],[-82.7692516,9.656989],[-82.7692361,9.6569986],[-82.7692228,9.6570072],[-82.7692124,9.6570147],[-82.7692048,9.657021],[-82.769196,9.657029],[-82.7691863,9.6570384],[-82.7691761,9.6570486],[-82.7691657,9.6570593],[-82.7691556,9.65707],[-82.769146,9.6570803],[-82.7691373,9.6570896],[-82.7691299,9.6570977],[-82.7691242,9.657104],[-82.7691205,9.6571081],[-82.7691192,9.6571096]]},"properties":{"kind":"side_road","number":null,"name":null,"source_page":1,"registration":"manual_place_aligned","needs_confirmation":true}},{"type":"Feature","id":"pdf:side_road/124","geometry":{"type":"LineString","coordinates":[[-82.7722041,9.6547857],[-82.7720757,9.6544748]]},"properties":{"kind":"side_road","number":null,"name":null,"source_page":1,"registration":"manual_place_aligned","needs_confirmation":true}},{"type":"Feature","id":"pdf:side_road/125","geometry":{"type":"LineString","coordinates":[[-82.7694359,9.6530113],[-82.7699744,9.6536152]]},"properties":{"kind":"side_road","number":null,"name":null,"source_page":1,"registration":"manual_place_aligned","needs_confirmation":true}},{"type":"Feature","id":"pdf:side_road/126","geometry":{"type":"LineString","coordinates":[[-82.7686375,9.6534628],[-82.7680904,9.6528594],[-82.7675965,9.6531865]]},"properties":{"kind":"side_road","number":null,"name":null,"source_page":1,"registration":"manual_place_aligned","needs_confirmation":true}},{"type":"Feature","id":"pdf:side_road/127","geometry":{"type":"LineString","coordinates":[[-82.7676454,9.6528524],[-82.7678935,9.6526836],[-82.7680904,9.6528594]]},"properties":{"kind":"side_road","number":null,"name":null,"source_page":1,"registration":"manual_place_aligned","needs_confirmation":true}},{"type":"Feature","id":"pdf:side_road/128","geometry":{"type":"LineString","coordinates":[[-82.7658838,9.6520277],[-82.7650277,9.6531861]]},"properties":{"kind":"side_road","number":null,"name":null,"source_page":1,"registration":"manual_place_aligned","needs_confirmation":true}},{"type":"Feature","id":"pdf:side_road/129","geometry":{"type":"LineString","coordinates":[[-82.7651178,9.6530819],[-82.7654099,9.6531975],[-82.7652034,9.653343]]},"properties":{"kind":"side_road","number":null,"name":null,"source_page":1,"registration":"manual_place_aligned","needs_confirmation":true}},{"type":"Feature","id":"pdf:side_road/130","geometry":{"type":"LineString","coordinates":[[-82.7656337,9.6532736],[-82.7654099,9.6531975]]},"properties":{"kind":"side_road","number":null,"name":null,"source_page":1,"registration":"manual_place_aligned","needs_confirmation":true}},{"type":"Feature","id":"pdf:side_road/131","geometry":{"type":"LineString","coordinates":[[-82.7606633,9.6528531],[-82.7622706,9.6532337],[-82.7624201,9.6532697]]},"properties":{"kind":"side_road","number":null,"name":null,"source_page":1,"registration":"manual_place_aligned","needs_confirmation":true}},{"type":"Feature","id":"pdf:side_road/132","geometry":{"type":"LineString","coordinates":[[-82.7624841,9.6515088],[-82.7624779,9.6515455],[-82.7624674,9.6516216],[-82.7624536,9.6517291],[-82.7624375,9.6518598],[-82.76242,9.6520056],[-82.7624021,9.6521585],[-82.7623846,9.6523101],[-82.7623685,9.6524525],[-82.7623546,9.6525774],[-82.7623437,9.6526768],[-82.7623366,9.6527424],[-82.762334,9.652766],[-82.7622706,9.6532337]]},"properties":{"kind":"side_road","number":null,"name":null,"source_page":1,"registration":"manual_place_aligned","needs_confirmation":true}},{"type":"Feature","id":"pdf:side_road/133","geometry":{"type":"LineString","coordinates":[[-82.7619388,9.6514819],[-82.7617254,9.6531031]]},"properties":{"kind":"side_road","number":null,"name":null,"source_page":1,"registration":"manual_place_aligned","needs_confirmation":true}},{"type":"Feature","id":"pdf:side_road/134","geometry":{"type":"LineString","coordinates":[[-82.7616206,9.6525517],[-82.7615544,9.6530625],[-82.7615088,9.6532583],[-82.7613915,9.6535578],[-82.7612359,9.6540388],[-82.7610904,9.6545478]]},"properties":{"kind":"side_road","number":null,"name":null,"source_page":1,"registration":"manual_place_aligned","needs_confirmation":true}},{"type":"Feature","id":"pdf:side_road/135","geometry":{"type":"LineString","coordinates":[[-82.7797654,9.6559535],[-82.7791758,9.6556505],[-82.7785004,9.6553003],[-82.7781015,9.6551056],[-82.7779196,9.6549612],[-82.7779444,9.6546658],[-82.7778366,9.6545308],[-82.7777405,9.6544663],[-82.7776032,9.654493],[-82.7773989,9.6546024],[-82.7772249,9.6547313],[-82.7771048,9.6549898],[-82.7768379,9.6556292],[-82.7765509,9.656363],[-82.7763082,9.6568676],[-82.7760511,9.6574076],[-82.7758795,9.6576543],[-82.7756476,9.6582224],[-82.7755746,9.6584128]]},"properties":{"kind":"side_road","number":null,"name":null,"source_page":1,"registration":"manual_place_aligned","needs_confirmation":true}},{"type":"Feature","id":"pdf:side_road/136","geometry":{"type":"LineString","coordinates":[[-82.7765193,9.6564286],[-82.778551,9.6565314]]},"properties":{"kind":"side_road","number":null,"name":null,"source_page":1,"registration":"manual_place_aligned","needs_confirmation":true}},{"type":"Feature","id":"pdf:side_road/137","geometry":{"type":"LineString","coordinates":[[-82.774121,9.6583425],[-82.7748154,9.6567475]]},"properties":{"kind":"side_road","number":null,"name":null,"source_page":1,"registration":"manual_place_aligned","needs_confirmation":true}},{"type":"Feature","id":"pdf:side_road/138","geometry":{"type":"LineString","coordinates":[[-82.7723444,9.6584677],[-82.772351,9.6584729],[-82.7723693,9.6584874],[-82.7723976,9.6585098],[-82.772434,9.6585384],[-82.7724766,9.6585717],[-82.7725235,9.6586083],[-82.7725729,9.6586465],[-82.7726229,9.6586849],[-82.7726716,9.6587219],[-82.7727171,9.6587559],[-82.7727576,9.6587855],[-82.7727911,9.6588091],[-82.7728586,9.6588536],[-82.772936,9.6589027],[-82.7730216,9.6589554],[-82.7731131,9.6590107],[-82.7732089,9.6590677],[-82.7733067,9.6591254],[-82.7734048,9.659183],[-82.7735011,9.6592395],[-82.7735936,9.659294],[-82.7736804,9.6593455],[-82.7737596,9.659393],[-82.7738291,9.6594357],[-82.773916,9.6594901],[-82.7740139,9.6595516],[-82.7741206,9.659619],[-82.7742338,9.6596907],[-82.7743512,9.6597654],[-82.7744707,9.6598418],[-82.7745898,9.6599184],[-82.7747064,9.6599939],[-82.7748183,9.6600669],[-82.774923,9.6601361],[-82.7750184,9.6601999],[-82.7751022,9.6602571],[-82.7751509,9.6602914],[-82.7752051,9.6603307],[-82.7752637,9.660374],[-82.7753257,9.6604203],[-82.7753898,9.6604687],[-82.7754551,9.660518],[-82.7755204,9.6605674],[-82.7755845,9.6606157],[-82.7756465,9.6606621],[-82.7757051,9.6607055],[-82.7757592,9.6607448],[-82.7758078,9.6607792],[-82.7758707,9.660822],[-82.7759486,9.660874],[-82.7760377,9.6609326],[-82.7761342,9.6609955],[-82.7762339,9.6610602],[-82.7763331,9.6611242],[-82.7764278,9.661185],[-82.7765141,9.6612403],[-82.7765881,9.6612876],[-82.7766457,9.6613244],[-82.7766832,9.6613483],[-82.7766966,9.6613568],[-82.7773844,9.6618152],[-82.7774896,9.6618807]]},"properties":{"kind":"side_road","number":null,"name":null,"source_page":1,"registration":"manual_place_aligned","needs_confirmation":true}},{"type":"Feature","id":"pdf:side_road/139","geometry":{"type":"LineString","coordinates":[[-82.6886364,9.637438],[-82.6886383,9.6374455],[-82.6886436,9.6374665],[-82.6886517,9.6374988],[-82.6886621,9.6375404],[-82.6886743,9.637589],[-82.6886877,9.6376424],[-82.6887017,9.6376985],[-82.6887158,9.6377551],[-82.6887294,9.6378101],[-82.6887418,9.6378612],[-82.6887524,9.6379063],[-82.6887607,9.6379432],[-82.6887668,9.6379731],[-82.688774,9.6380101],[-82.6887818,9.6380522],[-82.6887901,9.6380976],[-82.6887986,9.6381445],[-82.6888069,9.6381912],[-82.6888148,9.6382356],[-82.6888219,9.6382761],[-82.6888281,9.6383108],[-82.6888328,9.6383379],[-82.6888359,9.6383555],[-82.688837,9.6383617],[-82.6888373,9.6383651],[-82.688838,9.6383747],[-82.6888392,9.6383893],[-82.6888405,9.6384081],[-82.6888419,9.6384301],[-82.6888432,9.6384543],[-82.6888444,9.6384797],[-82.6888452,9.6385053],[-82.6888455,9.6385301],[-82.6888451,9.6385533],[-82.688844,9.6385736],[-82.688842,9.6385903],[-82.6888342,9.6386239],[-82.688822,9.6386648],[-82.6888063,9.6387112],[-82.688788,9.638761],[-82.6887683,9.6388123],[-82.6887479,9.6388632],[-82.688728,9.6389116],[-82.6887096,9.6389556],[-82.6886935,9.6389933],[-82.6886808,9.6390226],[-82.6886725,9.6390417],[-82.6886695,9.6390484],[-82.6885075,9.6393485],[-82.688506,9.6393513],[-82.6885019,9.6393593],[-82.6884955,9.6393715],[-82.6884872,9.6393872],[-82.6884774,9.6394054],[-82.6884665,9.6394254],[-82.6884548,9.6394462],[-82.6884429,9.6394671],[-82.688431,9.6394872],[-82.6884195,9.6395057],[-82.6884088,9.6395216],[-82.6883994,9.6395342],[-82.6883959,9.6395383],[-82.6883918,9.6395429],[-82.6883872,9.6395478],[-82.6883822,9.6395529],[-82.6883768,9.6395581],[-82.6883713,9.6395633],[-82.6883656,9.6395685],[-82.68836,9.6395733],[-82.6883544,9.6395779],[-82.688349,9.639582],[-82.6883439,9.6395855],[-82.6883392,9.6395883],[-82.6883284,9.6395936],[-82.6883159,9.6395988],[-82.6883019,9.6396037],[-82.6882869,9.6396084],[-82.6882712,9.6396129],[-82.688255,9.6396171],[-82.6882388,9.639621],[-82.6882229,9.6396247],[-82.6882075,9.6396281],[-82.6881931,9.6396312],[-82.6881799,9.639634],[-82.6881683,9.6396364],[-82.6881509,9.6396396],[-82.6881312,9.6396425],[-82.6881097,9.6396451],[-82.6880868,9.6396477],[-82.6880631,9.6396501],[-82.688039,9.6396526],[-82.6880149,9.6396552],[-82.6879913,9.639658],[-82.6879687,9.6396611],[-82.6879475,9.6396645],[-82.6879282,9.6396685],[-82.6879111,9.6396729],[-82.6878964,9.6396777],[-82.6878798,9.6396836],[-82.6878619,9.6396906],[-82.687843,9.6396984],[-82.6878235,9.6397069],[-82.6878037,9.6397159],[-82.6877841,9.6397253],[-82.6877651,9.6397348],[-82.687747,9.6397444],[-82.6877301,9.6397537],[-82.687715,9.6397628],[-82.687702,9.6397714],[-82.6876835,9.6397854],[-82.6876637,9.6398023],[-82.6876429,9.6398216],[-82.6876213,9.6398427],[-82.6875993,9.6398651],[-82.6875772,9.6398882],[-82.6875552,9.6399115],[-82.6875336,9.6399345],[-82.6875128,9.6399564],[-82.687493,9.6399769],[-82.6874746,9.6399954],[-82.6874578,9.6400112],[-82.6874448,9.6400229],[-82.6874302,9.6400361],[-82.6874141,9.6400505],[-82.687397,9.6400657],[-82.6873791,9.6400815],[-82.6873607,9.6400973],[-82.6873423,9.640113],[-82.687324,9.6401281],[-82.6873062,9.6401424],[-82.6872892,9.6401554],[-82.6872732,9.6401669],[-82.6872588,9.6401765],[-82.6872418,9.6401864],[-82.6872223,9.6401967],[-82.6872007,9.6402073],[-82.6871775,9.640218],[-82.6871532,9.6402287],[-82.6871285,9.6402393],[-82.6871036,9.6402498],[-82.6870792,9.6402599],[-82.6870557,9.6402696],[-82.6870336,9.6402788],[-82.6870135,9.6402872],[-82.6869957,9.6402949],[-82.6869781,9.6403024],[-82.6869582,9.6403106],[-82.6869363,9.6403192],[-82.686913,9.6403283],[-82.6868889,9.6403377],[-82.6868644,9.6403475],[-82.68684,9.6403574],[-82.6868162,9.6403675],[-82.6867936,9.6403777],[-82.6867725,9.6403878],[-82.6867535,9.6403979],[-82.6867371,9.6404078],[-82.6867217,9.6404187],[-82.6867051,9.6404321],[-82.6866875,9.6404474],[-82.6866692,9.6404643],[-82.6866504,9.6404822],[-82.6866315,9.6405007],[-82.6866127,9.6405192],[-82.6865942,9.6405375],[-82.6865763,9.6405549],[-82.6865593,9.6405711],[-82.6865434,9.6405855],[-82.6865289,9.6405977],[-82.6865138,9.6406093],[-82.6864963,9.6406219],[-82.686477,9.6406352],[-82.6864563,9.6406491],[-82.6864348,9.6406634],[-82.6864128,9.640678],[-82.6863909,9.6406925],[-82.6863694,9.6407069],[-82.686349,9.640721],[-82.68633,9.6407346],[-82.6863128,9.6407475],[-82.6862981,9.6407595],[-82.6862849,9.6407714],[-82.6862706,9.6407854],[-82.6862553,9.6408012],[-82.6862394,9.6408182],[-82.686223,9.6408361],[-82.6862064,9.6408544],[-82.6861898,9.6408727],[-82.6861734,9.6408905],[-82.6861575,9.6409075],[-82.6861422,9.6409232],[-82.6861279,9.6409372],[-82.6861147,9.640949],[-82.6861062,9.640956],[-82.6860964,9.6409634],[-82.6860856,9.6409713],[-82.6860739,9.6409795],[-82.6860617,9.6409879],[-82.6860492,9.6409963],[-82.6860366,9.6410047],[-82.6860243,9.6410129],[-82.6860124,9.6410207],[-82.6860012,9.641028],[-82.685991,9.6410348],[-82.685982,9.6410408],[-82.6859699,9.6410489],[-82.6859562,9.6410577],[-82.6859411,9.6410673],[-82.6859251,9.6410773],[-82.6859084,9.6410878],[-82.6858915,9.6410985],[-82.6858746,9.6411094],[-82.6858582,9.6411201],[-82.6858425,9.6411307],[-82.685828,9.641141],[-82.6858149,9.6411508],[-82.6858036,9.6411599],[-82.6857897,9.6411727],[-82.6857748,9.6411878],[-82.685759,9.641205],[-82.6857425,9.6412236],[-82.6857257,9.6412432],[-82.6857085,9.6412632],[-82.6856914,9.6412832],[-82.6856745,9.6413027],[-82.6856579,9.6413211],[-82.685642,9.641338],[-82.6856269,9.6413529],[-82.6856128,9.6413652],[-82.6855946,9.6413789],[-82.6855734,9.6413931],[-82.68555,9.6414078],[-82.6855247,9.6414227],[-82.6854982,9.6414378],[-82.6854711,9.6414528],[-82.685444,9.6414677],[-82.6854173,9.6414822],[-82.6853917,9.6414962],[-82.6853677,9.6415096],[-82.6853459,9.6415222],[-82.6853268,9.6415338],[-82.6853161,9.6415409],[-82.6853042,9.6415493],[-82.6852913,9.6415589],[-82.6852777,9.6415691],[-82.6852635,9.6415798],[-82.685249,9.6415906],[-82.6852345,9.6416011],[-82.6852202,9.6416111],[-82.6852063,9.6416202],[-82.6851931,9.6416282],[-82.6851807,9.6416346],[-82.6851695,9.6416392],[-82.6851563,9.6416431],[-82.6851414,9.6416462],[-82.6851251,9.6416486],[-82.6851078,9.6416505],[-82.68509,9.6416517],[-82.6850719,9.6416523],[-82.685054,9.6416523],[-82.6850365,9.6416518],[-82.6850199,9.6416508],[-82.6850045,9.6416493],[-82.6849906,9.6416473],[-82.6849786,9.6416448],[-82.6849678,9.6416412],[-82.6849553,9.6416356],[-82.6849415,9.6416283],[-82.684927,9.6416199],[-82.6849122,9.6416107],[-82.6848979,9.6416014],[-82.6848843,9.6415922],[-82.6848721,9.6415837],[-82.6848617,9.6415763],[-82.6848536,9.6415705],[-82.6848485,9.6415666],[-82.6848466,9.6415653]]},"properties":{"kind":"side_road","number":null,"name":null,"source_page":1,"registration":"manual_place_aligned","needs_confirmation":true}},{"type":"Feature","id":"pdf:side_road/140","geometry":{"type":"LineString","coordinates":[[-82.6901836,9.6392046],[-82.6901778,9.6391931],[-82.6901666,9.6391837],[-82.690151,9.6391762],[-82.6901318,9.6391702],[-82.6901099,9.6391655],[-82.6900863,9.6391618],[-82.6900617,9.6391587],[-82.6900372,9.6391561],[-82.6900135,9.6391535],[-82.6899915,9.6391508],[-82.6899723,9.6391475],[-82.6899565,9.6391434],[-82.6899474,9.6391402],[-82.6899374,9.6391362],[-82.6899267,9.6391316],[-82.6899153,9.6391267],[-82.6899035,9.6391215],[-82.6898915,9.6391161],[-82.6898795,9.6391109],[-82.6898676,9.6391058],[-82.6898562,9.6391011],[-82.6898452,9.6390969],[-82.6898351,9.6390934],[-82.6898258,9.6390907],[-82.6898137,9.6390878],[-82.6897998,9.6390849],[-82.6897846,9.639082],[-82.6897683,9.6390791],[-82.6897513,9.6390764],[-82.6897338,9.639074],[-82.6897164,9.6390719],[-82.6896992,9.6390701],[-82.6896826,9.6390688],[-82.6896669,9.639068],[-82.6896525,9.6390678],[-82.6896396,9.6390682],[-82.6896331,9.6390688],[-82.6896257,9.6390697],[-82.6896176,9.6390708],[-82.689609,9.6390722],[-82.6896,9.6390739],[-82.689591,9.6390758],[-82.689582,9.639078],[-82.6895733,9.6390804],[-82.6895651,9.639083],[-82.6895576,9.6390859],[-82.6895509,9.6390889],[-82.6895453,9.6390922],[-82.689537,9.6390984],[-82.6895284,9.6391061],[-82.6895196,9.6391151],[-82.6895107,9.6391251],[-82.6895021,9.6391359],[-82.6894937,9.6391472],[-82.6894858,9.6391587],[-82.6894786,9.6391702],[-82.6894723,9.6391815],[-82.689467,9.6391923],[-82.6894629,9.6392022],[-82.6894602,9.6392112],[-82.6894596,9.6392164],[-82.6894597,9.6392221],[-82.6894606,9.6392283],[-82.689462,9.6392348],[-82.6894639,9.6392416],[-82.689466,9.6392485],[-82.6894682,9.6392554],[-82.6894704,9.6392621],[-82.6894724,9.6392687],[-82.6894741,9.6392749],[-82.6894754,9.6392806],[-82.689476,9.6392857],[-82.6894762,9.6392949],[-82.6894758,9.6393054],[-82.6894749,9.6393168],[-82.6894736,9.639329],[-82.6894721,9.6393417],[-82.6894704,9.6393547],[-82.6894688,9.6393676],[-82.6894673,9.6393803],[-82.689466,9.6393925],[-82.6894651,9.639404],[-82.6894647,9.6394144],[-82.6894649,9.6394236],[-82.6894665,9.6394348],[-82.6894698,9.6394472],[-82.6894742,9.6394607],[-82.6894794,9.6394749],[-82.689485,9.6394897],[-82.6894906,9.6395047],[-82.6894957,9.6395197],[-82.6894999,9.6395344],[-82.6895028,9.6395485],[-82.689504,9.6395618],[-82.689503,9.639574],[-82.6894995,9.6395847],[-82.6894929,9.639594],[-82.6894826,9.6396038],[-82.6894692,9.6396139],[-82.6894537,9.639624],[-82.6894369,9.6396339],[-82.6894197,9.6396433],[-82.6894028,9.639652],[-82.6893872,9.6396597],[-82.6893735,9.6396661],[-82.6893628,9.639671],[-82.6893557,9.6396742],[-82.6893532,9.6396753],[-82.6892045,9.6397699],[-82.6891965,9.6397687],[-82.6891738,9.6397655],[-82.689139,9.6397604],[-82.6890945,9.6397538],[-82.6890426,9.639746],[-82.6889858,9.6397374],[-82.6889264,9.6397282],[-82.6888668,9.6397188],[-82.6888094,9.6397094],[-82.6887563,9.6397003],[-82.68871,9.6396918],[-82.6886727,9.6396841],[-82.6886479,9.6396782],[-82.6886178,9.6396703],[-82.6885838,9.639661],[-82.6885474,9.6396506],[-82.68851,9.6396398],[-82.6884731,9.6396289],[-82.688438,9.6396184],[-82.6884061,9.6396088],[-82.6883789,9.6396005],[-82.6883578,9.639594],[-82.6883441,9.6395898],[-82.6883392,9.6395883],[-82.6883368,9.6397292],[-82.6883625,9.6398624],[-82.6884248,9.6400296],[-82.6884413,9.6401126]]},"properties":{"kind":"side_road","number":null,"name":null,"source_page":1,"registration":"manual_place_aligned","needs_confirmation":true}},{"type":"Feature","id":"pdf:side_road/141","geometry":{"type":"LineString","coordinates":[[-82.6893113,9.6376357],[-82.6887363,9.6377957]]},"properties":{"kind":"side_road","number":null,"name":null,"source_page":1,"registration":"manual_place_aligned","needs_confirmation":true}},{"type":"Feature","id":"pdf:side_road/142","geometry":{"type":"LineString","coordinates":[[-82.6900568,9.6364143],[-82.6900575,9.6364186],[-82.6900594,9.6364307],[-82.6900625,9.6364494],[-82.6900664,9.6364733],[-82.6900712,9.6365012],[-82.6900766,9.6365319],[-82.6900824,9.636564],[-82.6900885,9.6365963],[-82.6900947,9.6366276],[-82.6901008,9.6366565],[-82.6901067,9.6366818],[-82.6901122,9.6367021],[-82.6901183,9.6367213],[-82.6901257,9.6367427],[-82.6901344,9.6367659],[-82.6901439,9.6367904],[-82.6901541,9.6368158],[-82.6901648,9.6368416],[-82.6901757,9.6368673],[-82.6901866,9.6368924],[-82.6901973,9.6369166],[-82.6902074,9.6369393],[-82.6902169,9.63696],[-82.6902254,9.6369783],[-82.6902385,9.6370064],[-82.6902533,9.6370382],[-82.6902695,9.637073],[-82.6902869,9.6371098],[-82.6903054,9.637148],[-82.6903246,9.6371867],[-82.6903443,9.6372252],[-82.6903643,9.6372627],[-82.6903844,9.6372984],[-82.6904043,9.6373314],[-82.6904237,9.637361],[-82.6904424,9.6373864],[-82.6904533,9.6373996],[-82.6904662,9.6374141],[-82.6904808,9.6374296],[-82.6904968,9.6374458],[-82.6905138,9.6374624],[-82.6905315,9.6374789],[-82.6905497,9.637495],[-82.690568,9.6375105],[-82.6905861,9.6375249],[-82.6906037,9.637538],[-82.6906204,9.6375493],[-82.6906359,9.6375585],[-82.6906547,9.6375671],[-82.6906842,9.6375784],[-82.6907222,9.6375921],[-82.6907667,9.6376074],[-82.6908157,9.6376239],[-82.6908669,9.637641],[-82.6909184,9.6376581],[-82.6909678,9.6376747],[-82.6910132,9.6376901],[-82.6910524,9.6377038],[-82.6910831,9.6377152],[-82.6911031,9.6377238],[-82.691113,9.6377281],[-82.6911248,9.6377329],[-82.6911381,9.6377379],[-82.6911523,9.6377433],[-82.6911669,9.6377491],[-82.6911814,9.6377552],[-82.6911952,9.6377617],[-82.6912077,9.6377686],[-82.6912185,9.6377759],[-82.691227,9.6377835],[-82.6912327,9.6377917],[-82.6912349,9.6378002],[-82.6912295,9.6378335],[-82.6912115,9.6378681],[-82.6911831,9.6379035],[-82.691146,9.6379393],[-82.6911023,9.637975],[-82.691054,9.6380102],[-82.6910029,9.6380444],[-82.690951,9.6380773],[-82.6909003,9.6381083],[-82.6908526,9.6381371],[-82.6908099,9.6381632],[-82.6907742,9.6381861],[-82.6907525,9.6382011],[-82.6907287,9.6382186],[-82.6907032,9.6382382],[-82.6906764,9.6382594],[-82.6906488,9.6382816],[-82.6906208,9.6383045],[-82.6905931,9.6383275],[-82.690566,9.6383502],[-82.69054,9.6383721],[-82.6905155,9.6383928],[-82.6904931,9.6384117],[-82.6904732,9.6384283],[-82.6904492,9.638448],[-82.6904217,9.6384699],[-82.6903915,9.6384938],[-82.6903594,9.6385191],[-82.6903262,9.6385456],[-82.6902927,9.6385727],[-82.6902595,9.6386001],[-82.6902275,9.6386273],[-82.6901975,9.638654],[-82.6901701,9.6386798],[-82.6901462,9.6387042],[-82.6901265,9.6387269],[-82.6901152,9.6387425],[-82.6901028,9.6387623],[-82.6900897,9.6387852],[-82.6900762,9.6388102],[-82.6900629,9.6388363],[-82.69005,9.6388622],[-82.690038,9.6388871],[-82.6900273,9.6389099],[-82.6900183,9.6389294],[-82.6900114,9.6389447],[-82.6900069,9.6389546],[-82.6900054,9.6389581]]},"properties":{"kind":"side_road","number":null,"name":null,"source_page":1,"registration":"manual_place_aligned","needs_confirmation":true}},{"type":"Feature","id":"pdf:side_road/143","geometry":{"type":"LineString","coordinates":[[-82.6990166,9.6381365],[-82.6990242,9.6381288],[-82.6990455,9.6381072],[-82.699078,9.6380739],[-82.6991194,9.638031],[-82.6991671,9.6379807],[-82.6992187,9.637925],[-82.6992719,9.6378663],[-82.6993241,9.6378066],[-82.699373,9.6377481],[-82.6994161,9.6376929],[-82.699451,9.6376432],[-82.6994752,9.6376011],[-82.6994811,9.6375866],[-82.6994861,9.6375698],[-82.6994902,9.6375513],[-82.6994937,9.6375314],[-82.6994966,9.6375107],[-82.699499,9.6374895],[-82.6995012,9.6374682],[-82.6995032,9.6374473],[-82.6995052,9.6374272],[-82.6995073,9.6374083],[-82.6995097,9.6373911],[-82.6995124,9.6373759],[-82.6995158,9.63736],[-82.69952,9.6373422],[-82.6995246,9.6373227],[-82.6995297,9.6373021],[-82.6995351,9.6372806],[-82.6995407,9.6372588],[-82.6995464,9.6372369],[-82.6995521,9.6372155],[-82.6995576,9.6371949],[-82.6995629,9.6371755],[-82.6995678,9.6371578],[-82.6995723,9.6371421],[-82.6995788,9.6371183],[-82.6995859,9.6370913],[-82.6995935,9.6370619],[-82.6996016,9.6370306],[-82.6996103,9.636998],[-82.6996193,9.636965],[-82.6996289,9.636932],[-82.6996389,9.6368999],[-82.6996493,9.6368691],[-82.6996602,9.6368404],[-82.6996715,9.6368144],[-82.6996831,9.6367918],[-82.6996892,9.6367825],[-82.6996975,9.6367714],[-82.6997076,9.636759],[-82.6997188,9.6367459],[-82.6997307,9.6367324],[-82.6997428,9.6367192],[-82.6997545,9.6367066],[-82.6997652,9.6366952],[-82.6997745,9.6366855],[-82.6997818,9.636678],[-82.6997865,9.6366731],[-82.6997882,9.6366714],[-82.6997896,9.6366653],[-82.6997935,9.6366482],[-82.6997995,9.6366218],[-82.6998074,9.6365881],[-82.6998168,9.6365486],[-82.6998273,9.6365054],[-82.6998386,9.63646],[-82.6998503,9.6364144],[-82.6998622,9.6363702],[-82.6998738,9.6363293],[-82.6998848,9.6362935],[-82.6998949,9.6362646],[-82.6999049,9.6362412],[-82.6999179,9.6362152],[-82.6999331,9.6361871],[-82.69995,9.6361574],[-82.6999679,9.6361267],[-82.6999862,9.6360953],[-82.7000041,9.6360639],[-82.7000212,9.636033],[-82.7000366,9.6360031],[-82.7000499,9.6359747],[-82.7000603,9.6359483],[-82.7000672,9.6359244],[-82.7000695,9.635912],[-82.7000715,9.6358978],[-82.7000731,9.6358823],[-82.7000743,9.6358657],[-82.7000748,9.6358485],[-82.7000748,9.635831],[-82.7000741,9.6358135],[-82.7000726,9.6357965],[-82.7000703,9.6357803],[-82.7000671,9.6357653],[-82.700063,9.6357518],[-82.7000578,9.6357402],[-82.7000494,9.635728],[-82.7000367,9.6357141],[-82.7000207,9.6356992],[-82.7000025,9.6356836],[-82.6999828,9.635668],[-82.6999627,9.6356528],[-82.6999431,9.6356386],[-82.699925,9.6356258],[-82.6999093,9.6356149],[-82.6998969,9.6356065],[-82.6998887,9.6356011],[-82.6998858,9.6355992],[-82.6998827,9.6355965],[-82.6998739,9.6355887],[-82.6998605,9.6355767],[-82.6998436,9.6355612],[-82.6998242,9.6355429],[-82.6998033,9.6355227],[-82.6997821,9.6355012],[-82.6997615,9.6354793],[-82.6997427,9.6354577],[-82.6997266,9.6354371],[-82.6997143,9.6354183],[-82.6997069,9.635402],[-82.6997043,9.6353907],[-82.699703,9.6353777],[-82.6997028,9.6353633],[-82.6997038,9.635348],[-82.6997056,9.6353321],[-82.6997083,9.6353158],[-82.6997117,9.6352995],[-82.6997156,9.6352836],[-82.69972,9.6352684],[-82.6997247,9.6352542],[-82.6997296,9.6352413],[-82.6997345,9.6352302],[-82.6997463,9.6352092],[-82.6997619,9.6351865],[-82.6997807,9.6351623],[-82.699802,9.6351371],[-82.6998251,9.6351114],[-82.6998493,9.6350853],[-82.699874,9.6350595],[-82.6998985,9.6350342],[-82.6999221,9.63501],[-82.6999442,9.634987],[-82.699964,9.6349659],[-82.6999809,9.6349469],[-82.6999973,9.634928],[-82.7000158,9.6349067],[-82.7000361,9.6348836],[-82.7000577,9.6348589],[-82.7000801,9.6348333],[-82.7001028,9.6348072],[-82.7001254,9.634781],[-82.7001473,9.6347552],[-82.7001682,9.6347302],[-82.7001875,9.6347066],[-82.7002048,9.6346847],[-82.7002196,9.6346651],[-82.7002236,9.6346596],[-82.7002283,9.6346534],[-82.7002333,9.6346467],[-82.7002387,9.6346394],[-82.7002441,9.6346319],[-82.7002495,9.6346241],[-82.7002547,9.6346163],[-82.7002595,9.6346086],[-82.7002637,9.6346011],[-82.7002673,9.634594],[-82.70027,9.6345873],[-82.7002718,9.6345812],[-82.7002731,9.6345687],[-82.7002726,9.6345546],[-82.7002706,9.6345393],[-82.7002674,9.634523],[-82.7002633,9.6345061],[-82.7002587,9.6344889],[-82.7002539,9.6344717],[-82.7002491,9.6344547],[-82.7002448,9.6344384],[-82.7002413,9.6344231],[-82.7002388,9.6344089],[-82.7002377,9.6343963],[-82.7002376,9.6343837],[-82.7002377,9.6343694],[-82.700238,9.6343538],[-82.7002388,9.6343372],[-82.7002399,9.6343199],[-82.7002415,9.6343024],[-82.7002435,9.6342849],[-82.7002462,9.6342678],[-82.7002494,9.6342514],[-82.7002532,9.6342362],[-82.7002578,9.6342225],[-82.7002631,9.6342106],[-82.7002723,9.634196],[-82.7002848,9.6341805],[-82.7003,9.6341643],[-82.7003172,9.6341476],[-82.7003359,9.6341305],[-82.7003554,9.6341133],[-82.7003752,9.6340962],[-82.7003945,9.6340794],[-82.7004129,9.634063],[-82.7004296,9.6340474],[-82.7004441,9.6340326],[-82.7004557,9.6340189],[-82.7004645,9.6340069],[-82.700474,9.6339931],[-82.7004839,9.6339779],[-82.7004942,9.6339616],[-82.7005044,9.6339446],[-82.7005145,9.633927],[-82.7005243,9.6339094],[-82.7005334,9.633892],[-82.7005418,9.6338751],[-82.7005491,9.6338592],[-82.7005553,9.6338444],[-82.70056,9.6338311],[-82.7005639,9.633817],[-82.7005673,9.633801],[-82.7005703,9.6337834],[-82.7005729,9.6337646],[-82.700575,9.6337451],[-82.7005768,9.6337251],[-82.7005783,9.6337051],[-82.7005794,9.6336855],[-82.7005803,9.6336666],[-82.7005809,9.6336488],[-82.7005813,9.6336326],[-82.7005814,9.6336182],[-82.7005813,9.6336009],[-82.7005808,9.6335813],[-82.7005799,9.63356],[-82.7005786,9.6335374],[-82.700577,9.6335139],[-82.7005751,9.63349],[-82.7005729,9.6334661],[-82.7005705,9.6334426],[-82.7005678,9.6334201],[-82.7005648,9.633399],[-82.7005617,9.6333797],[-82.7005584,9.6333627],[-82.7005548,9.6333481],[-82.70055,9.6333317],[-82.7005444,9.633314],[-82.7005379,9.6332952],[-82.700531,9.6332757],[-82.7005237,9.6332559],[-82.7005163,9.6332361],[-82.7005089,9.6332167],[-82.7005019,9.633198],[-82.7004953,9.6331805],[-82.7004894,9.6331643],[-82.7004843,9.63315],[-82.7004793,9.6331355],[-82.7004734,9.6331192],[-82.7004669,9.6331014],[-82.70046,9.6330825],[-82.7004528,9.6330628],[-82.7004457,9.6330427],[-82.7004386,9.6330227],[-82.700432,9.6330029],[-82.7004259,9.6329838],[-82.7004206,9.6329658],[-82.7004162,9.6329492],[-82.700413,9.6329344],[-82.7004106,9.6329167],[-82.7004092,9.6328965],[-82.7004085,9.6328745],[-82.7004084,9.6328509],[-82.7004087,9.6328265],[-82.7004091,9.6328015],[-82.7004094,9.6327766],[-82.7004093,9.6327522],[-82.7004087,9.6327288],[-82.7004073,9.6327068],[-82.7004049,9.6326868],[-82.7004013,9.6326693]]},"properties":{"kind":"side_road","number":null,"name":null,"source_page":1,"registration":"manual_place_aligned","needs_confirmation":true}},{"type":"Feature","id":"pdf:side_road/144","geometry":{"type":"LineString","coordinates":[[-82.6979322,9.6360352],[-82.6972952,9.6373686]]},"properties":{"kind":"side_road","number":null,"name":null,"source_page":1,"registration":"manual_place_aligned","needs_confirmation":true}},{"type":"Feature","id":"pdf:side_road/145","geometry":{"type":"LineString","coordinates":[[-82.6970745,9.6357924],[-82.6970749,9.6357853],[-82.6970761,9.6357655],[-82.6970785,9.6357353],[-82.6970824,9.635697],[-82.697088,9.6356528],[-82.6970957,9.6356049],[-82.6971057,9.6355556],[-82.6971184,9.6355072],[-82.6971339,9.6354619],[-82.6971526,9.6354219],[-82.6971747,9.6353895],[-82.6972007,9.6353671],[-82.6972287,9.6353561],[-82.6972633,9.6353519],[-82.6973031,9.6353529],[-82.6973468,9.6353579],[-82.6973932,9.6353656],[-82.6974408,9.6353746],[-82.6974886,9.6353836],[-82.697535,9.6353914],[-82.6975789,9.6353965],[-82.6976189,9.6353977],[-82.6976537,9.6353936],[-82.697682,9.6353828],[-82.6977015,9.6353675],[-82.6977176,9.6353473],[-82.6977309,9.635323],[-82.6977416,9.6352954],[-82.6977503,9.6352655],[-82.6977572,9.6352341],[-82.6977628,9.635202],[-82.6977676,9.6351702],[-82.6977718,9.6351395],[-82.697776,9.6351107],[-82.6977805,9.6350848],[-82.6977857,9.6350625],[-82.6977901,9.6350463],[-82.6977946,9.6350279],[-82.6977992,9.6350078],[-82.697804,9.6349864],[-82.6978089,9.6349642],[-82.6978139,9.6349416],[-82.6978189,9.6349189],[-82.6978241,9.6348968],[-82.6978292,9.6348755],[-82.6978344,9.6348555],[-82.6978397,9.6348372],[-82.6978449,9.6348211],[-82.6978489,9.6348111],[-82.6978542,9.6347998],[-82.6978605,9.6347877],[-82.6978675,9.6347748],[-82.6978749,9.6347615],[-82.6978824,9.6347479],[-82.6978897,9.6347343],[-82.6978965,9.6347209],[-82.6979024,9.6347079],[-82.6979073,9.6346956],[-82.6979109,9.6346842],[-82.6979127,9.6346739],[-82.6979127,9.6346601],[-82.6979106,9.6346432],[-82.6979068,9.6346241],[-82.6979018,9.6346036],[-82.6978958,9.6345825],[-82.6978894,9.6345616],[-82.6978829,9.6345417],[-82.6978767,9.6345237],[-82.6978712,9.6345082],[-82.6978667,9.6344962],[-82.6978638,9.6344884],[-82.6978627,9.6344856],[-82.6978622,9.6344838],[-82.6978606,9.6344787],[-82.6978584,9.6344709],[-82.6978555,9.6344609],[-82.6978524,9.6344491],[-82.697849,9.6344362],[-82.6978458,9.6344226],[-82.6978429,9.6344089],[-82.6978404,9.6343957],[-82.6978387,9.6343833],[-82.6978378,9.6343724],[-82.6978381,9.6343634],[-82.6978404,9.6343508],[-82.6978443,9.6343368],[-82.6978497,9.6343216],[-82.6978561,9.6343055],[-82.6978635,9.6342889],[-82.6978715,9.6342721],[-82.6978798,9.6342553],[-82.6978883,9.6342389],[-82.6978966,9.6342231],[-82.6979045,9.6342084],[-82.6979117,9.6341948],[-82.6979181,9.6341829],[-82.6979264,9.6341677],[-82.6979363,9.6341507],[-82.6979474,9.6341323],[-82.6979595,9.6341128],[-82.6979722,9.6340926],[-82.6979852,9.634072],[-82.6979983,9.6340514],[-82.698011,9.6340312],[-82.6980232,9.6340118],[-82.6980344,9.6339934],[-82.6980443,9.6339764],[-82.6980528,9.6339613],[-82.6980607,9.6339458],[-82.69807,9.6339268],[-82.6980802,9.6339053],[-82.698091,9.6338821],[-82.6981019,9.6338581],[-82.6981127,9.6338341],[-82.6981229,9.6338111],[-82.6981321,9.63379],[-82.69814,9.6337716],[-82.6981462,9.6337568],[-82.6981503,9.6337464],[-82.698152,9.6337415],[-82.6981523,9.6337367],[-82.6981525,9.6337271],[-82.6981526,9.6337134],[-82.6981527,9.6336969],[-82.6981528,9.6336783],[-82.6981527,9.6336588],[-82.6981527,9.6336393],[-82.6981525,9.6336208],[-82.6981523,9.6336043],[-82.698152,9.6335908],[-82.6981516,9.6335812],[-82.6981512,9.6335766],[-82.6981493,9.6335727],[-82.6981449,9.6335648],[-82.6981382,9.6335538],[-82.6981298,9.6335403],[-82.6981198,9.6335248],[-82.6981087,9.6335082],[-82.6980968,9.6334911],[-82.6980845,9.6334741],[-82.6980722,9.6334579],[-82.6980602,9.6334432],[-82.6980488,9.6334306],[-82.6980385,9.6334208],[-82.6980259,9.6334112],[-82.6980108,9.6334012],[-82.6979936,9.6333909],[-82.6979748,9.6333805],[-82.6979549,9.63337],[-82.6979343,9.6333596],[-82.6979134,9.6333494],[-82.6978929,9.6333395],[-82.697873,9.6333301],[-82.6978544,9.6333212],[-82.6978373,9.633313],[-82.6978224,9.6333056],[-82.6978099,9.6332993],[-82.6977945,9.6332916],[-82.6977768,9.633283],[-82.6977578,9.6332738],[-82.6977382,9.6332643],[-82.6977187,9.6332548],[-82.6977,9.6332459],[-82.6976831,9.6332378],[-82.6976686,9.6332308],[-82.6976573,9.6332254],[-82.69765,9.6332219],[-82.6976473,9.6332206]]},"properties":{"kind":"side_road","number":null,"name":null,"source_page":1,"registration":"manual_place_aligned","needs_confirmation":true}},{"type":"Feature","id":"pdf:side_road/146","geometry":{"type":"LineString","coordinates":[[-82.6995844,9.6340836],[-82.6999311,9.6340716],[-82.7004935,9.6339392]]},"properties":{"kind":"side_road","number":null,"name":null,"source_page":1,"registration":"manual_place_aligned","needs_confirmation":true}},{"type":"Feature","id":"pdf:side_road/147","geometry":{"type":"LineString","coordinates":[[-82.7240479,9.6434264],[-82.7242664,9.644033]]},"properties":{"kind":"side_road","number":null,"name":null,"source_page":1,"registration":"manual_place_aligned","needs_confirmation":true}},{"type":"Feature","id":"pdf:side_road/148","geometry":{"type":"LineString","coordinates":[[-82.7239716,9.6434487],[-82.7241901,9.6440553]]},"properties":{"kind":"side_road","number":null,"name":null,"source_page":1,"registration":"manual_place_aligned","needs_confirmation":true}},{"type":"Feature","id":"pdf:side_road/149","geometry":{"type":"LineString","coordinates":[[-82.7211449,9.6434044],[-82.7193882,9.6450126]]},"properties":{"kind":"side_road","number":null,"name":null,"source_page":1,"registration":"manual_place_aligned","needs_confirmation":true}},{"type":"Feature","id":"pdf:side_road/150","geometry":{"type":"LineString","coordinates":[[-82.721081,9.6433308],[-82.7193243,9.644939]]},"properties":{"kind":"side_road","number":null,"name":null,"source_page":1,"registration":"manual_place_aligned","needs_confirmation":true}},{"type":"Feature","id":"pdf:side_road/151","geometry":{"type":"LineString","coordinates":[[-82.7197913,9.642567],[-82.7190133,9.6433717]]},"properties":{"kind":"side_road","number":null,"name":null,"source_page":1,"registration":"manual_place_aligned","needs_confirmation":true}},{"type":"Feature","id":"pdf:side_road/152","geometry":{"type":"LineString","coordinates":[[-82.7197125,9.6425386],[-82.7189584,9.643317]]},"properties":{"kind":"side_road","number":null,"name":null,"source_page":1,"registration":"manual_place_aligned","needs_confirmation":true}},{"type":"Feature","id":"pdf:side_road/153","geometry":{"type":"LineString","coordinates":[[-82.7088351,9.6382138],[-82.7082806,9.640146]]},"properties":{"kind":"side_road","number":null,"name":null,"source_page":1,"registration":"manual_place_aligned","needs_confirmation":true}},{"type":"Feature","id":"pdf:side_road/154","geometry":{"type":"LineString","coordinates":[[-82.7086937,9.6382006],[-82.7081392,9.6401328]]},"properties":{"kind":"side_road","number":null,"name":null,"source_page":1,"registration":"manual_place_aligned","needs_confirmation":true}},{"type":"Feature","id":"pdf:side_road/155","geometry":{"type":"LineString","coordinates":[[-82.7131883,9.6397159],[-82.7125581,9.6400455],[-82.7122997,9.6400099],[-82.7119355,9.63995],[-82.7118098,9.640236],[-82.7117237,9.6404321],[-82.7118179,9.6405539]]},"properties":{"kind":"side_road","number":null,"name":null,"source_page":1,"registration":"manual_place_aligned","needs_confirmation":true}},{"type":"Feature","id":"pdf:side_road/156","geometry":{"type":"LineString","coordinates":[[-82.7132632,9.639772],[-82.7126078,9.640162],[-82.7120058,9.6400553],[-82.7118488,9.6404127],[-82.7119501,9.6405105]]},"properties":{"kind":"side_road","number":null,"name":null,"source_page":1,"registration":"manual_place_aligned","needs_confirmation":true}},{"type":"Feature","id":"pdf:side_road/157","geometry":{"type":"LineString","coordinates":[[-82.7189584,9.643317],[-82.7183257,9.6435469]]},"properties":{"kind":"side_road","number":null,"name":null,"source_page":1,"registration":"manual_place_aligned","needs_confirmation":true}},{"type":"Feature","id":"pdf:side_road/158","geometry":{"type":"LineString","coordinates":[[-82.7190134,9.6433717],[-82.7183634,9.643608]]},"properties":{"kind":"side_road","number":null,"name":null,"source_page":1,"registration":"manual_place_aligned","needs_confirmation":true}},{"type":"Feature","id":"pdf:main_road/159","geometry":{"type":"LineString","coordinates":[[-82.7924202,9.6508063],[-82.7923389,9.6507695],[-82.7922571,9.6507327],[-82.7921748,9.650696],[-82.7920919,9.6506593],[-82.7920085,9.6506227],[-82.7919246,9.6505861],[-82.7918401,9.6505496],[-82.7917551,9.6505131],[-82.7916696,9.6504767],[-82.7915835,9.6504404],[-82.7914969,9.6504042],[-82.7914098,9.650368],[-82.7909951,9.6502009],[-82.7906474,9.650069],[-82.790358,9.6499667],[-82.7901182,9.6498885],[-82.7899194,9.6498289],[-82.7897532,9.6497822],[-82.7896108,9.6497431],[-82.7894838,9.649706],[-82.7893635,9.6496652],[-82.7892416,9.6496155],[-82.7891094,9.6495511],[-82.7889584,9.6494666],[-82.7889093,9.6494373],[-82.7888579,9.6494068],[-82.788804,9.6493757],[-82.7887474,9.6493448],[-82.788688,9.6493149],[-82.7886255,9.6492867],[-82.7885597,9.649261],[-82.7884905,9.6492385],[-82.7884177,9.64922],[-82.7883411,9.6492063],[-82.7882605,9.6491981],[-82.7881757,9.6491962],[-82.7881141,9.649199],[-82.7880561,9.6492053],[-82.7880007,9.6492148],[-82.787947,9.6492273],[-82.7878939,9.6492424],[-82.7878404,9.6492601],[-82.7877854,9.6492801],[-82.7877281,9.649302],[-82.7876674,9.6493258],[-82.7876022,9.6493511],[-82.7875316,9.6493777],[-82.7874545,9.6494054],[-82.787374,9.6494325],[-82.7872955,9.6494571],[-82.7872178,9.6494794],[-82.7871397,9.6494999],[-82.7870602,9.649519],[-82.7869781,9.6495371],[-82.7868922,9.6495546],[-82.7868015,9.6495719],[-82.7867047,9.6495893],[-82.7866008,9.6496073],[-82.7864886,9.6496263],[-82.786367,9.6496466],[-82.7860516,9.6496897],[-82.7857403,9.6497149],[-82.785436,9.6497245],[-82.7851418,9.6497209],[-82.7848606,9.6497064],[-82.7845955,9.6496835],[-82.7843495,9.6496545],[-82.7841254,9.6496217],[-82.7839263,9.6495876],[-82.7837552,9.6495545],[-82.7836151,9.6495247],[-82.7835088,9.6495007],[-82.7833504,9.6494623],[-82.7832156,9.6494262],[-82.7831007,9.6493926],[-82.783002,9.6493616],[-82.7829157,9.6493334],[-82.7828382,9.649308],[-82.7827657,9.6492857],[-82.7826945,9.6492665],[-82.7826209,9.6492506],[-82.7825411,9.6492382],[-82.7824515,9.6492292],[-82.7823483,9.649224],[-82.7822016,9.6492235],[-82.7820626,9.6492307],[-82.7819293,9.6492451],[-82.7817998,9.6492661],[-82.7816722,9.649293],[-82.7815447,9.6493255],[-82.7814153,9.6493628],[-82.781282,9.6494044],[-82.7811431,9.6494498],[-82.7809966,9.6494984],[-82.7808406,9.6495496],[-82.7806733,9.6496029],[-82.7806271,9.649616],[-82.7805592,9.6496335],[-82.7804692,9.6496554],[-82.7803565,9.6496819],[-82.7802207,9.6497132],[-82.7800614,9.6497495],[-82.7798779,9.6497908],[-82.7796699,9.6498373],[-82.779437,9.6498892],[-82.7791785,9.6499467],[-82.7788941,9.6500099],[-82.7785833,9.650079],[-82.7781991,9.6501639],[-82.7778626,9.6502375],[-82.7775677,9.6503015],[-82.7773088,9.6503579],[-82.7770798,9.6504084],[-82.776875,9.6504549],[-82.7766886,9.6504991],[-82.7765148,9.650543],[-82.7763477,9.6505883],[-82.7761815,9.6506369],[-82.7760106,9.6506906],[-82.775829,9.6507513],[-82.7756681,9.6508066],[-82.7755198,9.6508582],[-82.7753831,9.6509068],[-82.775257,9.6509532],[-82.7751404,9.6509983],[-82.7750323,9.6510427],[-82.7749316,9.6510875],[-82.7748372,9.6511332],[-82.7747481,9.6511808],[-82.7746633,9.6512311],[-82.7745817,9.6512848],[-82.7745022,9.6513428],[-82.7744392,9.6513926],[-82.7743789,9.6514427],[-82.7743201,9.6514931],[-82.7742615,9.6515436],[-82.7742019,9.6515942],[-82.7741401,9.651645],[-82.7740747,9.6516958],[-82.7740046,9.6517466],[-82.7739284,9.6517975],[-82.773845,9.6518483],[-82.773753,9.651899],[-82.7736512,9.6519496],[-82.7736321,9.6519585],[-82.7736057,9.6519705],[-82.7735721,9.6519852],[-82.7735318,9.6520022],[-82.7734849,9.6520211],[-82.7734317,9.6520414],[-82.7733725,9.6520629],[-82.7733075,9.6520851],[-82.7732371,9.6521075],[-82.7731614,9.6521299],[-82.7730808,9.6521518],[-82.7729955,9.6521728],[-82.7728455,9.6522041],[-82.772704,9.6522267],[-82.77257,9.6522417],[-82.7724429,9.6522502],[-82.7723217,9.6522536],[-82.7722056,9.6522529],[-82.7720938,9.6522493],[-82.7719856,9.652244],[-82.77188,9.6522382],[-82.7717763,9.652233],[-82.7716735,9.6522295],[-82.771571,9.652229],[-82.7714649,9.6522326],[-82.771351,9.6522412],[-82.7712295,9.6522558],[-82.7711005,9.6522774],[-82.7709641,9.6523068],[-82.7708204,9.6523451],[-82.7706695,9.6523932],[-82.7705116,9.652452],[-82.7703468,9.6525225],[-82.7701751,9.6526057],[-82.7699968,9.6527024],[-82.7698118,9.6528138],[-82.7697348,9.6528691],[-82.7694359,9.6530113],[-82.768682,9.6534412],[-82.7677986,9.6538709],[-82.7672292,9.6541374],[-82.7663979,9.6545375],[-82.7657291,9.6548661],[-82.7657213,9.6548699],[-82.7656995,9.6548807],[-82.7656659,9.6548975],[-82.7656229,9.654919],[-82.7655729,9.6549443],[-82.765518,9.6549723],[-82.7654607,9.6550018],[-82.7654032,9.6550318],[-82.7653478,9.6550612],[-82.7652968,9.655089],[-82.7652524,9.6551139],[-82.7652169,9.6551349],[-82.7651972,9.6551474],[-82.7651754,9.6551619],[-82.7651517,9.655178],[-82.7651266,9.6551952],[-82.7651006,9.655213],[-82.7650739,9.6552311],[-82.7650471,9.6552489],[-82.7650206,9.6552659],[-82.7649947,9.6552818],[-82.7649698,9.655296],[-82.7649464,9.6553081],[-82.7649249,9.6553177],[-82.7649126,9.655322],[-82.7648983,9.6553261],[-82.7648826,9.6553298],[-82.7648657,9.6553333],[-82.764848,9.6553365],[-82.7648298,9.6553394],[-82.7648117,9.6553419],[-82.7647938,9.6553441],[-82.7647765,9.655346],[-82.7647603,9.6553475],[-82.7647455,9.6553487],[-82.7647324,9.6553495],[-82.7647165,9.6553498],[-82.7646986,9.6553495],[-82.7646791,9.6553486],[-82.7646585,9.6553472],[-82.7646372,9.6553453],[-82.7646155,9.6553431],[-82.7645939,9.6553405],[-82.7645728,9.6553377],[-82.7645526,9.6553348],[-82.7645337,9.6553318],[-82.7645165,9.6553288],[-82.7645014,9.6553259],[-82.7644752,9.6553196],[-82.7644436,9.6553109],[-82.7644081,9.6553002],[-82.7643701,9.6552882],[-82.7643312,9.6552754],[-82.7642929,9.6552625],[-82.7642565,9.65525],[-82.7642235,9.6552385],[-82.7641954,9.6552285],[-82.7641736,9.6552207],[-82.7641595,9.6552156],[-82.7641544,9.6552138],[-82.7637402,9.655071],[-82.7632766,9.6549458],[-82.763266,9.6549427],[-82.7632362,9.6549341],[-82.7631905,9.6549211],[-82.7631321,9.6549045],[-82.7630643,9.6548853],[-82.7629905,9.6548645],[-82.7629136,9.654843],[-82.7628368,9.6548218],[-82.7627629,9.6548017],[-82.7626949,9.6547836],[-82.7626353,9.6547682],[-82.7625869,9.6547565],[-82.7625433,9.6547471],[-82.7624899,9.6547363],[-82.7624294,9.6547246],[-82.7623647,9.6547126],[-82.7622985,9.6547007],[-82.7622335,9.6546892],[-82.762172,9.6546785],[-82.7621166,9.6546691],[-82.7620695,9.6546612],[-82.7620331,9.6546551],[-82.7620096,9.6546512],[-82.7620012,9.6546499],[-82.7615678,9.6545863],[-82.7609124,9.6545356],[-82.7609047,9.6545354],[-82.7608829,9.6545348],[-82.7608496,9.6545341],[-82.760807,9.6545332],[-82.7607575,9.6545325],[-82.7607035,9.654532],[-82.7606471,9.6545318],[-82.7605906,9.654532],[-82.7605361,9.6545327],[-82.7604857,9.654534],[-82.7604413,9.6545359],[-82.7604051,9.6545384],[-82.7603643,9.6545431],[-82.7603141,9.6545502],[-82.760257,9.6545592],[-82.7601954,9.6545696],[-82.7601319,9.6545808],[-82.7600687,9.6545923],[-82.7600083,9.6546035],[-82.7599532,9.6546138],[-82.7599058,9.6546228],[-82.7598688,9.6546298],[-82.7598447,9.6546344],[-82.759836,9.6546361],[-82.7598287,9.6546377],[-82.7598079,9.6546424],[-82.7597759,9.6546497],[-82.7597347,9.654659],[-82.7596864,9.65467],[-82.7596329,9.6546821],[-82.7595764,9.6546948],[-82.759519,9.6547078],[-82.7594629,9.6547206],[-82.7594104,9.6547328],[-82.7593639,9.6547439],[-82.7593257,9.6547536],[-82.7592818,9.6547659],[-82.7592319,9.6547807],[-82.759177,9.6547976],[-82.759118,9.6548162],[-82.7590562,9.6548362],[-82.7589926,9.6548572],[-82.7589284,9.6548788],[-82.7588648,9.6549008],[-82.7588031,9.6549228],[-82.7587446,9.6549445],[-82.7586907,9.6549656],[-82.7586429,9.6549858],[-82.7585942,9.6550092],[-82.7585346,9.6550403],[-82.7584666,9.6550773],[-82.7583928,9.6551182],[-82.7583161,9.6551611],[-82.7582393,9.6552041],[-82.7581654,9.6552454],[-82.7580976,9.6552831],[-82.7580391,9.6553155],[-82.7579932,9.6553408],[-82.7579633,9.6553573],[-82.7579526,9.6553632],[-82.7574872,9.6556589],[-82.7570598,9.6559721],[-82.7570529,9.6559777],[-82.7570335,9.6559938],[-82.7570032,9.6560197],[-82.7569636,9.6560546],[-82.7569164,9.6560978],[-82.7568631,9.6561483],[-82.7568054,9.6562055],[-82.756745,9.6562685],[-82.7566836,9.6563367],[-82.7566231,9.6564092],[-82.7565651,9.6564852],[-82.7565115,9.6565642],[-82.7563998,9.6566181],[-82.7563301,9.6566844],[-82.7559207,9.6570181],[-82.7552627,9.6575914],[-82.7548457,9.6579439],[-82.7546314,9.6580758],[-82.7544672,9.6581171],[-82.7542512,9.6581174],[-82.7539761,9.6581017],[-82.753746,9.6581338],[-82.7534484,9.6582587],[-82.7531349,9.658452],[-82.7528366,9.6586707],[-82.7524785,9.6589295],[-82.7522033,9.6590318],[-82.7519475,9.6590254],[-82.7517656,9.6590226],[-82.7515173,9.6590288],[-82.7512042,9.6590823],[-82.7508307,9.6591523],[-82.750524,9.6591711],[-82.750195,9.6591384],[-82.7498658,9.6590727],[-82.7495247,9.658974],[-82.7492075,9.6588667],[-82.7489066,9.6587616],[-82.7485512,9.6586568],[-82.7482331,9.6585584],[-82.7479861,9.658453],[-82.7477706,9.6583048],[-82.7475401,9.6581689],[-82.7472421,9.6580511],[-82.7469112,9.6579941],[-82.7466118,9.6579272],[-82.7464105,9.6578412],[-82.746172,9.6576832],[-82.7460022,9.6575545],[-82.7458186,9.6574527],[-82.7454623,9.6573567],[-82.7451544,9.6572767],[-82.744855,9.6571769],[-82.7444073,9.6570091],[-82.7440589,9.6569023],[-82.7438282,9.6568318],[-82.7435395,9.6566848],[-82.7433314,9.656502],[-82.7431644,9.6563696],[-82.7429665,9.6563035],[-82.7426948,9.6562479],[-82.7424886,9.6562016],[-82.7422877,9.6561153],[-82.7421491,9.6559853],[-82.7421294,9.6559707],[-82.7421094,9.6559559],[-82.7420897,9.655941],[-82.7420705,9.6559264],[-82.7420522,9.6559124],[-82.7420352,9.6558993],[-82.7420198,9.6558873],[-82.7420064,9.6558769],[-82.7419954,9.6558682],[-82.741987,9.6558617],[-82.7419817,9.6558575],[-82.7419799,9.6558561],[-82.7418581,9.6556627],[-82.7417646,9.655439],[-82.7416495,9.6551635],[-82.7415223,9.6548069],[-82.7414141,9.6545145],[-82.741339,9.6543401],[-82.7412397,9.6542067],[-82.741035,9.6540788],[-82.7407872,9.6539692],[-82.7405388,9.6538206],[-82.740307,9.6536262],[-82.7399438,9.6532895],[-82.7395105,9.6529159],[-82.7391465,9.6525739],[-82.7385524,9.6520472],[-82.7381772,9.6517065],[-82.737826,9.6513649]]},"properties":{"kind":"main_road","number":null,"name":null,"source_page":1,"registration":"manual_place_aligned","needs_confirmation":true}},{"type":"Feature","id":"pdf:main_road/160","geometry":{"type":"LineString","coordinates":[[-82.7376498,9.6512846],[-82.7375497,9.6512147],[-82.7374583,9.6511455],[-82.7373751,9.6510772],[-82.7372997,9.6510101],[-82.7372315,9.6509443],[-82.7371702,9.6508801],[-82.7371153,9.6508177],[-82.7370663,9.6507573],[-82.7370229,9.6506991],[-82.7369846,9.6506432],[-82.7369509,9.65059],[-82.7369216,9.6505395],[-82.7369108,9.6505199],[-82.7368991,9.6504981],[-82.7368862,9.6504736],[-82.7368717,9.6504459],[-82.7368552,9.6504143],[-82.7368365,9.6503782],[-82.7368151,9.6503371],[-82.7367908,9.6502903],[-82.7367632,9.6502372],[-82.7367319,9.6501773],[-82.7366966,9.65011],[-82.7366571,9.6500346],[-82.7366301,9.6499833],[-82.7366072,9.6499398],[-82.7365877,9.6499028],[-82.7365708,9.649871],[-82.736556,9.6498432],[-82.7365425,9.6498179],[-82.7365298,9.649794],[-82.7365171,9.6497701],[-82.7365038,9.6497448],[-82.7364892,9.649717],[-82.7364728,9.6496853],[-82.7364537,9.6496483],[-82.7363909,9.6495248],[-82.7363373,9.6494165],[-82.7362922,9.649322],[-82.7362548,9.6492398],[-82.7362246,9.6491685],[-82.7362008,9.6491066],[-82.7361827,9.6490526],[-82.7361697,9.6490051],[-82.7361612,9.6489626],[-82.7361564,9.6489237],[-82.7361548,9.6488868],[-82.7361555,9.6488506],[-82.7361571,9.6488275],[-82.7361593,9.6488072],[-82.7361622,9.6487888],[-82.736166,9.6487712],[-82.7361706,9.6487533],[-82.7361762,9.6487343],[-82.7361829,9.6487131],[-82.7361906,9.6486887],[-82.7361994,9.64866],[-82.7362095,9.6486262],[-82.7362208,9.6485862],[-82.7362335,9.6485389],[-82.7362486,9.6484809],[-82.7362646,9.6484177],[-82.7362811,9.6483499],[-82.7362975,9.6482782],[-82.7363131,9.6482033],[-82.7363276,9.6481259],[-82.7363402,9.6480468],[-82.7363504,9.6479665],[-82.7363577,9.6478859],[-82.7363616,9.6478056],[-82.7363614,9.6477263],[-82.7363566,9.6476486],[-82.7363497,9.6476044],[-82.7363371,9.647556],[-82.7363187,9.6475027],[-82.7362944,9.647444],[-82.7362642,9.6473795],[-82.7362278,9.6473085],[-82.7361853,9.6472305],[-82.7361365,9.6471449],[-82.7360812,9.6470514],[-82.7360193,9.6469493],[-82.7359506,9.6468381],[-82.7358749,9.6467173],[-82.735823,9.6466352],[-82.7357751,9.64656],[-82.7357309,9.6464913],[-82.7356902,9.6464287],[-82.7356526,9.6463718],[-82.7356179,9.6463203],[-82.7355859,9.6462737],[-82.7355562,9.6462317],[-82.7355285,9.6461939],[-82.7355025,9.64616],[-82.7354781,9.6461296],[-82.7354547,9.6461023],[-82.735403,9.6460462],[-82.7353505,9.6459938],[-82.7352954,9.6459437],[-82.7352362,9.6458944],[-82.735171,9.6458446],[-82.7350983,9.6457927],[-82.7350161,9.6457374],[-82.7349229,9.6456773],[-82.7348166,9.6456109],[-82.7346956,9.6455369],[-82.7345578,9.645454],[-82.7344013,9.6453608],[-82.7343236,9.6453148],[-82.7342379,9.6452642],[-82.7341463,9.6452104],[-82.7340507,9.6451546],[-82.7339533,9.645098],[-82.7338563,9.6450419],[-82.7337617,9.6449874],[-82.7336716,9.6449358],[-82.7335884,9.6448883],[-82.7335142,9.644846],[-82.7334511,9.6448102],[-82.7334015,9.6447821],[-82.7333018,9.6447438],[-82.732837,9.6448537],[-82.732414,9.6449607],[-82.7320069,9.6450525],[-82.7315713,9.6451418],[-82.7314652,9.6451452],[-82.7313467,9.6451734],[-82.7312847,9.6451816],[-82.7312185,9.6451895],[-82.7311483,9.6451968],[-82.7310741,9.6452034],[-82.7309961,9.6452091],[-82.7309145,9.6452136],[-82.7308293,9.6452169],[-82.7307408,9.6452186],[-82.7306489,9.6452187],[-82.7305539,9.6452169],[-82.7304558,9.645213],[-82.7303549,9.6452069],[-82.7302293,9.6451963],[-82.7301097,9.645183],[-82.7299961,9.6451675],[-82.7298886,9.6451501],[-82.7297872,9.6451313],[-82.7296922,9.6451116],[-82.7296036,9.6450913],[-82.7295214,9.6450708],[-82.7294458,9.6450507],[-82.7293769,9.6450313],[-82.7293146,9.645013],[-82.7292592,9.6449963],[-82.7290862,9.6449406],[-82.7289219,9.6448818],[-82.7287671,9.644821],[-82.7286223,9.6447595],[-82.7284883,9.6446983],[-82.7283655,9.6446386],[-82.7282547,9.6445816],[-82.7281565,9.6445284],[-82.7280716,9.6444803],[-82.7280004,9.6444382],[-82.7279438,9.6444035],[-82.7279022,9.6443773],[-82.7278259,9.6443275],[-82.7277588,9.644282],[-82.727699,9.6442401],[-82.7276449,9.6442016],[-82.7275948,9.644166],[-82.7275469,9.6441329],[-82.7274996,9.6441019],[-82.7274512,9.6440726],[-82.7273999,9.6440445],[-82.727344,9.6440173],[-82.7272819,9.6439906],[-82.7272118,9.6439638],[-82.7271954,9.6439581],[-82.7271778,9.6439524],[-82.7271565,9.6439462],[-82.727129,9.6439391],[-82.7270927,9.6439303],[-82.7270454,9.6439195],[-82.7269844,9.6439061],[-82.7269072,9.6438896],[-82.7268115,9.6438694],[-82.7266947,9.643845],[-82.7265544,9.6438158],[-82.726388,9.6437814],[-82.7262484,9.6437527],[-82.7261303,9.6437284],[-82.7260315,9.6437081],[-82.7259497,9.6436912],[-82.7258825,9.6436773],[-82.7258278,9.6436658],[-82.7257831,9.6436562],[-82.7257462,9.6436481],[-82.7257149,9.6436409],[-82.7256867,9.6436341],[-82.7256595,9.6436272],[-82.725631,9.6436196],[-82.7255657,9.6436019],[-82.7255073,9.6435854],[-82.7254546,9.6435701],[-82.7254064,9.6435558],[-82.7253616,9.6435424],[-82.725319,9.6435298],[-82.7252774,9.6435178],[-82.7252356,9.6435063],[-82.7251925,9.6434951],[-82.7251468,9.6434842],[-82.7250975,9.6434735],[-82.7250433,9.6434627],[-82.7249852,9.6434521],[-82.7249287,9.6434429],[-82.7248738,9.6434348],[-82.7248207,9.6434278],[-82.7247695,9.6434219],[-82.7247204,9.6434169],[-82.7246733,9.6434127],[-82.7246285,9.6434094],[-82.724586,9.6434067],[-82.7245459,9.6434046],[-82.7245085,9.6434031],[-82.7244737,9.6434021],[-82.7244292,9.6433925],[-82.7243932,9.6433913],[-82.7243578,9.6433911],[-82.7243226,9.6433918],[-82.7242868,9.6433937],[-82.72425,9.6433966],[-82.7242117,9.6434007],[-82.7241712,9.643406],[-82.7241281,9.6434125],[-82.7240818,9.6434203],[-82.7240317,9.6434295],[-82.7239773,9.64344],[-82.723918,9.6434519],[-82.7237762,9.6434819],[-82.7236494,9.6435106],[-82.7235351,9.643538],[-82.7234306,9.6435645],[-82.7233333,9.64359],[-82.7232406,9.6436148],[-82.72315,9.643639],[-82.7230588,9.6436628],[-82.7229644,9.6436862],[-82.7228643,9.6437095],[-82.7227557,9.6437329],[-82.7226361,9.6437563],[-82.7225696,9.6437684],[-82.7225074,9.643779],[-82.7224491,9.6437883],[-82.7223943,9.6437961],[-82.7223425,9.6438027],[-82.7222934,9.6438081],[-82.7222466,9.6438124],[-82.7222016,9.6438155],[-82.722158,9.6438177],[-82.7221155,9.643819],[-82.7220736,9.6438194],[-82.7220319,9.643819],[-82.7219317,9.643815],[-82.7218416,9.6438072],[-82.7217612,9.6437963],[-82.7216899,9.643783],[-82.7216275,9.6437678],[-82.7215733,9.6437515],[-82.721527,9.6437347],[-82.7214881,9.643718],[-82.7214562,9.6437021],[-82.7214307,9.6436877],[-82.7214114,9.6436753],[-82.7213977,9.6436656],[-82.7213842,9.6436555],[-82.7213718,9.6436455],[-82.7213603,9.6436357],[-82.7213498,9.6436261],[-82.72134,9.6436168],[-82.7213311,9.6436078],[-82.7213228,9.643599],[-82.7213152,9.6435906],[-82.7213082,9.6435825],[-82.7213017,9.6435748],[-82.7212956,9.6435675],[-82.72129,9.6435607],[-82.7212046,9.6434648],[-82.7211124,9.6433731],[-82.7210156,9.6432863],[-82.7209167,9.6432049],[-82.720818,9.6431294],[-82.7207218,9.6430605],[-82.7206305,9.6429986],[-82.7205464,9.6429445],[-82.7204718,9.6428985],[-82.7204092,9.6428614],[-82.7203608,9.6428337],[-82.720329,9.6428159],[-82.7202946,9.6427971],[-82.7202606,9.6427791],[-82.7202264,9.6427617],[-82.7201916,9.6427446],[-82.7201558,9.6427274],[-82.7201184,9.64271],[-82.720079,9.6426921],[-82.720037,9.6426734],[-82.7199921,9.6426537],[-82.7199436,9.6426326],[-82.7198912,9.6426099],[-82.7198343,9.6425854],[-82.7197346,9.6425431],[-82.7196443,9.6425057],[-82.7195626,9.6424726],[-82.7194886,9.6424426],[-82.7194215,9.6424149],[-82.7193603,9.6423887],[-82.7193043,9.642363],[-82.7192526,9.6423368],[-82.7192044,9.6423094],[-82.7191587,9.6422797],[-82.7191147,9.642247],[-82.7190715,9.6422102],[-82.7190518,9.6421917],[-82.719036,9.6421752],[-82.7190229,9.6421598],[-82.7190114,9.6421442],[-82.7190004,9.6421274],[-82.7189888,9.6421083],[-82.7189756,9.6420857],[-82.7189596,9.6420586],[-82.7189397,9.6420258],[-82.7189147,9.6419862],[-82.7188837,9.6419387],[-82.7188455,9.6418822],[-82.718788,9.6417991],[-82.7187315,9.6417188],[-82.7186754,9.6416415],[-82.7186188,9.6415673],[-82.7185609,9.6414961],[-82.7185012,9.641428],[-82.7184387,9.6413631],[-82.7183729,9.6413015],[-82.7183028,9.641243],[-82.7182278,9.6411879],[-82.7181471,9.6411362],[-82.7180601,9.6410879],[-82.7180341,9.6410748],[-82.7180087,9.6410626],[-82.717984,9.6410513],[-82.7179599,9.6410407],[-82.7179362,9.6410308],[-82.7179129,9.6410214],[-82.71789,9.6410126],[-82.7178674,9.6410042],[-82.717845,9.6409962],[-82.7178228,9.6409885],[-82.7178007,9.6409809],[-82.7177787,9.6409735],[-82.7175646,9.6409044],[-82.7173465,9.6408383],[-82.7171269,9.6407754],[-82.7169088,9.640716],[-82.7166946,9.6406603],[-82.7164873,9.6406085],[-82.7162896,9.6405609],[-82.716104,9.6405176],[-82.7159335,9.640479],[-82.7157807,9.6404452],[-82.7156484,9.6404165],[-82.7155392,9.6403931],[-82.7154812,9.6403804],[-82.7154233,9.6403673],[-82.7153656,9.6403538],[-82.715308,9.64034],[-82.7152505,9.6403259],[-82.7151931,9.6403115],[-82.7151359,9.6402968],[-82.7150786,9.640282],[-82.7150215,9.6402671],[-82.7149643,9.640252],[-82.7149072,9.6402369],[-82.7148501,9.6402218],[-82.7147512,9.640213],[-82.7146693,9.6402058],[-82.7145899,9.6401981],[-82.7145129,9.6401899],[-82.7144384,9.6401813],[-82.7143664,9.6401725],[-82.714297,9.6401634],[-82.7142303,9.6401541],[-82.7141663,9.6401447],[-82.714105,9.6401352],[-82.7140465,9.6401257],[-82.7139908,9.6401163],[-82.713938,9.6401071],[-82.7137991,9.640081],[-82.7136759,9.6400554],[-82.7135675,9.6400306],[-82.713473,9.6400067],[-82.7133914,9.6399839],[-82.7133218,9.6399625],[-82.7132632,9.6399425],[-82.7132148,9.6399243],[-82.7131755,9.639908],[-82.7131443,9.6398939],[-82.7131204,9.639882],[-82.7131029,9.6398726],[-82.7130791,9.6398597],[-82.7130528,9.6398449],[-82.7130242,9.6398282],[-82.7129936,9.6398096],[-82.7129615,9.6397889],[-82.712928,9.639766],[-82.7128937,9.6397409],[-82.7128588,9.6397133],[-82.7128237,9.6396834],[-82.7127887,9.6396508],[-82.7127541,9.6396157],[-82.7127204,9.6395777],[-82.7126952,9.6395465],[-82.7126742,9.6395178],[-82.7126564,9.6394906],[-82.7126408,9.6394643],[-82.7126263,9.639438],[-82.7126121,9.639411],[-82.7125972,9.6393824],[-82.7125804,9.6393514],[-82.7125609,9.6393173],[-82.7125376,9.6392792],[-82.7125095,9.6392363],[-82.7124757,9.6391879],[-82.7124486,9.6391502],[-82.7124234,9.6391155],[-82.7123999,9.6390837],[-82.7123776,9.6390545],[-82.7123563,9.6390277],[-82.7123355,9.6390031],[-82.7123149,9.6389805],[-82.7122942,9.6389596],[-82.7122729,9.6389403],[-82.7122507,9.6389222],[-82.7122273,9.6389053],[-82.7122023,9.6388892],[-82.7121574,9.6388641],[-82.7121113,9.6388418],[-82.7120645,9.6388224],[-82.7120176,9.6388054],[-82.711971,9.6387907],[-82.7119252,9.6387782],[-82.7118807,9.6387675],[-82.711838,9.6387586],[-82.7117977,9.638751],[-82.7117602,9.6387448],[-82.711726,9.6387395],[-82.7116957,9.6387352],[-82.711568,9.6387462],[-82.7115028,9.6387431],[-82.7114322,9.6387398],[-82.7113566,9.6387364],[-82.711276,9.6387329],[-82.7111905,9.6387292],[-82.7111004,9.6387255],[-82.7110058,9.6387217],[-82.7109068,9.6387179],[-82.7108035,9.6387141],[-82.7106962,9.6387103],[-82.710585,9.6387066],[-82.71047,9.6387029],[-82.7103418,9.638699],[-82.7102361,9.638696],[-82.7101502,9.6386938],[-82.7100816,9.6386922],[-82.7100274,9.6386911],[-82.7099852,9.6386903],[-82.7099521,9.6386897],[-82.7099256,9.638689],[-82.709903,9.6386882],[-82.7098815,9.6386871],[-82.7098587,9.6386855],[-82.7098317,9.6386833],[-82.7097245,9.6386741],[-82.7096105,9.6386634],[-82.7094906,9.6386504],[-82.7093659,9.6386343],[-82.7092373,9.6386144],[-82.709106,9.6385898],[-82.7089729,9.6385596],[-82.708839,9.6385232],[-82.7087053,9.6384797],[-82.7085729,9.6384283],[-82.7084428,9.6383682],[-82.7083159,9.6382985],[-82.7082699,9.6382702],[-82.7082256,9.6382417],[-82.7081821,9.6382133],[-82.7081387,9.638185],[-82.7080947,9.6381572],[-82.7080492,9.6381299],[-82.7080014,9.6381034],[-82.7079507,9.638078],[-82.7078961,9.6380537],[-82.707837,9.6380308],[-82.7077724,9.6380095],[-82.7077018,9.6379899],[-82.7076607,9.6379802],[-82.7076213,9.637972],[-82.7075834,9.6379651],[-82.7075468,9.6379595],[-82.707511,9.6379549],[-82.707476,9.6379512],[-82.7074413,9.6379482],[-82.7074067,9.6379457],[-82.707372,9.6379436],[-82.7073369,9.6379418],[-82.7073011,9.6379399],[-82.7072643,9.637938],[-82.7071005,9.6379266],[-82.7069588,9.6379123],[-82.706835,9.6378958],[-82.7067244,9.6378774],[-82.7066226,9.6378579],[-82.7065252,9.6378377],[-82.7064277,9.6378174],[-82.7063256,9.6377976],[-82.7062146,9.6377787],[-82.7060901,9.6377615],[-82.7059476,9.6377463],[-82.7057828,9.6377338],[-82.705724,9.6377302],[-82.7056651,9.6377268],[-82.7056058,9.6377237],[-82.7055459,9.6377212],[-82.7054851,9.6377192],[-82.7054231,9.6377181],[-82.7053597,9.6377179],[-82.7052945,9.6377188],[-82.7052273,9.6377209],[-82.7051579,9.6377244],[-82.7050859,9.6377294],[-82.7050111,9.6377361],[-82.704902,9.6377486],[-82.7048025,9.637763],[-82.7047114,9.6377792],[-82.7046273,9.6377967],[-82.704549,9.6378153],[-82.7044751,9.6378346],[-82.7044043,9.6378545],[-82.7043353,9.6378744],[-82.7042669,9.6378942],[-82.7041976,9.6379136],[-82.7041262,9.6379321],[-82.7040514,9.6379496],[-82.7039173,9.6379753],[-82.703786,9.6379931],[-82.7036566,9.6380038],[-82.7035281,9.6380077],[-82.7033995,9.6380056],[-82.7032699,9.637998],[-82.7031383,9.6379855],[-82.7030037,9.6379687],[-82.7028652,9.6379482],[-82.7027218,9.6379244],[-82.7025726,9.6378981],[-82.7024165,9.6378698],[-82.7022618,9.6378397],[-82.7021144,9.637807],[-82.7019734,9.637772],[-82.7018376,9.6377346],[-82.701706,9.6376949],[-82.7015776,9.637653],[-82.7014512,9.6376089],[-82.7013258,9.6375628],[-82.7012003,9.6375146],[-82.7010737,9.6374645],[-82.700945,9.6374125],[-82.700813,9.6373587],[-82.7007467,9.6373315],[-82.7006727,9.637301],[-82.7005914,9.6372669],[-82.7005033,9.6372291],[-82.7004087,9.6371875],[-82.7003081,9.637142],[-82.7002019,9.6370924],[-82.7000906,9.6370386],[-82.6999745,9.6369806],[-82.6998542,9.636918],[-82.69973,9.636851],[-82.6996023,9.6367792],[-82.6995452,9.6367462],[-82.6994962,9.6367172],[-82.6994538,9.6366917],[-82.6994169,9.6366692],[-82.6993841,9.6366491],[-82.6993541,9.6366307],[-82.6993257,9.6366137],[-82.6992976,9.6365973],[-82.6992685,9.6365811],[-82.699237,9.6365644],[-82.699202,9.6365468],[-82.6991621,9.6365276],[-82.6990589,9.6364813],[-82.6989602,9.6364416],[-82.6988648,9.6364075],[-82.6987715,9.636378],[-82.6986791,9.6363521],[-82.6985864,9.636329],[-82.6984922,9.6363075],[-82.6983953,9.6362867],[-82.6982945,9.6362658],[-82.6981887,9.6362436],[-82.6980766,9.6362192],[-82.6979571,9.6361918],[-82.6978551,9.6361667],[-82.6977729,9.6361447],[-82.6977047,9.6361246],[-82.6976448,9.636105],[-82.6975878,9.6360848],[-82.697528,9.6360629],[-82.6974597,9.6360378],[-82.6973774,9.6360086],[-82.6972756,9.6359739],[-82.6971487,9.6359326],[-82.6969912,9.6358835],[-82.6967977,9.6358254],[-82.6966473,9.6357816],[-82.6965032,9.6357406],[-82.6963657,9.6357023],[-82.6962354,9.6356669],[-82.6961126,9.6356342],[-82.6959976,9.6356043],[-82.6958908,9.6355771],[-82.6957927,9.6355526],[-82.6957036,9.6355307],[-82.6956239,9.6355116],[-82.695554,9.635495],[-82.6954943,9.6354811],[-82.6954044,9.6354605],[-82.6953169,9.6354408],[-82.6952318,9.6354221],[-82.6951491,9.6354042],[-82.6950691,9.6353872],[-82.6949917,9.6353711],[-82.694917,9.6353558],[-82.6948451,9.6353414],[-82.6947762,9.6353278],[-82.6947101,9.635315],[-82.6946471,9.635303],[-82.6945872,9.6352918],[-82.6944761,9.6352697],[-82.6942516,9.6352034],[-82.6938644,9.6350026],[-82.69362,9.6348362],[-82.6934031,9.6346902],[-82.6931341,9.6346279],[-82.6928416,9.6346599],[-82.6924169,9.634828],[-82.6918364,9.6351266],[-82.6911985,9.6355265],[-82.690704,9.6358908],[-82.6906988,9.635895],[-82.6906841,9.6359067],[-82.6906614,9.6359247],[-82.6906324,9.6359478],[-82.6905985,9.6359748],[-82.6905613,9.6360045],[-82.6905223,9.6360357],[-82.690483,9.6360671],[-82.690445,9.6360976],[-82.6904098,9.6361259],[-82.6903788,9.6361509],[-82.6903537,9.6361712],[-82.6903336,9.6361875],[-82.6903109,9.636206],[-82.6902863,9.6362263],[-82.6902601,9.6362478],[-82.6902329,9.6362701],[-82.6902053,9.6362929],[-82.6901776,9.6363157],[-82.6901504,9.6363381],[-82.6901243,9.6363595],[-82.6900996,9.6363797],[-82.6900769,9.6363981],[-82.6900568,9.6364143],[-82.690033,9.6364332],[-82.6900062,9.6364546],[-82.6899769,9.6364779],[-82.6899458,9.6365026],[-82.6899134,9.6365283],[-82.6898803,9.6365543],[-82.6898472,9.6365803],[-82.6898146,9.6366056],[-82.6897832,9.6366299],[-82.6897534,9.6366525],[-82.6897259,9.636673],[-82.6897014,9.6366909],[-82.6896756,9.6367089],[-82.6896463,9.6367287],[-82.6896141,9.6367502],[-82.6895797,9.6367727],[-82.6895439,9.636796],[-82.6895074,9.6368196],[-82.6894708,9.6368431],[-82.6894349,9.6368661],[-82.6894004,9.6368883],[-82.689368,9.6369093],[-82.6893385,9.6369286],[-82.6893124,9.6369458],[-82.6892868,9.6369627],[-82.689258,9.6369818],[-82.6892265,9.6370026],[-82.689193,9.6370247],[-82.6891583,9.6370477],[-82.689123,9.6370712],[-82.6890879,9.6370947],[-82.6890535,9.637118],[-82.6890205,9.6371405],[-82.6889897,9.6371619],[-82.6889616,9.6371818],[-82.688937,9.6371997],[-82.6889185,9.6372136],[-82.6888979,9.6372295],[-82.6888755,9.6372471],[-82.6888519,9.637266],[-82.6888274,9.6372856],[-82.6888025,9.6373057],[-82.6887776,9.6373258],[-82.6887532,9.6373456],[-82.6887298,9.6373645],[-82.6887076,9.6373823],[-82.6886872,9.6373984],[-82.688669,9.6374125],[-82.688655,9.6374234],[-82.6886392,9.6374358],[-82.688622,9.6374494],[-82.6886037,9.6374638],[-82.6885846,9.6374787],[-82.6885651,9.6374938],[-82.6885455,9.6375087],[-82.6885262,9.6375231],[-82.6885074,9.6375367],[-82.6884895,9.6375491],[-82.6884728,9.63756],[-82.6884576,9.637569],[-82.688445,9.6375758],[-82.6884305,9.6375831],[-82.6884145,9.6375906],[-82.6883974,9.6375983],[-82.6883795,9.637606],[-82.6883612,9.6376135],[-82.6883429,9.6376208],[-82.6883248,9.6376277],[-82.6883074,9.637634],[-82.688291,9.6376396],[-82.6882759,9.6376443],[-82.6882624,9.6376481],[-82.6882395,9.6376535],[-82.6882136,9.6376587],[-82.6881853,9.6376636],[-82.6881553,9.6376682],[-82.6881242,9.6376725],[-82.6880926,9.6376763],[-82.688061,9.6376797],[-82.6880302,9.6376825],[-82.6880006,9.6376847],[-82.6879729,9.6376863],[-82.6879478,9.6376871],[-82.6879256,9.637687],[-82.6878967,9.6376855],[-82.6878645,9.6376823],[-82.6878298,9.6376776],[-82.6877933,9.6376718],[-82.6877557,9.6376651],[-82.6877176,9.6376579],[-82.6876798,9.6376504],[-82.6876429,9.6376428],[-82.6876075,9.6376354],[-82.6875743,9.6376286],[-82.6875439,9.6376225],[-82.687517,9.6376175],[-82.6874869,9.6376118],[-82.6874532,9.6376052],[-82.6874166,9.6375978],[-82.6873779,9.6375898],[-82.6873379,9.6375815],[-82.6872972,9.6375732],[-82.6872566,9.6375651],[-82.6872169,9.6375575],[-82.6871787,9.6375505],[-82.6871427,9.6375445],[-82.6871096,9.6375396],[-82.6870801,9.6375361],[-82.6870488,9.6375334],[-82.6870134,9.6375311],[-82.6869747,9.6375292],[-82.6869336,9.6375276],[-82.686891,9.6375265],[-82.6868476,9.6375258],[-82.6868043,9.6375255],[-82.686762,9.6375256],[-82.6867213,9.637526],[-82.6866831,9.6375268],[-82.6866481,9.6375279],[-82.6866171,9.6375293],[-82.6865839,9.6375318],[-82.6865463,9.6375356],[-82.6865052,9.6375405],[-82.6864617,9.6375463],[-82.6864166,9.6375526],[-82.6863708,9.6375593],[-82.6863252,9.637566],[-82.6862807,9.6375724],[-82.6862381,9.6375784],[-82.6861983,9.6375836],[-82.6861621,9.6375876],[-82.6861303,9.6375904],[-82.6857276,9.6376123],[-82.6857232,9.6376119],[-82.685711,9.6376107],[-82.6856921,9.6376088],[-82.685668,9.6376064],[-82.68564,9.6376035],[-82.6856093,9.6376004],[-82.6855773,9.637597],[-82.6855452,9.6375935],[-82.6855144,9.63759],[-82.6854859,9.6375866],[-82.685461,9.6375833],[-82.685441,9.6375803],[-82.6854295,9.6375784],[-82.6854164,9.6375762],[-82.6854023,9.6375737],[-82.6853873,9.637571],[-82.6853718,9.6375681],[-82.6853562,9.637565],[-82.6853406,9.6375617],[-82.6853255,9.6375582],[-82.6853112,9.6375545],[-82.6852979,9.6375507],[-82.685286,9.6375468],[-82.6852757,9.6375428],[-82.685263,9.6375368],[-82.6852491,9.6375294],[-82.6852341,9.6375209],[-82.6852186,9.6375114],[-82.6852027,9.6375012],[-82.6851868,9.6374904],[-82.6851712,9.6374792],[-82.6851562,9.6374679],[-82.6851422,9.6374566],[-82.6851293,9.6374455],[-82.685118,9.6374348],[-82.6851085,9.6374247],[-82.6850997,9.6374136],[-82.6850906,9.6374003],[-82.6850813,9.6373851],[-82.6850719,9.6373683],[-82.6850625,9.6373506],[-82.6850533,9.6373322],[-82.6850443,9.6373136],[-82.6850356,9.6372952],[-82.6850274,9.6372775],[-82.6850197,9.6372607],[-82.6850127,9.6372454],[-82.6850064,9.6372319],[-82.6849999,9.6372176],[-82.6849928,9.6372013],[-82.6849853,9.6371833],[-82.6849774,9.637164],[-82.6849693,9.637144],[-82.6849611,9.6371236],[-82.6849529,9.6371032],[-82.6849448,9.6370832],[-82.684937,9.6370641],[-82.6849295,9.6370464],[-82.6849224,9.6370303],[-82.6849159,9.6370163],[-82.6849067,9.6369981],[-82.6848958,9.636978],[-82.6848836,9.6369565],[-82.6848705,9.6369339],[-82.6848568,9.6369105],[-82.6848428,9.6368868],[-82.6848289,9.6368631],[-82.6848154,9.6368398],[-82.6848027,9.6368172],[-82.684791,9.6367957],[-82.6847807,9.6367756],[-82.6847721,9.6367573],[-82.6847485,9.6367006],[-82.6847213,9.6366295],[-82.6846917,9.6365478],[-82.684661,9.6364593],[-82.6846301,9.6363676],[-82.6846003,9.6362763],[-82.6845724,9.6361893],[-82.6845474,9.6361099],[-82.6845263,9.6360419],[-82.68451,9.6359889],[-82.6844995,9.6359544],[-82.6844958,9.6359421],[-82.6843964,9.6356007],[-82.6843944,9.6355956],[-82.6843888,9.6355814],[-82.6843802,9.6355595],[-82.6843692,9.6355313],[-82.6843565,9.6354982],[-82.6843426,9.6354618],[-82.6843282,9.6354235],[-82.6843139,9.6353847],[-82.6843002,9.6353468],[-82.6842879,9.6353113],[-82.6842775,9.6352796],[-82.6842696,9.6352532],[-82.6842647,9.6352326],[-82.6842601,9.6352085],[-82.6842557,9.6351817],[-82.6842513,9.6351528],[-82.684247,9.6351226],[-82.6842426,9.6350919],[-82.6842379,9.6350613],[-82.6842331,9.6350316],[-82.6842278,9.6350035],[-82.6842221,9.6349778],[-82.6842159,9.6349551],[-82.6842091,9.6349363],[-82.6842012,9.6349199],[-82.6841911,9.6349026],[-82.6841794,9.6348846],[-82.6841662,9.6348663],[-82.6841519,9.6348478],[-82.684137,9.6348295],[-82.6841216,9.6348115],[-82.6841063,9.6347942],[-82.6840912,9.6347779],[-82.6840769,9.6347627],[-82.6840637,9.634749],[-82.6840518,9.6347369],[-82.6840321,9.6347182],[-82.684007,9.6346962],[-82.6839778,9.6346719],[-82.6839459,9.6346462],[-82.6839126,9.63462],[-82.6838791,9.6345942],[-82.6838468,9.6345698],[-82.6838172,9.6345477],[-82.6837916,9.6345289],[-82.6837716,9.6345142],[-82.6837585,9.6345047],[-82.6837538,9.6345014],[-82.683748,9.6344973],[-82.6837319,9.6344859],[-82.683707,9.6344681],[-82.6836749,9.6344452],[-82.6836373,9.6344182],[-82.6835959,9.6343882],[-82.6835522,9.6343563],[-82.6835081,9.6343237],[-82.6834654,9.6342914],[-82.6834259,9.6342607],[-82.6833915,9.6342327],[-82.6833642,9.6342086],[-82.6833432,9.6341881],[-82.6833198,9.6341642],[-82.6832946,9.6341375],[-82.683268,9.6341086],[-82.6832406,9.634078],[-82.6832129,9.6340463],[-82.6831854,9.6340141],[-82.6831586,9.6339819],[-82.6831333,9.6339503],[-82.6831098,9.6339198],[-82.6830889,9.6338912],[-82.6830711,9.6338649],[-82.6830536,9.6338351],[-82.6830334,9.6337969],[-82.6830114,9.6337526],[-82.6829882,9.6337041],[-82.6829646,9.6336534],[-82.6829414,9.6336027],[-82.6829193,9.6335541],[-82.6828992,9.6335096],[-82.682882,9.6334713],[-82.6828686,9.6334413],[-82.68286,9.6334218],[-82.6828569,9.6334148],[-82.6825732,9.6328252],[-82.6825718,9.6328221],[-82.6825679,9.6328132],[-82.6825619,9.6327996],[-82.6825542,9.6327821],[-82.6825451,9.6327616],[-82.682535,9.6327392],[-82.6825244,9.6327157],[-82.6825136,9.632692],[-82.682503,9.6326691],[-82.682493,9.6326479],[-82.6824841,9.6326293],[-82.6824767,9.6326143],[-82.6824714,9.6326038],[-82.6824656,9.6325917],[-82.6824593,9.6325786],[-82.6824526,9.6325646],[-82.6824455,9.6325501],[-82.6824381,9.6325355],[-82.6824305,9.632521],[-82.6824227,9.632507],[-82.6824148,9.6324939],[-82.682407,9.632482],[-82.6823992,9.6324715],[-82.6823916,9.6324629],[-82.6823831,9.6324552],[-82.682373,9.6324472],[-82.6823613,9.6324391],[-82.6823486,9.6324309],[-82.682335,9.6324228],[-82.6823208,9.6324149],[-82.6823064,9.6324072],[-82.682292,9.6324],[-82.682278,9.6323932],[-82.6822646,9.6323871],[-82.6822522,9.6323818],[-82.6822411,9.6323773],[-82.6822259,9.6323719],[-82.6822083,9.6323667],[-82.6821887,9.6323615],[-82.6821677,9.6323565],[-82.6821456,9.6323515],[-82.6821229,9.6323467],[-82.6821,9.632342],[-82.6820776,9.6323374],[-82.6820559,9.6323329],[-82.6820355,9.6323285],[-82.6820169,9.6323243],[-82.6820006,9.6323203],[-82.6819788,9.6323147],[-82.681954,9.6323085],[-82.6819268,9.6323017],[-82.6818979,9.6322945],[-82.6818678,9.6322868],[-82.6818371,9.6322788],[-82.6818066,9.6322705],[-82.6817766,9.632262],[-82.6817481,9.6322533],[-82.6817214,9.6322445],[-82.6816974,9.6322357],[-82.6816766,9.632227],[-82.6816546,9.6322159],[-82.6816289,9.6322012],[-82.6816002,9.6321835],[-82.6815698,9.6321639],[-82.6815387,9.6321431],[-82.6815079,9.632122],[-82.6814784,9.6321015],[-82.6814515,9.6320823],[-82.6814282,9.6320655],[-82.6814097,9.6320517],[-82.681397,9.632042],[-82.6813913,9.6320371],[-82.6813859,9.6320327],[-82.6813741,9.6320239],[-82.681357,9.6320114],[-82.6813358,9.6319959],[-82.6813116,9.6319779],[-82.6812854,9.6319581],[-82.6812585,9.6319371],[-82.6812319,9.6319155],[-82.6812069,9.631894],[-82.6811845,9.6318732],[-82.6811661,9.6318537],[-82.6811526,9.6318361],[-82.6811428,9.6318183],[-82.6811338,9.631797],[-82.6811254,9.631773],[-82.6811175,9.6317469],[-82.6811099,9.6317194],[-82.6811027,9.6316911],[-82.6810955,9.6316627],[-82.6810884,9.6316349],[-82.6810812,9.6316083],[-82.6810738,9.6315835],[-82.6810661,9.6315613],[-82.6810578,9.6315423],[-82.6810486,9.6315253],[-82.6810366,9.6315053],[-82.6810222,9.6314832],[-82.6810063,9.6314598],[-82.6809895,9.6314357],[-82.6809723,9.6314119],[-82.6809556,9.6313891],[-82.6809399,9.6313681],[-82.680926,9.6313496],[-82.6809144,9.6313346],[-82.680906,9.6313237],[-82.6809013,9.6313177],[-82.6808928,9.6313125],[-82.6808739,9.6313037],[-82.6808465,9.6312922],[-82.6808128,9.6312785],[-82.680775,9.6312636],[-82.6807351,9.6312481],[-82.6806953,9.6312329],[-82.6806578,9.6312187],[-82.6806248,9.6312063],[-82.6805985,9.6311964],[-82.6805811,9.63119],[-82.6805748,9.6311876],[-82.6805502,9.6311804],[-82.6805236,9.6311728],[-82.6804949,9.6311646],[-82.6804643,9.6311561],[-82.6804317,9.6311471],[-82.6803972,9.6311378],[-82.6803609,9.6311282],[-82.6803227,9.6311183],[-82.6802828,9.6311081],[-82.6802411,9.6310978],[-82.6801978,9.6310872],[-82.6801528,9.6310766],[-82.6800498,9.6310532],[-82.6799513,9.6310323],[-82.6798556,9.6310135],[-82.6797607,9.6309962],[-82.6796648,9.63098],[-82.6795658,9.6309644],[-82.6794619,9.6309489],[-82.6793509,9.6309329],[-82.6792309,9.630916],[-82.6790997,9.6308976],[-82.6789552,9.6308771],[-82.6787953,9.630854],[-82.6785883,9.6308234],[-82.6784169,9.6307973],[-82.6782774,9.6307753],[-82.6781659,9.6307572],[-82.6780784,9.6307426],[-82.6780105,9.6307312],[-82.6779582,9.6307224],[-82.6779171,9.630716],[-82.677883,9.6307116],[-82.6778514,9.6307086],[-82.677818,9.6307066],[-82.6777784,9.6307053],[-82.6776213,9.6307045],[-82.6774857,9.6307101],[-82.6773678,9.6307208],[-82.6772639,9.6307353],[-82.6771703,9.6307524],[-82.6770831,9.6307706],[-82.6769985,9.6307888],[-82.6769127,9.6308056],[-82.6768217,9.6308197],[-82.6767217,9.6308298],[-82.6766086,9.6308346],[-82.6764785,9.6308327],[-82.6763172,9.630821],[-82.6761764,9.6308009],[-82.6760516,9.6307737],[-82.6759384,9.630741],[-82.6758322,9.6307042],[-82.6757284,9.6306647],[-82.6756226,9.6306239],[-82.67551,9.6305832],[-82.675386,9.6305442],[-82.6752461,9.6305081],[-82.6750854,9.6304764],[-82.6748994,9.6304505],[-82.6747884,9.6304397],[-82.6746835,9.6304328],[-82.6745837,9.6304294],[-82.6744877,9.6304289],[-82.6743945,9.6304311],[-82.6743029,9.6304354],[-82.6742119,9.6304416],[-82.6741203,9.630449],[-82.6740271,9.6304574],[-82.673931,9.6304663],[-82.6738309,9.6304753],[-82.6737257,9.6304839],[-82.6735524,9.6304946],[-82.6733755,9.6305002],[-82.6731928,9.6305008],[-82.6730017,9.6304967],[-82.6727999,9.6304879],[-82.6725848,9.6304748],[-82.6723542,9.6304574],[-82.6721054,9.6304359],[-82.6718361,9.6304103],[-82.6715437,9.6303809],[-82.6712258,9.6303477],[-82.6708799,9.6303106],[-82.6706233,9.6302816],[-82.670416,9.6302557],[-82.670243,9.6302312],[-82.6700889,9.6302066],[-82.6699385,9.6301803],[-82.6697766,9.6301505],[-82.6695877,9.6301155],[-82.6693564,9.6300735],[-82.6690673,9.6300224],[-82.6687048,9.6299598],[-82.6682532,9.6298831],[-82.6676965,9.6297891],[-82.667445,9.6297464],[-82.6672185,9.6297072],[-82.667015,9.6296705],[-82.6668326,9.6296353],[-82.6666693,9.6296006],[-82.6665232,9.6295653],[-82.6663923,9.6295284],[-82.6662746,9.6294886],[-82.6661681,9.629445],[-82.6660709,9.6293963],[-82.6659809,9.6293414],[-82.6658962,9.6292792],[-82.665866,9.6292546],[-82.665828,9.6292235],[-82.6657827,9.6291873],[-82.6657304,9.6291472],[-82.6656717,9.6291046],[-82.6656071,9.6290606],[-82.6655369,9.6290167],[-82.6654616,9.6289741],[-82.6653817,9.628934],[-82.6652978,9.628898],[-82.6652101,9.6288671],[-82.6651193,9.6288428],[-82.665093,9.6288373],[-82.665065,9.6288318],[-82.6650347,9.6288263],[-82.6650021,9.6288204],[-82.6649668,9.6288141],[-82.6649285,9.6288071],[-82.664887,9.6287992],[-82.6648421,9.6287902],[-82.6647933,9.6287799],[-82.6647404,9.6287682],[-82.6646833,9.6287548],[-82.6646215,9.6287395],[-82.6646048,9.6287352],[-82.6645876,9.6287308],[-82.6645698,9.6287264],[-82.6645514,9.6287218],[-82.6645322,9.6287173],[-82.6645122,9.6287129],[-82.6644912,9.6287085],[-82.6644693,9.6287042],[-82.6644462,9.6287],[-82.664422,9.6286961],[-82.6643964,9.6286923],[-82.6643695,9.6286889],[-82.664352,9.6286868],[-82.6643328,9.6286846],[-82.664312,9.6286825],[-82.6642896,9.6286805],[-82.6642657,9.6286788],[-82.6642403,9.6286774],[-82.6642134,9.6286765],[-82.6641851,9.6286762],[-82.6641553,9.6286766],[-82.6641243,9.6286777],[-82.6640919,9.6286797],[-82.6640582,9.6286828],[-82.6640296,9.6286861],[-82.6640022,9.6286899],[-82.6639762,9.6286942],[-82.6639513,9.6286989],[-82.6639276,9.6287039],[-82.6639051,9.6287091],[-82.6638836,9.6287145],[-82.6638631,9.62872],[-82.6638435,9.6287256],[-82.6638249,9.6287312],[-82.663807,9.6287366],[-82.66379,9.628742],[-82.663769,9.6287486],[-82.6637464,9.6287559],[-82.6637224,9.6287639],[-82.6636972,9.6287727],[-82.6636708,9.6287826],[-82.6636436,9.6287934],[-82.6636156,9.6288055],[-82.663587,9.6288188],[-82.663558,9.6288335],[-82.6635288,9.6288496],[-82.6634995,9.6288673],[-82.6634702,9.6288867],[-82.6634609,9.6288934],[-82.663452,9.6289001],[-82.6634429,9.6289073],[-82.6634334,9.6289156],[-82.6634228,9.6289255],[-82.6634108,9.6289372],[-82.6633968,9.6289515],[-82.6633804,9.6289686],[-82.6633611,9.6289891],[-82.6633385,9.6290134],[-82.6633121,9.629042],[-82.6632814,9.6290754],[-82.6632459,9.6291139],[-82.6632121,9.6291507],[-82.6631802,9.6291854],[-82.6631503,9.629218],[-82.6631227,9.6292481],[-82.6630976,9.6292755],[-82.6630752,9.6292999],[-82.6630556,9.6293212],[-82.6630392,9.6293391],[-82.6630261,9.6293534],[-82.6630166,9.6293639],[-82.6630108,9.6293702],[-82.6629751,9.6294091],[-82.6629445,9.6294424],[-82.6629183,9.6294708],[-82.6628959,9.6294951],[-82.6628765,9.629516],[-82.6628596,9.6295343],[-82.6628445,9.6295506],[-82.6628305,9.6295658],[-82.6628169,9.6295805],[-82.6628031,9.6295956],[-82.6627885,9.6296116],[-82.6627724,9.6296293],[-82.6627649,9.6296375],[-82.6627557,9.6296476],[-82.6627449,9.6296596],[-82.6627325,9.6296733],[-82.6627186,9.6296887],[-82.6627034,9.6297056],[-82.6626868,9.629724],[-82.6626691,9.6297438],[-82.6626502,9.6297649],[-82.6626303,9.6297872],[-82.6626094,9.6298107],[-82.6625876,9.6298352],[-82.6625565,9.6298704],[-82.6625292,9.6299014],[-82.6625056,9.6299285],[-82.6624853,9.629952],[-82.6624679,9.6299724],[-82.6624532,9.62999],[-82.6624408,9.6300051],[-82.6624304,9.630018],[-82.6624218,9.6300291],[-82.6624145,9.6300387],[-82.6624083,9.6300471],[-82.6624029,9.6300547],[-82.6623953,9.6300654],[-82.662388,9.6300757],[-82.6623809,9.6300856],[-82.6623742,9.6300952],[-82.6623678,9.6301043],[-82.6623617,9.6301132],[-82.6623558,9.6301218],[-82.6623502,9.6301302],[-82.6623448,9.6301383],[-82.6623397,9.6301463],[-82.6623349,9.630154],[-82.6623303,9.6301617],[-82.6622308,9.6303392],[-82.6622287,9.6303616],[-82.6622266,9.6303852],[-82.6622244,9.6304101],[-82.6622221,9.6304362],[-82.6622199,9.6304635],[-82.6622177,9.6304919],[-82.6622154,9.6305213],[-82.6622132,9.6305518],[-82.6622111,9.6305833],[-82.6622089,9.6306157],[-82.6622069,9.630649],[-82.6622049,9.6306831],[-82.6622036,9.6307068],[-82.6622019,9.6307411],[-82.6621998,9.6307848],[-82.6621976,9.6308368],[-82.6621954,9.6308957],[-82.6621933,9.6309604],[-82.6621916,9.6310296],[-82.6621902,9.6311021],[-82.6621894,9.6311766],[-82.6621893,9.631252],[-82.6621902,9.631327],[-82.6621921,9.6314007],[-82.6621988,9.631523],[-82.6622089,9.6316216],[-82.6622221,9.6317015],[-82.6622374,9.6317672],[-82.662254,9.6318223],[-82.6622708,9.6318703],[-82.6622865,9.631914],[-82.6622997,9.6319561],[-82.662309,9.6319987],[-82.6623128,9.6320438],[-82.6623093,9.6320924],[-82.6622962,9.632145],[-82.6622693,9.6322018],[-82.6622356,9.6322417],[-82.6621968,9.6322687],[-82.6621549,9.6322862],[-82.6621112,9.6322972],[-82.6620672,9.6323042],[-82.6620241,9.6323093],[-82.6619832,9.6323148],[-82.6619456,9.6323224],[-82.6619126,9.6323341],[-82.6618855,9.6323519],[-82.6618654,9.6323783],[-82.6618601,9.6323865],[-82.6618525,9.6323945],[-82.6618425,9.6324026],[-82.6618301,9.632411],[-82.6618153,9.6324199],[-82.6617981,9.6324296],[-82.6617785,9.6324405],[-82.6617566,9.632453],[-82.6617324,9.6324676],[-82.6617062,9.6324851],[-82.6616779,9.6325061],[-82.661648,9.6325317],[-82.6616433,9.632536],[-82.6616376,9.6325407],[-82.661631,9.6325457],[-82.661623,9.6325508],[-82.6616136,9.6325559],[-82.6616024,9.6325608],[-82.6615893,9.6325653],[-82.6615741,9.6325693],[-82.6615565,9.6325727],[-82.6615364,9.6325754],[-82.6615135,9.632577],[-82.6614877,9.6325776],[-82.6614598,9.6325769],[-82.6614311,9.632575],[-82.6614015,9.632572],[-82.6613708,9.632568],[-82.6613391,9.6325629],[-82.6613064,9.6325569],[-82.6612725,9.6325502],[-82.6612375,9.6325428],[-82.6612014,9.6325348],[-82.661164,9.6325263],[-82.6611254,9.6325176],[-82.6610856,9.6325087],[-82.6610107,9.6324926],[-82.6609418,9.6324787],[-82.6608781,9.6324667],[-82.6608187,9.6324561],[-82.6607628,9.6324468],[-82.6607097,9.6324383],[-82.6606584,9.6324305],[-82.6606082,9.6324232],[-82.6605584,9.6324163],[-82.660508,9.6324096],[-82.6604565,9.6324031],[-82.660403,9.6323966],[-82.6603545,9.6323914],[-82.6603061,9.6323872],[-82.6602569,9.632384],[-82.6602065,9.6323817],[-82.6601541,9.6323805],[-82.6600991,9.6323802],[-82.6600408,9.6323809],[-82.6599787,9.6323828],[-82.6599121,9.6323859],[-82.6598404,9.6323905],[-82.6597631,9.6323965],[-82.6596795,9.6324044],[-82.6594977,9.6324268],[-82.659348,9.6324517],[-82.659225,9.632477],[-82.6591236,9.6325016],[-82.6590389,9.6325247],[-82.6589662,9.6325463],[-82.6589006,9.6325662],[-82.6588376,9.6325847],[-82.6587725,9.632602],[-82.6587007,9.6326184],[-82.6586176,9.6326343],[-82.6585187,9.6326502],[-82.6584191,9.6326638],[-82.6583296,9.6326743],[-82.658249,9.6326822],[-82.658176,9.6326887],[-82.6581094,9.6326944],[-82.6580479,9.6327005],[-82.6579902,9.6327079],[-82.6579352,9.6327174],[-82.6578815,9.6327302],[-82.657828,9.6327473],[-82.6577735,9.6327695],[-82.6577166,9.632798],[-82.6576749,9.6328224],[-82.6576394,9.6328462],[-82.6576091,9.6328699],[-82.6575826,9.6328939],[-82.6575587,9.6329185],[-82.6575362,9.6329443],[-82.6575139,9.6329715],[-82.6574905,9.6330006],[-82.6574648,9.6330321],[-82.6574357,9.6330663],[-82.6574018,9.6331037],[-82.657362,9.6331447],[-82.6573423,9.6331637],[-82.6573015,9.6332007],[-82.6572413,9.6332521],[-82.6571633,9.6333141],[-82.6570691,9.6333828],[-82.6569601,9.6334545],[-82.6568381,9.6335253],[-82.6567046,9.6335914],[-82.6565611,9.633649],[-82.6564092,9.6336941],[-82.6562505,9.6337229],[-82.6560865,9.6337316],[-82.656026,9.6337288],[-82.6559752,9.6337227],[-82.6559317,9.6337139],[-82.6558931,9.6337026],[-82.6558567,9.6336894],[-82.6558202,9.6336746],[-82.6557812,9.6336587],[-82.655737,9.6336421],[-82.6556852,9.6336251],[-82.6556234,9.6336084],[-82.655549,9.6335922],[-82.6554597,9.6335771],[-82.6554181,9.6335713],[-82.6553622,9.6335647],[-82.6552935,9.6335582],[-82.6552132,9.6335528],[-82.6551227,9.6335494],[-82.6550234,9.6335491],[-82.6549167,9.6335527],[-82.6548037,9.6335613],[-82.654686,9.6335757],[-82.6545649,9.633597],[-82.6544417,9.633626],[-82.6543177,9.6336637],[-82.6542189,9.6337012],[-82.6541373,9.6337395],[-82.6540689,9.6337793],[-82.6540095,9.6338212],[-82.6539552,9.6338657],[-82.653902,9.6339136],[-82.6538458,9.6339655],[-82.6537827,9.6340219],[-82.6537087,9.6340835],[-82.6536198,9.634151],[-82.6535119,9.634225],[-82.6533811,9.6343062],[-82.6532579,9.6343759],[-82.6531465,9.6344334],[-82.653045,9.6344807],[-82.6529517,9.6345202],[-82.6528648,9.6345543],[-82.6527823,9.6345852],[-82.6527025,9.6346153],[-82.6526237,9.6346469],[-82.6525438,9.6346822],[-82.6524613,9.6347237],[-82.6523742,9.6347736],[-82.6522807,9.6348343],[-82.652196,9.6348955],[-82.6521171,9.6349584],[-82.6520437,9.6350226],[-82.6519756,9.6350879],[-82.6519126,9.6351539],[-82.6518546,9.6352202],[-82.6518011,9.6352867],[-82.6517521,9.6353529],[-82.6517073,9.6354185],[-82.6516665,9.6354833],[-82.6516294,9.6355469],[-82.6515958,9.635609]]},"properties":{"kind":"main_road","number":null,"name":null,"source_page":1,"registration":"manual_place_aligned","needs_confirmation":true}},{"type":"Feature","id":"pdf:pedestrian/161","geometry":{"type":"LineString","coordinates":[[-82.7096673,9.6384198],[-82.7088183,9.6403525]]},"properties":{"kind":"pedestrian","number":null,"name":null,"source_page":1,"registration":"manual_place_aligned","needs_confirmation":true}},{"type":"Feature","id":"pdf:pedestrian/162","geometry":{"type":"LineString","coordinates":[[-82.7171513,9.6407823],[-82.7164101,9.6421743],[-82.7158786,9.6423448]]},"properties":{"kind":"pedestrian","number":null,"name":null,"source_page":1,"registration":"manual_place_aligned","needs_confirmation":true}},{"type":"Feature","id":"pdf:pedestrian/163","geometry":{"type":"LineString","coordinates":[[-82.7118179,9.6405539],[-82.7118553,9.6406022],[-82.711986,9.6408882],[-82.7121606,9.64118],[-82.7118944,9.6416548]]},"properties":{"kind":"pedestrian","number":null,"name":null,"source_page":1,"registration":"manual_place_aligned","needs_confirmation":true}},{"type":"Feature","id":"pdf:rip_current/164","geometry":{"type":"LineString","coordinates":[[-82.7537619,9.6590344],[-82.7537602,9.6590387],[-82.7537553,9.6590506],[-82.7537476,9.659069],[-82.7537376,9.6590925],[-82.7537258,9.6591199],[-82.7537125,9.6591499],[-82.7536983,9.6591812],[-82.7536835,9.6592127],[-82.7536686,9.659243],[-82.7536541,9.6592709],[-82.7536404,9.6592951],[-82.7536279,9.6593144],[-82.75362,9.6593243],[-82.7536101,9.6593351],[-82.7535985,9.6593465],[-82.7535859,9.6593585],[-82.7535724,9.6593707],[-82.7535586,9.6593831],[-82.7535447,9.6593955],[-82.7535314,9.6594078],[-82.7535188,9.6594198],[-82.7535075,9.6594313],[-82.7534979,9.6594422],[-82.7534903,9.6594523],[-82.753482,9.6594657],[-82.7534737,9.6594812],[-82.7534654,9.6594983],[-82.7534572,9.6595167],[-82.7534492,9.6595359],[-82.7534416,9.6595557],[-82.7534343,9.6595756],[-82.7534276,9.6595951],[-82.7534214,9.659614],[-82.7534159,9.6596319],[-82.7534112,9.6596483],[-82.7534074,9.6596628],[-82.753406,9.6596704],[-82.7534049,9.6596791],[-82.7534042,9.6596887],[-82.7534037,9.6596989],[-82.7534033,9.6597094],[-82.753403,9.6597202],[-82.7534025,9.659731],[-82.7534019,9.6597415],[-82.753401,9.6597516],[-82.7533997,9.659761],[-82.7533979,9.6597696],[-82.7533955,9.6597771],[-82.7533891,9.6597906],[-82.7533805,9.6598055],[-82.7533701,9.6598214],[-82.7533583,9.659838],[-82.7533454,9.659855],[-82.7533318,9.6598723],[-82.7533179,9.6598895],[-82.7533042,9.6599062],[-82.7532909,9.6599224],[-82.7532784,9.6599376],[-82.7532673,9.6599516],[-82.7532577,9.6599641],[-82.7532523,9.6599713],[-82.753246,9.6599793],[-82.753239,9.6599881],[-82.7532315,9.6599973],[-82.7532238,9.6600069],[-82.753216,9.6600168],[-82.7532083,9.6600267],[-82.753201,9.6600364],[-82.7531942,9.6600459],[-82.7531881,9.6600549],[-82.753183,9.6600634],[-82.753179,9.660071],[-82.7531741,9.6600836],[-82.7531699,9.6600981],[-82.7531663,9.6601141],[-82.7531632,9.6601312],[-82.7531604,9.6601491],[-82.7531577,9.6601673],[-82.753155,9.6601855],[-82.7531522,9.6602034],[-82.7531491,9.6602205],[-82.7531455,9.6602365],[-82.7531413,9.660251],[-82.7531364,9.6602636],[-82.7531313,9.6602731],[-82.7531246,9.6602835],[-82.7531167,9.6602947],[-82.7531077,9.6603064],[-82.753098,9.6603184],[-82.753088,9.6603306],[-82.753078,9.6603428],[-82.7530682,9.6603548],[-82.753059,9.6603664],[-82.7530507,9.6603775],[-82.7530436,9.6603878],[-82.7530381,9.6603972]]},"properties":{"kind":"rip_current","number":null,"name":null,"source_page":1,"registration":"provisional_four_station_affine","needs_confirmation":true}},{"type":"Feature","id":"pdf:rip_current/166","geometry":{"type":"LineString","coordinates":[[-82.7531379,9.6589998],[-82.7531409,9.6590029],[-82.7531492,9.6590114],[-82.7531618,9.6590247],[-82.7531775,9.6590417],[-82.7531955,9.6590618],[-82.7532146,9.659084],[-82.7532339,9.6591074],[-82.7532522,9.6591314],[-82.7532685,9.6591549],[-82.7532819,9.6591772],[-82.7532912,9.6591974],[-82.7532955,9.6592146],[-82.7532947,9.6592367],[-82.7532891,9.6592611],[-82.7532795,9.6592873],[-82.7532666,9.659315],[-82.7532512,9.6593435],[-82.7532341,9.6593724],[-82.753216,9.6594012],[-82.7531978,9.6594294],[-82.75318,9.6594566],[-82.7531636,9.6594821],[-82.7531493,9.6595057],[-82.7531379,9.6595266],[-82.7531305,9.6595419],[-82.7531227,9.6595594],[-82.7531143,9.6595785],[-82.7531056,9.6595989],[-82.7530964,9.6596201],[-82.7530869,9.6596416],[-82.7530771,9.659663],[-82.7530671,9.6596838],[-82.7530569,9.6597036],[-82.7530466,9.659722],[-82.7530361,9.6597385],[-82.7530256,9.6597526],[-82.7530122,9.6597673],[-82.7529951,9.6597836],[-82.7529751,9.6598012],[-82.7529531,9.6598197],[-82.7529298,9.6598386],[-82.7529061,9.6598574],[-82.7528828,9.6598758],[-82.7528608,9.6598933],[-82.752841,9.6599094],[-82.7528241,9.6599237],[-82.7528109,9.6599359],[-82.7528024,9.6599454],[-82.752796,9.6599563],[-82.7527886,9.6599724],[-82.7527804,9.6599926],[-82.7527717,9.6600157],[-82.7527627,9.6600408],[-82.7527536,9.6600668],[-82.7527448,9.6600925],[-82.7527363,9.6601169],[-82.7527284,9.660139],[-82.7527214,9.6601576],[-82.7527154,9.6601717],[-82.7527107,9.6601802],[-82.7527076,9.6601876],[-82.752706,9.6601987],[-82.7527056,9.6602129],[-82.752706,9.6602295],[-82.7527069,9.6602479],[-82.7527081,9.6602675],[-82.7527093,9.6602876],[-82.7527101,9.6603076],[-82.7527102,9.6603269],[-82.7527093,9.6603448],[-82.7527072,9.6603606],[-82.7527035,9.6603738]]},"properties":{"kind":"rip_current","number":null,"name":null,"source_page":1,"registration":"provisional_four_station_affine","needs_confirmation":true}},{"type":"Feature","id":"pdf:rip_current/168","geometry":{"type":"LineString","coordinates":[[-82.7422678,9.6558679],[-82.742266,9.6558729],[-82.7422609,9.6558868],[-82.7422528,9.6559082],[-82.7422422,9.6559355],[-82.7422294,9.6559673],[-82.7422149,9.656002],[-82.742199,9.6560382],[-82.7421822,9.6560743],[-82.7421648,9.6561088],[-82.7421472,9.6561404],[-82.7421299,9.6561673],[-82.7421131,9.6561882],[-82.7420844,9.6562155],[-82.7420488,9.656244],[-82.7420075,9.6562734],[-82.7419617,9.6563032],[-82.7419127,9.6563332],[-82.7418618,9.656363],[-82.74181,9.6563921],[-82.7417588,9.6564204],[-82.7417092,9.6564473],[-82.7416625,9.6564726],[-82.7416199,9.6564958],[-82.7415826,9.6565166]]},"properties":{"kind":"rip_current","number":null,"name":null,"source_page":1,"registration":"provisional_four_station_affine","needs_confirmation":true}},{"type":"Feature","id":"pdf:rip_current/170","geometry":{"type":"LineString","coordinates":[[-82.7404182,9.6533572],[-82.7404108,9.6533619],[-82.7403904,9.6533749],[-82.7403594,9.6533947],[-82.7403205,9.6534195],[-82.7402763,9.6534479],[-82.7402291,9.6534782],[-82.7401817,9.6535088],[-82.7401365,9.6535381],[-82.7400961,9.6535645],[-82.7400631,9.6535864],[-82.74004,9.6536022],[-82.7400293,9.6536103],[-82.7400161,9.6536238],[-82.7400027,9.6536372],[-82.7399891,9.6536503],[-82.7399756,9.6536632],[-82.7399621,9.6536758],[-82.7399488,9.653688],[-82.7399357,9.6536998],[-82.739923,9.6537112],[-82.7399107,9.6537221],[-82.7398989,9.6537325],[-82.7398878,9.6537423],[-82.7398773,9.6537514],[-82.7398645,9.6537651],[-82.7398527,9.653782],[-82.7398421,9.6538014],[-82.7398324,9.6538225],[-82.7398238,9.6538445],[-82.739816,9.6538666],[-82.7398091,9.653888],[-82.7398031,9.6539081],[-82.7397978,9.6539259],[-82.7397932,9.6539407],[-82.7397893,9.6539518],[-82.7397861,9.6539584],[-82.7397809,9.6539662],[-82.7397716,9.653981],[-82.7397587,9.6540014],[-82.7397428,9.6540263],[-82.7397244,9.6540544],[-82.7397041,9.6540845],[-82.7396824,9.6541154],[-82.7396597,9.6541458],[-82.7396368,9.6541747],[-82.7396141,9.6542006],[-82.7395921,9.6542224],[-82.7395714,9.654239]]},"properties":{"kind":"rip_current","number":null,"name":null,"source_page":1,"registration":"provisional_four_station_affine","needs_confirmation":true}},{"type":"Feature","id":"pdf:rip_current/172","geometry":{"type":"LineString","coordinates":[[-82.7387728,9.6517696],[-82.7387601,9.6517835],[-82.738738,9.6518093],[-82.7387082,9.6518451],[-82.738672,9.6518887],[-82.738631,9.6519383],[-82.7385866,9.6519918],[-82.7385402,9.6520473],[-82.7384935,9.6521026],[-82.7384477,9.6521559],[-82.7384044,9.6522052],[-82.7383651,9.6522484],[-82.7383312,9.6522835],[-82.7383062,9.6523079],[-82.7382772,9.652335],[-82.7382452,9.6523643],[-82.7382106,9.6523952],[-82.7381742,9.652427],[-82.7381368,9.6524591],[-82.7380989,9.6524909],[-82.7380613,9.6525218],[-82.7380247,9.6525511],[-82.7379896,9.6525783],[-82.737957,9.6526028],[-82.7379273,9.6526238]]},"properties":{"kind":"rip_current","number":null,"name":null,"source_page":1,"registration":"provisional_four_station_affine","needs_confirmation":true}},{"type":"Feature","id":"pdf:rip_current/174","geometry":{"type":"LineString","coordinates":[[-82.7365526,9.6505829],[-82.7365466,9.6505848],[-82.7365296,9.6505901],[-82.7365035,9.6505984],[-82.73647,9.6506092],[-82.736431,9.6506219],[-82.7363882,9.6506359],[-82.7363435,9.6506509],[-82.7362985,9.6506663],[-82.7362552,9.6506815],[-82.7362154,9.6506961],[-82.7361807,9.6507095],[-82.736153,9.6507213],[-82.7361278,9.6507331],[-82.7360997,9.6507468],[-82.7360692,9.6507622],[-82.7360372,9.6507789],[-82.7360042,9.6507966],[-82.7359709,9.6508151],[-82.7359382,9.6508339],[-82.7359065,9.6508529],[-82.7358767,9.6508718],[-82.7358495,9.6508901],[-82.7358254,9.6509076],[-82.7358052,9.6509241],[-82.7357884,9.6509402],[-82.7357708,9.6509591],[-82.7357527,9.6509805],[-82.7357344,9.6510036],[-82.7357161,9.6510281],[-82.735698,9.6510533],[-82.7356805,9.6510788],[-82.7356636,9.651104],[-82.7356478,9.6511283],[-82.7356331,9.6511514],[-82.73562,9.6511725],[-82.7356085,9.6511913],[-82.7356005,9.6512058],[-82.7355927,9.6512225],[-82.7355848,9.6512411],[-82.7355769,9.651261],[-82.7355688,9.6512817],[-82.7355606,9.6513027],[-82.735552,9.6513236],[-82.7355431,9.6513439],[-82.7355337,9.6513631],[-82.7355238,9.6513807],[-82.7355133,9.6513963],[-82.7355021,9.6514093],[-82.7354834,9.6514263],[-82.7354606,9.6514444],[-82.7354342,9.6514631],[-82.7354051,9.6514822],[-82.7353738,9.6515012],[-82.7353411,9.6515197],[-82.7353077,9.6515375],[-82.7352742,9.6515541],[-82.7352413,9.6515691],[-82.7352097,9.6515822],[-82.7351802,9.651593],[-82.7351534,9.6516011]]},"properties":{"kind":"rip_current","number":null,"name":null,"source_page":1,"registration":"provisional_four_station_affine","needs_confirmation":true}},{"type":"Feature","id":"pdf:rip_current/176","geometry":{"type":"LineString","coordinates":[[-82.7353229,9.6496926],[-82.7353123,9.6497046],[-82.7352824,9.6497383],[-82.7352362,9.6497899],[-82.7351764,9.6498559],[-82.735106,9.6499325],[-82.7350279,9.6500162],[-82.7349449,9.6501033],[-82.7348599,9.6501901],[-82.7347759,9.650273],[-82.7346956,9.6503483],[-82.734622,9.6504125],[-82.734558,9.6504618],[-82.7345361,9.6504756],[-82.734508,9.6504913],[-82.7344751,9.6505082],[-82.7344391,9.6505258],[-82.7344014,9.6505434],[-82.7343637,9.6505606],[-82.7343276,9.6505768],[-82.7342945,9.6505912],[-82.734266,9.6506035],[-82.7342438,9.650613],[-82.7342293,9.6506191],[-82.7342241,9.6506213],[-82.7339099,9.6507295]]},"properties":{"kind":"rip_current","number":null,"name":null,"source_page":1,"registration":"provisional_four_station_affine","needs_confirmation":true}},{"type":"Feature","id":"pdf:rip_current/178","geometry":{"type":"LineString","coordinates":[[-82.7335292,9.6502052],[-82.7335343,9.6501991],[-82.7335484,9.6501818],[-82.7335701,9.6501552],[-82.7335976,9.650121],[-82.7336295,9.6500809],[-82.7336641,9.6500367],[-82.7336998,9.6499901],[-82.7337351,9.6499429],[-82.7337684,9.6498969],[-82.733798,9.6498537],[-82.7338225,9.6498152],[-82.7338401,9.649783],[-82.7338466,9.6497683],[-82.733853,9.6497515],[-82.7338592,9.649733],[-82.7338653,9.6497132],[-82.733871,9.6496925],[-82.7338764,9.6496714],[-82.7338814,9.6496502],[-82.7338859,9.6496293],[-82.7338899,9.6496092],[-82.7338933,9.6495902],[-82.733896,9.6495729],[-82.7338979,9.6495574],[-82.7338988,9.6495477],[-82.7338996,9.6495368],[-82.7339001,9.6495248],[-82.7339005,9.649512],[-82.7339007,9.6494988],[-82.7339006,9.6494853],[-82.7339004,9.6494718],[-82.7338999,9.6494586],[-82.7338992,9.6494459],[-82.7338983,9.6494339],[-82.7338972,9.649423],[-82.7338958,9.6494134],[-82.7338936,9.6494031],[-82.7338907,9.6493914],[-82.7338871,9.6493788],[-82.7338832,9.6493653],[-82.7338791,9.6493514],[-82.733875,9.6493371],[-82.7338712,9.6493229],[-82.7338679,9.6493089],[-82.7338653,9.6492954],[-82.7338636,9.6492827],[-82.7338631,9.649271],[-82.7338639,9.6492607],[-82.733868,9.6492444],[-82.7338749,9.6492264],[-82.7338843,9.6492071],[-82.7338959,9.6491869],[-82.7339093,9.6491663],[-82.733924,9.6491457],[-82.7339399,9.6491254],[-82.7339564,9.6491061],[-82.7339732,9.649088],[-82.73399,9.6490716],[-82.7340064,9.6490575],[-82.7340221,9.6490459],[-82.7340315,9.6490405],[-82.7340429,9.6490353],[-82.7340558,9.6490305],[-82.7340701,9.649026],[-82.7340852,9.6490216],[-82.7341008,9.6490175],[-82.7341166,9.6490136],[-82.7341322,9.6490098],[-82.7341472,9.6490062],[-82.7341612,9.6490027],[-82.734174,9.6489993],[-82.7341851,9.648996],[-82.7341972,9.6489917],[-82.7342119,9.6489859],[-82.7342283,9.648979],[-82.7342459,9.6489713],[-82.7342639,9.6489632],[-82.7342817,9.648955],[-82.7342986,9.6489471],[-82.7343139,9.6489398],[-82.734327,9.6489336],[-82.7343372,9.6489287],[-82.7343438,9.6489255],[-82.7343461,9.6489243]]},"properties":{"kind":"rip_current","number":null,"name":null,"source_page":1,"registration":"provisional_four_station_affine","needs_confirmation":true}},{"type":"Feature","id":"pdf:rip_current/180","geometry":{"type":"LineString","coordinates":[[-82.7307661,9.647171],[-82.7307605,9.6471731],[-82.7307448,9.6471789],[-82.7307206,9.6471877],[-82.7306895,9.6471991],[-82.7306532,9.6472123],[-82.7306133,9.6472267],[-82.7305713,9.6472418],[-82.7305289,9.6472568],[-82.7304878,9.6472713],[-82.7304496,9.6472844],[-82.7304158,9.6472958],[-82.730388,9.6473046],[-82.7303611,9.6473126],[-82.7303303,9.6473212],[-82.7302965,9.6473302],[-82.7302603,9.6473392],[-82.7302226,9.6473481],[-82.730184,9.6473567],[-82.7301452,9.6473648],[-82.7301071,9.647372],[-82.7300702,9.6473781],[-82.7300354,9.647383],[-82.7300033,9.6473864],[-82.7299748,9.6473881],[-82.7299524,9.6473879],[-82.7299273,9.6473864],[-82.7299001,9.6473838],[-82.7298712,9.6473802],[-82.7298413,9.6473758],[-82.7298109,9.6473709],[-82.7297805,9.6473656],[-82.7297507,9.6473602],[-82.7297222,9.6473547],[-82.7296953,9.6473495],[-82.7296708,9.6473446],[-82.7296491,9.6473404],[-82.7296159,9.647334],[-82.7295785,9.647327],[-82.7295375,9.6473195],[-82.729494,9.6473116],[-82.7294488,9.6473034],[-82.7294026,9.6472951],[-82.7293565,9.6472869],[-82.7293112,9.6472788],[-82.7292677,9.6472709],[-82.7292267,9.6472635],[-82.7291892,9.6472567],[-82.7291559,9.6472506],[-82.7291143,9.6472427],[-82.7290674,9.6472336],[-82.7290162,9.6472236],[-82.7289619,9.6472129],[-82.7289054,9.6472017],[-82.7288478,9.6471904],[-82.7287902,9.6471791],[-82.7287337,9.6471682],[-82.7286792,9.6471579],[-82.7286278,9.6471485],[-82.7285807,9.6471402],[-82.7285387,9.6471332],[-82.7285084,9.6471284],[-82.7284741,9.647123],[-82.7284366,9.6471172],[-82.7283967,9.6471112],[-82.7283552,9.6471051],[-82.7283129,9.6470991],[-82.7282705,9.6470934],[-82.7282288,9.6470882],[-82.7281887,9.6470836],[-82.7281508,9.6470799],[-82.728116,9.6470772],[-82.728085,9.6470756],[-82.7280486,9.647075],[-82.7280075,9.6470751],[-82.7279625,9.647076],[-82.7279147,9.6470776],[-82.7278651,9.6470798],[-82.7278145,9.6470826],[-82.727764,9.647086],[-82.7277145,9.6470899],[-82.7276669,9.6470943],[-82.7276223,9.6470991],[-82.7275816,9.6471042],[-82.7275458,9.6471097]]},"properties":{"kind":"rip_current","number":null,"name":null,"source_page":1,"registration":"provisional_four_station_affine","needs_confirmation":true}},{"type":"Feature","id":"pdf:rip_current/182","geometry":{"type":"LineString","coordinates":[[-82.7269875,9.6460916],[-82.7270261,9.6460699],[-82.7270729,9.6460433],[-82.7271258,9.6460131],[-82.7271827,9.6459805],[-82.7272414,9.6459468],[-82.7272998,9.6459134],[-82.7273559,9.6458814],[-82.7274075,9.6458521],[-82.7274524,9.6458269],[-82.7274887,9.6458069],[-82.7275142,9.6457935],[-82.7275268,9.645788],[-82.7275352,9.6457851],[-82.727549,9.6457791],[-82.7275673,9.6457706],[-82.7275891,9.6457599],[-82.7276137,9.6457477],[-82.72764,9.6457344],[-82.7276671,9.6457205],[-82.7276942,9.6457065],[-82.7277204,9.6456928],[-82.7277447,9.64568],[-82.7277662,9.6456686],[-82.7277841,9.645659],[-82.7278015,9.6456493],[-82.7278207,9.6456378],[-82.7278416,9.6456251],[-82.7278636,9.6456114],[-82.7278865,9.6455972],[-82.72791,9.6455829],[-82.7279337,9.6455689],[-82.7279571,9.6455555],[-82.7279801,9.6455432],[-82.7280022,9.6455323],[-82.7280231,9.6455232],[-82.7280425,9.6455164],[-82.7280639,9.6455113],[-82.7280908,9.6455067],[-82.7281217,9.6455026],[-82.7281553,9.6454991],[-82.7281902,9.6454961],[-82.7282249,9.6454936],[-82.7282581,9.6454916],[-82.7282884,9.64549],[-82.7283144,9.6454888],[-82.7283347,9.6454879],[-82.7283479,9.6454874],[-82.7283526,9.6454873]]},"properties":{"kind":"rip_current","number":null,"name":null,"source_page":1,"registration":"provisional_four_station_affine","needs_confirmation":true}},{"type":"Feature","id":"pdf:rip_current/184","geometry":{"type":"LineString","coordinates":[[-82.726852,9.6456263],[-82.726859,9.6456207],[-82.7268783,9.6456052],[-82.7269076,9.6455816],[-82.7269446,9.6455519],[-82.7269867,9.645518],[-82.7270317,9.6454818],[-82.7270772,9.6454452],[-82.7271208,9.6454102],[-82.7271601,9.6453785],[-82.7271927,9.6453523],[-82.7272162,9.6453333],[-82.7272284,9.6453234],[-82.7272359,9.6453173],[-82.7272468,9.6453083],[-82.7272604,9.6452969],[-82.7272761,9.6452836],[-82.7272932,9.6452688],[-82.7273112,9.645253],[-82.7273293,9.6452366],[-82.7273471,9.6452202],[-82.7273638,9.645204],[-82.7273788,9.6451886],[-82.7273916,9.6451745],[-82.7274014,9.645162],[-82.7274089,9.6451501],[-82.7274169,9.645135],[-82.7274252,9.6451175],[-82.7274336,9.6450986],[-82.7274418,9.6450788],[-82.7274496,9.6450592],[-82.7274569,9.6450403],[-82.7274633,9.6450232],[-82.7274687,9.6450084],[-82.7274728,9.6449969],[-82.7274754,9.6449894],[-82.7274763,9.6449867]]},"properties":{"kind":"rip_current","number":null,"name":null,"source_page":1,"registration":"provisional_four_station_affine","needs_confirmation":true}},{"type":"Feature","id":"pdf:rip_current/186","geometry":{"type":"LineString","coordinates":[[-82.7323029,9.6495552],[-82.7322975,9.6495513],[-82.7322823,9.6495402],[-82.7322588,9.6495233],[-82.7322287,9.6495015],[-82.7321935,9.6494761],[-82.7321548,9.6494482],[-82.7321141,9.649419],[-82.7320731,9.6493896],[-82.7320332,9.6493612],[-82.7319961,9.6493349],[-82.7319633,9.6493119],[-82.7319365,9.6492934],[-82.7319135,9.6492777],[-82.7318877,9.6492598],[-82.7318596,9.6492404],[-82.7318296,9.6492197],[-82.7317983,9.6491983],[-82.7317663,9.6491767],[-82.7317341,9.6491553],[-82.7317022,9.6491345],[-82.7316711,9.6491149],[-82.7316415,9.6490969],[-82.7316138,9.649081],[-82.7315886,9.6490676],[-82.7315643,9.649056],[-82.7315363,9.6490437],[-82.7315053,9.6490308],[-82.731472,9.6490176],[-82.7314371,9.6490043],[-82.7314014,9.648991],[-82.7313654,9.6489779],[-82.73133,9.6489653],[-82.7312959,9.6489533],[-82.7312637,9.648942],[-82.7312342,9.6489318],[-82.7312081,9.6489227],[-82.7311801,9.6489135],[-82.731148,9.6489039],[-82.7311127,9.6488939],[-82.7310749,9.6488836],[-82.7310357,9.6488728],[-82.7309958,9.6488618],[-82.7309561,9.6488505],[-82.7309175,9.6488389],[-82.7308809,9.648827],[-82.7308471,9.648815],[-82.7308169,9.6488028],[-82.7307914,9.6487904],[-82.7307729,9.6487795],[-82.7307531,9.6487661],[-82.7307324,9.6487507],[-82.7307112,9.6487338],[-82.7306896,9.6487157],[-82.7306681,9.6486969],[-82.7306469,9.6486778],[-82.7306265,9.6486588],[-82.7306071,9.6486403],[-82.730589,9.6486229],[-82.7305726,9.6486068],[-82.7305582,9.6485925],[-82.7305459,9.6485796],[-82.7305328,9.6485646],[-82.730519,9.6485479],[-82.7305047,9.64853],[-82.73049,9.6485113],[-82.730475,9.6484922],[-82.73046,9.6484732],[-82.730445,9.6484546],[-82.7304302,9.648437],[-82.7304159,9.6484207],[-82.730402,9.6484061],[-82.7303889,9.6483938],[-82.7303738,9.6483813],[-82.7303562,9.6483678],[-82.7303364,9.6483535],[-82.7303149,9.6483385],[-82.7302923,9.6483233],[-82.7302688,9.6483081],[-82.7302451,9.6482931],[-82.7302216,9.6482786],[-82.7301988,9.6482648],[-82.7301771,9.6482521],[-82.730157,9.6482407],[-82.730139,9.6482309],[-82.7301105,9.6482166],[-82.7300748,9.6482],[-82.7300338,9.6481817],[-82.7299892,9.6481624],[-82.7299429,9.6481429],[-82.7298968,9.6481237],[-82.7298527,9.6481056],[-82.7298124,9.6480892],[-82.7297779,9.6480753],[-82.729751,9.6480645],[-82.7297334,9.6480576],[-82.7297272,9.6480551]]},"properties":{"kind":"rip_current","number":null,"name":null,"source_page":1,"registration":"provisional_four_station_affine","needs_confirmation":true}},{"type":"Feature","id":"pdf:rip_current/187","geometry":{"type":"LineString","coordinates":[[-82.7314374,9.649579],[-82.7314316,9.6495748],[-82.7314151,9.6495631],[-82.7313896,9.6495449],[-82.7313569,9.6495217],[-82.7313186,9.6494947],[-82.7312765,9.649465],[-82.7312321,9.6494341],[-82.7311873,9.649403],[-82.7311436,9.649373],[-82.7311029,9.6493455],[-82.7310666,9.6493216],[-82.7310367,9.6493026],[-82.7310137,9.6492887],[-82.7309874,9.6492733],[-82.7309585,9.6492567],[-82.7309277,9.6492392],[-82.7308954,9.6492212],[-82.7308624,9.6492031],[-82.7308292,9.6491851],[-82.7307965,9.6491676],[-82.7307649,9.649151],[-82.730735,9.6491355],[-82.7307075,9.6491215],[-82.7306828,9.6491093],[-82.7306562,9.6490969],[-82.7306256,9.6490833],[-82.7305921,9.6490689],[-82.7305562,9.6490539],[-82.7305187,9.6490384],[-82.7304805,9.6490227],[-82.7304423,9.6490071],[-82.7304048,9.6489916],[-82.7303689,9.6489766],[-82.7303352,9.6489623],[-82.7303046,9.6489488],[-82.7302779,9.6489365],[-82.73025,9.648923],[-82.7302186,9.6489076],[-82.7301845,9.6488906],[-82.7301485,9.6488723],[-82.7301112,9.6488532],[-82.7300733,9.6488334],[-82.7300357,9.6488135],[-82.729999,9.6487937],[-82.7299639,9.6487744],[-82.7299312,9.6487559],[-82.7299017,9.6487386],[-82.729876,9.6487227],[-82.7298424,9.6487005],[-82.7298053,9.6486746],[-82.7297656,9.6486458],[-82.7297239,9.6486147],[-82.729681,9.648582],[-82.7296375,9.6485485],[-82.7295943,9.6485148],[-82.729552,9.6484816],[-82.7295114,9.6484496],[-82.7294732,9.6484195],[-82.729438,9.648392],[-82.7294067,9.6483678],[-82.7293788,9.6483464],[-82.7293446,9.64832],[-82.7293057,9.64829],[-82.7292638,9.6482577],[-82.7292207,9.6482243],[-82.7291779,9.6481911],[-82.7291371,9.6481595],[-82.7291,9.6481307],[-82.7290682,9.6481061],[-82.7290434,9.6480869],[-82.7290274,9.6480744],[-82.7290216,9.64807]]},"properties":{"kind":"rip_current","number":null,"name":null,"source_page":1,"registration":"provisional_four_station_affine","needs_confirmation":true}},{"type":"Feature","id":"pdf:rip_current/188","geometry":{"type":"LineString","coordinates":[[-82.7307393,9.6498289],[-82.7307348,9.6498272],[-82.7307224,9.6498225],[-82.7307033,9.6498153],[-82.7306788,9.6498058],[-82.7306503,9.6497947],[-82.7306192,9.6497823],[-82.7305867,9.6497691],[-82.7305542,9.6497554],[-82.7305231,9.6497419],[-82.7304946,9.6497288],[-82.7304702,9.6497166],[-82.7304511,9.6497058],[-82.730425,9.6496882],[-82.7303971,9.6496671],[-82.7303679,9.6496432],[-82.7303377,9.649617],[-82.730307,9.6495892],[-82.7302761,9.6495606],[-82.7302456,9.6495317],[-82.7302158,9.6495032],[-82.7301871,9.6494758],[-82.73016,9.6494502],[-82.7301349,9.6494269],[-82.7301121,9.6494066],[-82.7300923,9.6493891],[-82.7300703,9.6493692],[-82.7300463,9.6493473],[-82.7300209,9.6493239],[-82.7299944,9.6492998],[-82.7299672,9.6492753],[-82.7299398,9.649251],[-82.7299125,9.6492276],[-82.7298857,9.6492054],[-82.7298598,9.6491851],[-82.7298352,9.6491671],[-82.7298124,9.6491521],[-82.7297883,9.6491389],[-82.7297598,9.6491256],[-82.7297278,9.6491121],[-82.729693,9.6490985],[-82.7296565,9.6490848],[-82.7296192,9.649071],[-82.7295819,9.6490572],[-82.7295456,9.6490434],[-82.7295112,9.6490295],[-82.7294795,9.6490157],[-82.7294515,9.6490018],[-82.729428,9.6489881],[-82.7294101,9.6489752],[-82.7293911,9.6489596],[-82.7293714,9.648942],[-82.7293511,9.6489227],[-82.7293307,9.6489022],[-82.7293103,9.648881],[-82.7292902,9.6488596],[-82.7292706,9.6488385],[-82.729252,9.648818],[-82.7292344,9.6487988],[-82.7292183,9.6487813],[-82.7292038,9.6487659],[-82.7291896,9.6487503],[-82.7291744,9.6487323],[-82.7291582,9.6487123],[-82.7291412,9.6486909],[-82.7291235,9.6486687],[-82.7291053,9.6486462],[-82.7290868,9.648624],[-82.7290681,9.6486025],[-82.7290493,9.6485825],[-82.7290307,9.6485643],[-82.7290123,9.6485486],[-82.7289942,9.6485359],[-82.7289663,9.6485213],[-82.7289325,9.6485078],[-82.7288939,9.6484951],[-82.7288518,9.648483],[-82.7288073,9.6484714],[-82.7287616,9.6484601],[-82.7287159,9.6484488],[-82.7286712,9.6484374],[-82.7286289,9.6484255],[-82.7285901,9.6484131],[-82.7285558,9.6484],[-82.7285275,9.6483858],[-82.7285032,9.6483694],[-82.7284759,9.6483474],[-82.7284464,9.648321],[-82.7284159,9.6482917],[-82.7283852,9.6482608],[-82.7283553,9.6482297],[-82.7283274,9.6481996],[-82.7283023,9.648172],[-82.728281,9.6481482],[-82.7282646,9.6481295],[-82.7282541,9.6481173],[-82.7282503,9.6481129]]},"properties":{"kind":"rip_current","number":null,"name":null,"source_page":1,"registration":"provisional_four_station_affine","needs_confirmation":true}},{"type":"Feature","id":"pdf:rip_current/190","geometry":{"type":"LineString","coordinates":[[-82.7246573,9.6439041],[-82.7246095,9.6439497],[-82.724575,9.6439994],[-82.7245513,9.6440535],[-82.7245356,9.644112],[-82.7245253,9.6441752],[-82.7245178,9.644243],[-82.7245104,9.6443157],[-82.7245004,9.6443933],[-82.7244852,9.644476],[-82.7244622,9.6445639],[-82.7244286,9.6446572],[-82.7243819,9.6447559]]},"properties":{"kind":"rip_current","number":null,"name":null,"source_page":1,"registration":"provisional_four_station_affine","needs_confirmation":true}},{"type":"Feature","id":"pdf:rip_current/192","geometry":{"type":"LineString","coordinates":[[-82.6747043,9.6373102],[-82.674729,9.6372772],[-82.6747564,9.6372397],[-82.6747861,9.6371987],[-82.6748173,9.6371551],[-82.6748498,9.6371097],[-82.6748828,9.6370634],[-82.674916,9.6370172],[-82.6749487,9.6369719],[-82.6749805,9.6369285],[-82.6750108,9.6368879],[-82.6750391,9.6368508],[-82.675065,9.6368183],[-82.675091,9.6367873],[-82.6751237,9.6367495],[-82.6751615,9.6367068],[-82.6752026,9.636661],[-82.6752452,9.6366139],[-82.6752877,9.6365673],[-82.6753284,9.6365229],[-82.6753656,9.6364825],[-82.6753974,9.636448],[-82.6754223,9.6364212],[-82.6754385,9.6364037],[-82.6754443,9.6363975]]},"properties":{"kind":"rip_current","number":null,"name":null,"source_page":1,"registration":"provisional_four_station_affine","needs_confirmation":true}},{"type":"Feature","id":"pdf:rip_current/194","geometry":{"type":"LineString","coordinates":[[-82.6757174,9.640904],[-82.6757289,9.6409001],[-82.6757605,9.6408893],[-82.6758086,9.6408729],[-82.6758691,9.6408521],[-82.6759383,9.6408284],[-82.6760121,9.640803],[-82.6760868,9.6407773],[-82.6761584,9.6407526],[-82.676223,9.6407301],[-82.6762768,9.6407112],[-82.6763159,9.6406973],[-82.6763363,9.6406896],[-82.6763545,9.6406853],[-82.6763877,9.640681],[-82.6764335,9.6406763],[-82.6764893,9.6406713],[-82.6765526,9.6406658],[-82.6766207,9.6406598],[-82.6766913,9.6406531],[-82.6767617,9.6406455],[-82.6768294,9.6406371],[-82.6768919,9.6406277],[-82.6769466,9.6406172],[-82.676991,9.6406055],[-82.6770401,9.6405877],[-82.6770935,9.6405647],[-82.6771502,9.6405372],[-82.6772091,9.6405062],[-82.6772693,9.6404724],[-82.6773296,9.6404368],[-82.677389,9.6404001],[-82.6774465,9.6403632],[-82.677501,9.640327],[-82.6775515,9.6402922],[-82.6775968,9.6402597],[-82.6776361,9.6402304],[-82.6776681,9.6402038],[-82.6777019,9.6401721],[-82.6777371,9.6401365],[-82.6777734,9.6400979],[-82.6778104,9.6400573],[-82.6778478,9.6400157],[-82.6778852,9.6399741],[-82.6779222,9.6399336],[-82.6779586,9.639895],[-82.6779939,9.6398595],[-82.6780279,9.639828],[-82.6780601,9.6398015],[-82.6780801,9.6397875],[-82.6781058,9.6397712],[-82.6781357,9.6397533],[-82.6781685,9.6397344],[-82.6782026,9.6397154],[-82.6782368,9.6396967],[-82.6782696,9.639679],[-82.6782995,9.6396631],[-82.6783253,9.6396496],[-82.6783454,9.6396391],[-82.6783585,9.6396323],[-82.6783632,9.6396299]]},"properties":{"kind":"rip_current","number":null,"name":null,"source_page":1,"registration":"provisional_four_station_affine","needs_confirmation":true}},{"type":"Feature","id":"pdf:rip_current/196","geometry":{"type":"LineString","coordinates":[[-82.6582356,9.6312375],[-82.658232,9.6312536],[-82.658231,9.6312727],[-82.6582321,9.6312941],[-82.6582349,9.6313174],[-82.658239,9.6313418],[-82.6582439,9.6313669],[-82.6582493,9.6313919],[-82.6582546,9.6314165],[-82.6582594,9.6314399],[-82.6582634,9.6314616],[-82.6582661,9.631481],[-82.658267,9.6314976],[-82.6582656,9.6315279],[-82.6582621,9.6315606],[-82.6582565,9.631595],[-82.6582489,9.6316308],[-82.6582395,9.6316672],[-82.6582283,9.6317038],[-82.6582153,9.63174],[-82.6582007,9.6317753],[-82.6581845,9.6318091],[-82.6581669,9.6318409],[-82.6581479,9.6318701],[-82.6581275,9.6318962],[-82.6581053,9.6319189],[-82.6580772,9.6319427],[-82.6580445,9.6319673],[-82.6580083,9.6319925],[-82.6579698,9.6320181],[-82.65793,9.6320438],[-82.6578901,9.6320695],[-82.6578513,9.632095],[-82.6578146,9.63212],[-82.6577813,9.6321442],[-82.6577525,9.6321676],[-82.6577293,9.6321898],[-82.6577097,9.6322125],[-82.6576897,9.6322391],[-82.6576693,9.6322688],[-82.6576488,9.6323008],[-82.6576284,9.6323345],[-82.6576083,9.6323691],[-82.6575889,9.632404],[-82.6575702,9.6324384],[-82.6575525,9.6324716],[-82.6575361,9.6325029],[-82.6575212,9.6325316],[-82.657508,9.632557],[-82.657495,9.6325827],[-82.6574797,9.6326146],[-82.6574629,9.6326509],[-82.6574451,9.6326902],[-82.6574269,9.6327308],[-82.6574091,9.6327711],[-82.6573923,9.6328096],[-82.6573771,9.6328446],[-82.6573641,9.6328746],[-82.657354,9.632898],[-82.6573475,9.6329132],[-82.6573452,9.6329186]]},"properties":{"kind":"rip_current","number":null,"name":null,"source_page":1,"registration":"provisional_four_station_affine","needs_confirmation":true}},{"type":"Feature","id":"pdf:rip_current/198","geometry":{"type":"LineString","coordinates":[[-82.6605377,9.631341],[-82.6605321,9.6313614],[-82.6605281,9.6313848],[-82.6605255,9.6314104],[-82.660524,9.6314378],[-82.6605233,9.6314664],[-82.6605231,9.6314956],[-82.6605231,9.6315248],[-82.6605231,9.6315535],[-82.6605226,9.631581],[-82.6605216,9.6316069],[-82.6605195,9.6316305],[-82.6605163,9.6316514],[-82.6605132,9.6316655],[-82.6605096,9.6316816],[-82.6605054,9.6316991],[-82.6605007,9.6317176],[-82.6604954,9.6317369],[-82.6604895,9.6317564],[-82.6604832,9.6317758],[-82.6604764,9.6317946],[-82.6604691,9.6318125],[-82.6604613,9.631829],[-82.6604531,9.6318439],[-82.6604445,9.6318565],[-82.6604347,9.6318675],[-82.660422,9.6318789],[-82.660407,9.6318906],[-82.6603903,9.6319025],[-82.6603723,9.6319146],[-82.6603537,9.6319267],[-82.660335,9.6319388],[-82.6603166,9.6319507],[-82.6602993,9.6319623],[-82.6602834,9.6319735],[-82.6602696,9.6319844],[-82.6602584,9.6319946],[-82.6602472,9.6320066],[-82.660235,9.6320205],[-82.6602223,9.6320359],[-82.6602092,9.6320525],[-82.6601961,9.63207],[-82.6601831,9.632088],[-82.6601707,9.6321062],[-82.660159,9.6321242],[-82.6601484,9.6321417],[-82.6601391,9.6321584],[-82.6601314,9.6321739],[-82.6601255,9.6321879],[-82.6601206,9.6322051],[-82.6601165,9.6322264],[-82.6601133,9.6322508],[-82.6601108,9.6322772],[-82.6601089,9.6323045],[-82.6601075,9.6323317],[-82.6601066,9.6323576],[-82.660106,9.6323813],[-82.6601058,9.6324015],[-82.6601057,9.6324173],[-82.6601057,9.6324276],[-82.6601057,9.6324313]]},"properties":{"kind":"rip_current","number":null,"name":null,"source_page":1,"registration":"provisional_four_station_affine","needs_confirmation":true}},{"type":"Feature","id":"pdf:rip_current/200","geometry":{"type":"LineString","coordinates":[[-82.6639474,9.6319849],[-82.6638462,9.6322742],[-82.663734,9.6325951],[-82.6636238,9.6327704],[-82.6634934,9.6329305],[-82.6634162,9.6331514]]},"properties":{"kind":"rip_current","number":null,"name":null,"source_page":1,"registration":"provisional_four_station_affine","needs_confirmation":true}},{"type":"Feature","id":"pdf:rip_current/202","geometry":{"type":"LineString","coordinates":[[-82.6652357,9.632139],[-82.6650324,9.6323468],[-82.6649386,9.6326151],[-82.6649078,9.63289],[-82.6648398,9.6330846],[-82.6646526,9.6333293]]},"properties":{"kind":"rip_current","number":null,"name":null,"source_page":1,"registration":"provisional_four_station_affine","needs_confirmation":true}},{"type":"Feature","id":"pdf:rip_current/204","geometry":{"type":"LineString","coordinates":[[-82.6667209,9.6322696],[-82.6665802,9.6325681],[-82.6665451,9.6328759],[-82.66649,9.6330337],[-82.6662794,9.6332625],[-82.6660447,9.6334979],[-82.6659493,9.6336255]]},"properties":{"kind":"rip_current","number":null,"name":null,"source_page":1,"registration":"provisional_four_station_affine","needs_confirmation":true}},{"type":"Feature","id":"pdf:rip_current/206","geometry":{"type":"LineString","coordinates":[[-82.6694244,9.6332316],[-82.6694208,9.6332439],[-82.669418,9.633258],[-82.6694158,9.6332734],[-82.669414,9.6332899],[-82.6694125,9.633307],[-82.669411,9.6333246],[-82.6694095,9.6333421],[-82.6694078,9.6333592],[-82.6694058,9.6333756],[-82.6694032,9.633391],[-82.6693999,9.6334049],[-82.6693958,9.6334171],[-82.6693893,9.6334307],[-82.6693801,9.6334466],[-82.6693687,9.6334641],[-82.6693557,9.6334827],[-82.6693416,9.6335017],[-82.6693268,9.6335204],[-82.669312,9.6335383],[-82.6692976,9.6335546],[-82.6692842,9.6335688],[-82.6692722,9.6335801],[-82.6692623,9.6335881],[-82.6692548,9.633592],[-82.6692459,9.6335951],[-82.6692318,9.633601],[-82.6692133,9.6336092],[-82.6691912,9.6336191],[-82.6691665,9.6336302],[-82.66914,9.6336422],[-82.6691125,9.6336545],[-82.669085,9.6336666],[-82.6690581,9.6336781],[-82.669033,9.6336884],[-82.6690102,9.6336971],[-82.6689909,9.6337037],[-82.668971,9.6337093],[-82.6689482,9.6337146],[-82.6689231,9.6337197],[-82.6688962,9.6337246],[-82.6688682,9.6337295],[-82.6688395,9.6337343],[-82.6688108,9.633739],[-82.6687827,9.6337437],[-82.6687557,9.6337484],[-82.6687304,9.6337531],[-82.6687074,9.6337579],[-82.6686872,9.6337629],[-82.6686728,9.6337669],[-82.6686567,9.6337716],[-82.6686391,9.6337769],[-82.6686205,9.6337827],[-82.6686012,9.6337889],[-82.6685817,9.6337954],[-82.6685623,9.6338022],[-82.6685434,9.633809],[-82.6685254,9.6338158],[-82.6685087,9.6338225],[-82.6684936,9.633829],[-82.6684806,9.6338351],[-82.6684549,9.6338487],[-82.6684267,9.6338647],[-82.6683964,9.6338829],[-82.6683647,9.6339028],[-82.6683323,9.6339239],[-82.6682997,9.6339459],[-82.6682677,9.6339683],[-82.6682367,9.6339906],[-82.6682075,9.6340126],[-82.6681807,9.6340338],[-82.6681569,9.6340536],[-82.6681366,9.6340718],[-82.6681262,9.6340826],[-82.6681143,9.6340964],[-82.6681014,9.6341124],[-82.668088,9.6341299],[-82.6680745,9.6341481],[-82.6680613,9.6341663],[-82.668049,9.6341838],[-82.6680378,9.6341997],[-82.6680284,9.6342134],[-82.6680211,9.6342241],[-82.6680164,9.6342311],[-82.6680148,9.6342336]]},"properties":{"kind":"rip_current","number":null,"name":null,"source_page":1,"registration":"provisional_four_station_affine","needs_confirmation":true}},{"type":"Feature","id":"pdf:rip_current/208","geometry":{"type":"LineString","coordinates":[[-82.6705516,9.63395],[-82.670552,9.633954],[-82.6705528,9.6339651],[-82.6705539,9.6339821],[-82.6705552,9.634004],[-82.6705563,9.6340295],[-82.6705573,9.6340576],[-82.6705577,9.6340869],[-82.6705576,9.6341165],[-82.6705566,9.634145],[-82.6705546,9.6341714],[-82.6705513,9.6341945],[-82.6705467,9.6342131],[-82.6705394,9.6342314],[-82.6705294,9.6342517],[-82.6705172,9.6342735],[-82.670503,9.6342963],[-82.6704874,9.6343198],[-82.6704707,9.6343434],[-82.6704534,9.6343668],[-82.6704358,9.6343896],[-82.6704184,9.6344113],[-82.6704016,9.6344315],[-82.6703858,9.6344497],[-82.6703714,9.6344656],[-82.6703518,9.6344851],[-82.6703263,9.6345083],[-82.6702963,9.634534],[-82.6702635,9.6345613],[-82.670229,9.6345892],[-82.6701945,9.6346166],[-82.6701614,9.6346426],[-82.670131,9.6346661],[-82.6701049,9.6346862],[-82.6700845,9.6347018],[-82.6700711,9.6347118],[-82.6700664,9.6347154]]},"properties":{"kind":"rip_current","number":null,"name":null,"source_page":1,"registration":"provisional_four_station_affine","needs_confirmation":true}},{"type":"Feature","id":"pdf:rip_current/210","geometry":{"type":"LineString","coordinates":[[-82.6714705,9.6345177],[-82.6714703,9.6345199],[-82.6714698,9.6345262],[-82.671469,9.6345359],[-82.6714678,9.6345483],[-82.6714663,9.6345628],[-82.6714645,9.6345788],[-82.6714624,9.6345954],[-82.67146,9.6346122],[-82.6714573,9.6346283],[-82.6714543,9.6346432],[-82.671451,9.6346563],[-82.6714474,9.6346667],[-82.6714383,9.634687],[-82.6714269,9.6347097],[-82.6714136,9.6347343],[-82.6713986,9.6347602],[-82.6713822,9.6347868],[-82.6713645,9.6348136],[-82.6713459,9.6348399],[-82.6713267,9.6348652],[-82.6713071,9.6348889],[-82.6712874,9.6349104],[-82.6712678,9.6349292],[-82.6712486,9.6349445],[-82.6712316,9.6349552],[-82.671211,9.6349656],[-82.6711874,9.6349758],[-82.6711615,9.6349857],[-82.671134,9.6349952],[-82.6711056,9.6350044],[-82.6710768,9.6350131],[-82.6710483,9.6350215],[-82.6710208,9.6350293],[-82.6709949,9.6350367],[-82.6709714,9.6350435],[-82.6709507,9.6350497],[-82.670937,9.6350538],[-82.67092,9.6350587],[-82.6709006,9.6350642],[-82.6708797,9.6350699],[-82.6708581,9.6350758],[-82.6708367,9.6350815],[-82.6708162,9.635087],[-82.6707976,9.6350919],[-82.6707816,9.6350961],[-82.6707692,9.6350994],[-82.6707611,9.6351015],[-82.6707582,9.6351023]]},"properties":{"kind":"rip_current","number":null,"name":null,"source_page":1,"registration":"provisional_four_station_affine","needs_confirmation":true}},{"type":"Feature","id":"pdf:rip_current/212","geometry":{"type":"LineString","coordinates":[[-82.6731717,9.6351094],[-82.6723295,9.6359011]]},"properties":{"kind":"rip_current","number":null,"name":null,"source_page":1,"registration":"provisional_four_station_affine","needs_confirmation":true}},{"type":"Feature","id":"pdf:rip_current/214","geometry":{"type":"LineString","coordinates":[[-82.6743825,9.6360518],[-82.6743829,9.6360543],[-82.674384,9.6360612],[-82.6743857,9.6360719],[-82.6743876,9.6360856],[-82.6743896,9.6361015],[-82.6743915,9.6361191],[-82.674393,9.6361374],[-82.674394,9.6361558],[-82.6743942,9.6361736],[-82.6743934,9.63619],[-82.6743915,9.6362043],[-82.6743882,9.6362158],[-82.67438,9.636232],[-82.6743686,9.6362496],[-82.6743545,9.6362683],[-82.6743382,9.6362876],[-82.6743201,9.6363072],[-82.6743008,9.6363268],[-82.6742807,9.636346],[-82.6742602,9.6363644],[-82.67424,9.6363818],[-82.6742203,9.6363976],[-82.6742018,9.6364117],[-82.6741849,9.6364236],[-82.674167,9.6364347],[-82.674146,9.6364464],[-82.6741223,9.6364585],[-82.6740966,9.6364707],[-82.6740694,9.6364829],[-82.6740414,9.6364949],[-82.674013,9.6365064],[-82.6739849,9.6365174],[-82.6739576,9.6365275],[-82.6739317,9.6365366],[-82.6739078,9.6365446],[-82.6738864,9.6365511],[-82.6738667,9.6365561],[-82.6738421,9.6365613],[-82.6738139,9.6365666],[-82.6737833,9.6365718],[-82.6737516,9.6365769],[-82.6737201,9.6365817],[-82.6736901,9.636586],[-82.6736626,9.6365899],[-82.6736391,9.6365931],[-82.6736208,9.6365955],[-82.6736088,9.636597],[-82.6736046,9.6365976]]},"properties":{"kind":"rip_current","number":null,"name":null,"source_page":1,"registration":"provisional_four_station_affine","needs_confirmation":true}},{"type":"Feature","id":"pdf:rip_current/216","geometry":{"type":"LineString","coordinates":[[-82.6763784,9.6371744],[-82.6763773,9.6371797],[-82.6763741,9.6371946],[-82.6763693,9.6372175],[-82.676363,9.6372469],[-82.6763556,9.6372812],[-82.6763474,9.6373189],[-82.6763386,9.6373585],[-82.6763296,9.6373983],[-82.6763207,9.6374368],[-82.6763121,9.6374726],[-82.6763042,9.637504],[-82.6762973,9.6375295],[-82.6762908,9.637552],[-82.6762833,9.6375776],[-82.676275,9.6376054],[-82.676266,9.6376349],[-82.6762564,9.6376656],[-82.6762463,9.6376968],[-82.6762359,9.6377279],[-82.6762251,9.6377583],[-82.6762142,9.6377874],[-82.6762032,9.6378146],[-82.6761922,9.6378393],[-82.6761814,9.6378609],[-82.6761724,9.6378771],[-82.6761618,9.6378953],[-82.6761497,9.637915],[-82.6761364,9.6379358],[-82.6761222,9.6379573],[-82.6761071,9.6379789],[-82.6760915,9.6380003],[-82.6760755,9.6380209],[-82.6760593,9.6380403],[-82.6760433,9.638058],[-82.6760275,9.6380735],[-82.6760122,9.6380865],[-82.675995,9.6380987],[-82.6759744,9.6381116],[-82.6759511,9.6381249],[-82.6759256,9.6381383],[-82.6758985,9.6381516],[-82.6758703,9.6381645],[-82.6758417,9.6381768],[-82.6758132,9.6381881],[-82.6757854,9.6381983],[-82.6757588,9.6382071],[-82.6757341,9.6382142],[-82.6757118,9.6382193],[-82.6756749,9.6382244],[-82.6756328,9.638227],[-82.6755866,9.6382274],[-82.6755374,9.6382261],[-82.675486,9.6382235],[-82.6754336,9.6382201],[-82.6753811,9.6382162],[-82.6753296,9.6382124],[-82.67528,9.6382091],[-82.6752333,9.6382067],[-82.6751906,9.6382057],[-82.6751528,9.6382064],[-82.6751388,9.6382075],[-82.6751217,9.6382091],[-82.6751023,9.6382113],[-82.6750814,9.6382139],[-82.6750598,9.6382167],[-82.6750384,9.6382196],[-82.6750181,9.6382225],[-82.6749995,9.6382252],[-82.6749837,9.6382275],[-82.6749713,9.6382293],[-82.6749633,9.6382305],[-82.6749605,9.638231]]},"properties":{"kind":"rip_current","number":null,"name":null,"source_page":1,"registration":"provisional_four_station_affine","needs_confirmation":true}},{"type":"Feature","id":"pdf:rip_current/218","geometry":{"type":"LineString","coordinates":[[-82.6776144,9.6381667],[-82.6776082,9.638171],[-82.6775908,9.6381832],[-82.6775639,9.638202],[-82.6775294,9.638226],[-82.6774891,9.638254],[-82.6774446,9.6382846],[-82.6773977,9.6383166],[-82.6773503,9.6383487],[-82.6773041,9.6383795],[-82.6772609,9.6384077],[-82.6772224,9.6384321],[-82.6771905,9.6384514],[-82.6771645,9.6384664],[-82.6771349,9.6384831],[-82.6771024,9.6385012],[-82.6770676,9.6385202],[-82.6770312,9.6385397],[-82.6769939,9.6385592],[-82.6769563,9.6385782],[-82.676919,9.6385965],[-82.6768827,9.6386134],[-82.6768481,9.6386287],[-82.6768159,9.6386418],[-82.6767865,9.6386522],[-82.6767671,9.638658],[-82.6767448,9.6386635],[-82.6767201,9.6386689],[-82.6766937,9.638674],[-82.6766661,9.638679],[-82.6766379,9.6386836],[-82.6766095,9.6386881],[-82.6765816,9.6386923],[-82.6765547,9.6386962],[-82.6765295,9.6386999],[-82.6765063,9.6387032],[-82.6764859,9.6387063],[-82.6764596,9.6387102],[-82.6764272,9.6387147],[-82.6763903,9.6387196],[-82.6763506,9.6387247],[-82.6763095,9.63873],[-82.6762688,9.6387351],[-82.67623,9.6387399],[-82.6761946,9.6387443],[-82.6761644,9.638748],[-82.6761408,9.6387509],[-82.6761255,9.6387527],[-82.67612,9.6387534]]},"properties":{"kind":"rip_current","number":null,"name":null,"source_page":1,"registration":"provisional_four_station_affine","needs_confirmation":true}},{"type":"Feature","id":"pdf:rip_current/220","geometry":{"type":"LineString","coordinates":[[-82.7686292,9.6573121],[-82.7687967,9.6571237],[-82.7690009,9.6569785],[-82.769242,9.656857],[-82.7692915,9.6567718],[-82.7693147,9.6566662],[-82.7694178,9.6565158],[-82.7695814,9.6564092],[-82.7697198,9.6563018]]},"properties":{"kind":"rip_current","number":null,"name":null,"source_page":1,"registration":"provisional_four_station_affine","needs_confirmation":true}},{"type":"Feature","id":"pdf:rip_current/222","geometry":{"type":"LineString","coordinates":[[-82.7673031,9.6555166],[-82.7671239,9.6557072],[-82.7670186,9.655842],[-82.7669864,9.6559888],[-82.766912,9.6561361],[-82.766722,9.656376],[-82.7665164,9.6566229],[-82.7663804,9.6567825]]},"properties":{"kind":"rip_current","number":null,"name":null,"source_page":1,"registration":"provisional_four_station_affine","needs_confirmation":true}},{"type":"Feature","id":"pdf:rip_current/224","geometry":{"type":"LineString","coordinates":[[-82.7654388,9.6551428],[-82.7653316,9.6552825],[-82.7652248,9.6554766],[-82.7651388,9.65568],[-82.7650276,9.655855],[-82.7649002,9.6560815],[-82.7647684,9.6562761],[-82.7646611,9.656403]]},"properties":{"kind":"rip_current","number":null,"name":null,"source_page":1,"registration":"provisional_four_station_affine","needs_confirmation":true}},{"type":"Feature","id":"pdf:rip_current/226","geometry":{"type":"LineString","coordinates":[[-82.7621843,9.6549155],[-82.762186,9.6549182],[-82.7621909,9.6549258],[-82.7621983,9.6549375],[-82.7622078,9.6549525],[-82.7622187,9.6549701],[-82.7622304,9.6549896],[-82.7622425,9.65501],[-82.7622542,9.6550307],[-82.7622652,9.6550509],[-82.7622747,9.6550698],[-82.7622823,9.6550866],[-82.7622873,9.6551006],[-82.7622906,9.6551145],[-82.7622931,9.6551304],[-82.7622949,9.6551478],[-82.762296,9.6551664],[-82.7622967,9.6551858],[-82.7622969,9.6552056],[-82.7622969,9.6552254],[-82.7622966,9.6552449],[-82.7622963,9.6552636],[-82.7622959,9.6552813],[-82.7622957,9.6552974],[-82.7622957,9.6553117],[-82.7622958,9.6553242],[-82.7622958,9.6553384],[-82.7622958,9.6553539],[-82.7622958,9.6553703],[-82.7622958,9.6553874],[-82.762296,9.6554047],[-82.7622964,9.6554221],[-82.762297,9.6554392],[-82.762298,9.6554555],[-82.7622993,9.6554709],[-82.762301,9.6554849],[-82.7623031,9.6554972],[-82.7623057,9.6555078],[-82.7623093,9.6555196],[-82.7623136,9.6555325],[-82.7623184,9.6555461],[-82.7623235,9.6555602],[-82.7623286,9.6555747],[-82.7623335,9.6555891],[-82.7623379,9.6556033],[-82.7623417,9.655617],[-82.7623446,9.6556299],[-82.7623464,9.6556419],[-82.7623468,9.6556526],[-82.7623455,9.6556613],[-82.7623427,9.655671],[-82.7623386,9.6556816],[-82.7623336,9.6556927],[-82.762328,9.6557043],[-82.7623222,9.655716],[-82.7623165,9.6557277],[-82.7623112,9.6557392],[-82.7623068,9.6557504],[-82.7623035,9.6557609],[-82.7623018,9.6557706],[-82.7623018,9.6557792],[-82.7623059,9.6557927],[-82.7623143,9.6558084],[-82.7623259,9.6558255],[-82.76234,9.6558436],[-82.7623557,9.6558619],[-82.7623722,9.6558798],[-82.7623885,9.6558967],[-82.7624038,9.655912],[-82.7624172,9.655925],[-82.7624279,9.655935],[-82.7624349,9.6559415],[-82.7624374,9.6559438]]},"properties":{"kind":"rip_current","number":null,"name":null,"source_page":1,"registration":"provisional_four_station_affine","needs_confirmation":true}},{"type":"Feature","id":"pdf:rip_current/228","geometry":{"type":"LineString","coordinates":[[-82.7594886,9.6561831],[-82.759491,9.6561844],[-82.7594976,9.656188],[-82.7595077,9.6561936],[-82.7595206,9.6562009],[-82.7595356,9.6562094],[-82.7595517,9.656219],[-82.7595684,9.6562293],[-82.7595849,9.6562398],[-82.7596003,9.6562503],[-82.759614,9.6562605],[-82.7596253,9.65627],[-82.7596333,9.6562785],[-82.7596381,9.6562858],[-82.7596422,9.6562944],[-82.7596458,9.6563042],[-82.7596489,9.6563148],[-82.7596513,9.656326],[-82.7596532,9.6563375],[-82.7596544,9.6563492],[-82.7596551,9.6563606],[-82.7596552,9.6563717],[-82.7596547,9.656382],[-82.7596536,9.6563914],[-82.7596519,9.6563996],[-82.7596496,9.6564059],[-82.7596458,9.6564132],[-82.7596408,9.6564212],[-82.759635,9.6564296],[-82.7596286,9.6564383],[-82.7596221,9.6564469],[-82.7596157,9.6564552],[-82.7596097,9.6564629],[-82.7596045,9.6564698],[-82.7596004,9.6564755],[-82.7595977,9.65648],[-82.7595967,9.6564828],[-82.759597,9.6564859],[-82.7595977,9.656491],[-82.7595989,9.6564978],[-82.7596004,9.6565059],[-82.7596023,9.6565151],[-82.7596044,9.6565249],[-82.7596067,9.656535],[-82.7596092,9.6565451],[-82.7596119,9.6565549],[-82.7596146,9.6565639],[-82.7596173,9.6565718],[-82.75962,9.6565784],[-82.7596235,9.6565851],[-82.759628,9.6565927],[-82.7596333,9.6566008],[-82.7596394,9.6566092],[-82.7596461,9.6566178],[-82.7596533,9.6566265],[-82.7596607,9.6566349],[-82.7596684,9.656643],[-82.7596762,9.6566505],[-82.7596839,9.6566572],[-82.7596914,9.656663],[-82.7596986,9.6566677],[-82.7597035,9.6566701],[-82.7597101,9.6566725],[-82.7597177,9.6566749],[-82.7597262,9.6566772],[-82.7597351,9.6566793],[-82.7597439,9.6566813],[-82.7597525,9.6566831],[-82.7597603,9.6566847],[-82.7597671,9.656686],[-82.7597723,9.656687],[-82.7597758,9.6566876],[-82.759777,9.6566878],[-82.7597776,9.6566879],[-82.7597794,9.6566882],[-82.759782,9.6566886],[-82.7597854,9.6566893],[-82.7597893,9.6566901],[-82.7597935,9.656691],[-82.7597978,9.6566921],[-82.759802,9.6566933],[-82.7598059,9.6566946],[-82.7598093,9.656696],[-82.7598121,9.6566975],[-82.7598139,9.656699],[-82.7598165,9.6567038],[-82.759818,9.65671],[-82.7598185,9.6567173],[-82.7598183,9.6567253],[-82.7598174,9.6567338],[-82.7598161,9.6567422],[-82.7598146,9.6567504],[-82.7598129,9.6567578],[-82.7598113,9.6567643],[-82.75981,9.6567693],[-82.759809,9.6567726],[-82.7598087,9.6567737],[-82.7598089,9.6567744],[-82.7598094,9.6567762],[-82.7598104,9.656779],[-82.7598116,9.6567826],[-82.7598131,9.6567867],[-82.7598148,9.6567912],[-82.7598167,9.6567959],[-82.7598188,9.6568006],[-82.759821,9.656805],[-82.7598233,9.656809],[-82.7598256,9.6568124],[-82.759828,9.6568149],[-82.7598321,9.6568178],[-82.7598377,9.6568208],[-82.7598444,9.6568239],[-82.7598519,9.6568269],[-82.7598599,9.6568298],[-82.7598679,9.6568326],[-82.7598757,9.6568352],[-82.7598828,9.6568374],[-82.759889,9.6568393],[-82.7598938,9.6568407],[-82.759897,9.6568416],[-82.7598981,9.6568419],[-82.7599495,9.6568609],[-82.7599507,9.6568612],[-82.7599542,9.6568619],[-82.7599594,9.6568631],[-82.7599661,9.6568646],[-82.7599739,9.6568665],[-82.7599824,9.6568686],[-82.7599912,9.6568709],[-82.76,9.6568734],[-82.7600084,9.656876],[-82.7600159,9.6568787],[-82.7600223,9.6568813],[-82.7600272,9.656884],[-82.7600335,9.6568888],[-82.7600404,9.6568954],[-82.7600477,9.6569031],[-82.7600554,9.6569116],[-82.7600633,9.6569204],[-82.7600714,9.656929],[-82.7600795,9.656937],[-82.7600875,9.6569439],[-82.7600954,9.6569493],[-82.7601031,9.6569527],[-82.7601104,9.6569537],[-82.7601173,9.6569518]]},"properties":{"kind":"rip_current","number":null,"name":null,"source_page":1,"registration":"provisional_four_station_affine","needs_confirmation":true}},{"type":"Feature","id":"pdf:rip_current/230","geometry":{"type":"LineString","coordinates":[[-82.7710415,9.6568259],[-82.7710394,9.656827],[-82.7710335,9.6568299],[-82.7710243,9.6568345],[-82.7710126,9.6568404],[-82.7709989,9.6568474],[-82.770984,9.6568551],[-82.7709685,9.6568632],[-82.7709529,9.6568716],[-82.7709379,9.6568798],[-82.7709242,9.6568876],[-82.7709124,9.6568947],[-82.7709032,9.6569008],[-82.7708972,9.6569053],[-82.7708908,9.6569106],[-82.770884,9.6569166],[-82.770877,9.6569231],[-82.7708699,9.6569299],[-82.7708629,9.656937],[-82.7708559,9.6569442],[-82.7708493,9.6569514],[-82.770843,9.6569583],[-82.7708372,9.6569649],[-82.7708321,9.656971],[-82.7708277,9.6569765],[-82.7708213,9.6569852],[-82.7708145,9.6569953],[-82.7708074,9.6570064],[-82.7708001,9.6570183],[-82.7707926,9.6570308],[-82.7707849,9.6570434],[-82.7707772,9.6570561],[-82.7707695,9.6570684],[-82.7707618,9.6570801],[-82.7707542,9.657091],[-82.7707469,9.6571008],[-82.7707397,9.6571092],[-82.7707307,9.6571183],[-82.7707199,9.6571282],[-82.7707077,9.6571388],[-82.7706944,9.6571498],[-82.7706804,9.6571611],[-82.770666,9.6571726],[-82.7706515,9.657184],[-82.7706373,9.6571952],[-82.7706237,9.657206],[-82.7706111,9.6572164],[-82.7705998,9.657226],[-82.7705902,9.6572348],[-82.7705836,9.6572413],[-82.7705763,9.6572487],[-82.7705685,9.657257],[-82.7705603,9.6572658],[-82.7705518,9.657275],[-82.7705432,9.6572844],[-82.7705347,9.6572938],[-82.7705263,9.657303],[-82.7705181,9.6573119],[-82.7705104,9.6573202],[-82.7705033,9.6573277],[-82.7704969,9.6573344],[-82.770491,9.6573402],[-82.7704843,9.6573468],[-82.7704768,9.6573539],[-82.7704687,9.6573614],[-82.7704601,9.657369],[-82.7704513,9.6573768],[-82.7704422,9.6573843],[-82.7704332,9.6573916],[-82.7704242,9.6573983],[-82.7704155,9.6574045],[-82.7704073,9.6574097],[-82.7703995,9.657414],[-82.770394,9.6574165],[-82.7703876,9.6574188],[-82.7703804,9.6574211],[-82.7703726,9.6574233],[-82.7703643,9.6574253],[-82.7703559,9.6574273],[-82.7703474,9.6574292],[-82.770339,9.6574309],[-82.7703309,9.6574324],[-82.7703234,9.6574339],[-82.7703165,9.6574351],[-82.7703106,9.6574362],[-82.7703038,9.6574394],[-82.7702948,9.6574465],[-82.7702841,9.6574567],[-82.7702722,9.6574691],[-82.7702597,9.6574831],[-82.7702471,9.6574978],[-82.770235,9.6575125],[-82.7702238,9.6575262],[-82.7702142,9.6575383],[-82.7702067,9.6575479],[-82.7702018,9.6575542],[-82.7702001,9.6575565]]},"properties":{"kind":"rip_current","number":null,"name":null,"source_page":1,"registration":"provisional_four_station_affine","needs_confirmation":true}},{"type":"Feature","id":"pdf:rip_current/232","geometry":{"type":"LineString","coordinates":[[-82.7730669,9.657517],[-82.7729106,9.6576353],[-82.7728534,9.6577618],[-82.7727874,9.6578516],[-82.7726052,9.6579539],[-82.7724578,9.6580316],[-82.7723266,9.6581507],[-82.7722815,9.6582217]]},"properties":{"kind":"rip_current","number":null,"name":null,"source_page":1,"registration":"provisional_four_station_affine","needs_confirmation":true}},{"type":"Feature","id":"pdf:rip_current/234","geometry":{"type":"LineString","coordinates":[[-82.7762884,9.6589367],[-82.7761175,9.6591215],[-82.7760423,9.6592914],[-82.7758435,9.6594118],[-82.7756429,9.6595212],[-82.7755394,9.6596099]]},"properties":{"kind":"rip_current","number":null,"name":null,"source_page":1,"registration":"provisional_four_station_affine","needs_confirmation":true}},{"type":"Feature","id":"pdf:rip_current/236","geometry":{"type":"LineString","coordinates":[[-82.7775255,9.659648],[-82.7773575,9.6597812],[-82.7772723,9.6599012],[-82.7771605,9.6600084],[-82.7769735,9.6601134],[-82.776816,9.6601796],[-82.7766832,9.6602486],[-82.776544,9.6603462]]},"properties":{"kind":"rip_current","number":null,"name":null,"source_page":1,"registration":"provisional_four_station_affine","needs_confirmation":true}},{"type":"Feature","id":"pdf:rip_current/238","geometry":{"type":"LineString","coordinates":[[-82.7794927,9.6608442],[-82.7791712,9.661083],[-82.7789497,9.6612879],[-82.7785488,9.6615435]]},"properties":{"kind":"rip_current","number":null,"name":null,"source_page":1,"registration":"provisional_four_station_affine","needs_confirmation":true}},{"type":"Feature","id":"pdf:rip_current/240","geometry":{"type":"LineString","coordinates":[[-82.6850907,9.6418757],[-82.6850901,9.6418739],[-82.6850881,9.6418689],[-82.685085,9.6418612],[-82.6850809,9.6418514],[-82.685076,9.64184],[-82.6850703,9.6418276],[-82.6850642,9.6418147],[-82.6850576,9.6418019],[-82.6850509,9.6417897],[-82.685044,9.6417787],[-82.6850371,9.6417693],[-82.6850305,9.6417622],[-82.6850218,9.6417553],[-82.6850111,9.6417481],[-82.6849988,9.6417409],[-82.6849851,9.6417336],[-82.6849706,9.6417265],[-82.6849553,9.6417196],[-82.6849398,9.641713],[-82.6849244,9.6417068],[-82.6849093,9.6417012],[-82.6848949,9.6416962],[-82.6848816,9.641692],[-82.6848697,9.6416886],[-82.6848585,9.6416863],[-82.6848456,9.6416845],[-82.6848313,9.6416831],[-82.684816,9.641682],[-82.6848,9.6416812],[-82.6847837,9.6416805],[-82.6847674,9.6416798],[-82.6847513,9.6416791],[-82.684736,9.6416781],[-82.6847217,9.6416768],[-82.6847087,9.6416751],[-82.6846974,9.6416729],[-82.6846861,9.6416697],[-82.6846736,9.6416654],[-82.6846603,9.6416603],[-82.6846464,9.6416544],[-82.6846321,9.6416481],[-82.6846175,9.6416416],[-82.684603,9.6416349],[-82.6845888,9.6416284],[-82.6845751,9.6416222],[-82.684562,9.6416165],[-82.6845499,9.6416115],[-82.684539,9.6416075],[-82.6845278,9.6416039],[-82.6845149,9.6416003],[-82.6845007,9.6415966],[-82.6844856,9.6415928],[-82.6844698,9.6415889],[-82.6844537,9.641585],[-82.6844376,9.6415811],[-82.6844219,9.6415771],[-82.6844069,9.6415731],[-82.6843929,9.6415692],[-82.6843802,9.6415652],[-82.6843692,9.6415613],[-82.6843574,9.6415564],[-82.6843443,9.6415506],[-82.6843302,9.641544],[-82.6843154,9.6415367],[-82.6843002,9.641529],[-82.6842848,9.641521],[-82.6842696,9.6415128],[-82.6842547,9.6415046],[-82.6842406,9.6414966],[-82.6842274,9.641489],[-82.6842154,9.6414819],[-82.6842049,9.6414755],[-82.6841913,9.6414664],[-82.684175,9.6414549],[-82.6841567,9.6414415],[-82.6841373,9.641427],[-82.6841174,9.6414118],[-82.6840977,9.6413966],[-82.6840791,9.6413821],[-82.6840622,9.6413688],[-82.6840478,9.6413574],[-82.6840366,9.6413485],[-82.6840293,9.6413427],[-82.6840268,9.6413407]]},"properties":{"kind":"rip_current","number":null,"name":null,"source_page":1,"registration":"provisional_four_station_affine","needs_confirmation":true}},{"type":"Feature","id":"pdf:rip_current/242","geometry":{"type":"LineString","coordinates":[[-82.6858663,9.6417897],[-82.6858658,9.641788],[-82.6858647,9.6417832],[-82.6858629,9.6417757],[-82.6858605,9.6417662],[-82.6858577,9.6417551],[-82.6858545,9.641743],[-82.6858511,9.6417302],[-82.6858476,9.6417174],[-82.6858439,9.641705],[-82.6858404,9.6416935],[-82.6858369,9.6416835],[-82.6858338,9.6416755],[-82.6858298,9.6416668],[-82.6858251,9.641657],[-82.6858197,9.6416464],[-82.6858138,9.6416352],[-82.6858074,9.6416237],[-82.6858007,9.641612],[-82.6857938,9.6416004],[-82.6857868,9.6415891],[-82.6857797,9.6415783],[-82.6857727,9.6415684],[-82.6857659,9.6415595],[-82.6857594,9.6415518],[-82.6857477,9.64154],[-82.6857333,9.6415276],[-82.6857168,9.6415145],[-82.6856986,9.641501],[-82.6856793,9.6414872],[-82.6856595,9.6414733],[-82.6856396,9.6414593],[-82.6856202,9.6414456],[-82.6856019,9.6414322],[-82.6855851,9.6414193],[-82.6855704,9.641407],[-82.6855583,9.6413954],[-82.6855481,9.6413843],[-82.6855372,9.6413713],[-82.6855258,9.6413569],[-82.685514,9.6413415],[-82.6855021,9.6413252],[-82.6854904,9.6413085],[-82.685479,9.6412916],[-82.6854682,9.6412749],[-82.6854581,9.6412587],[-82.685449,9.6412433],[-82.6854411,9.6412291],[-82.6854347,9.6412164],[-82.6854303,9.6412065],[-82.6854257,9.6411953],[-82.6854212,9.6411829],[-82.6854166,9.6411697],[-82.6854122,9.6411559],[-82.685408,9.6411418],[-82.6854041,9.6411277],[-82.6854005,9.6411137],[-82.6853974,9.6411002],[-82.6853949,9.6410875],[-82.685393,9.6410758],[-82.6853917,9.6410654],[-82.6853913,9.6410548],[-82.6853915,9.6410429],[-82.6853922,9.6410298],[-82.6853935,9.6410159],[-82.6853951,9.6410014],[-82.6853969,9.6409867],[-82.685399,9.6409719],[-82.6854011,9.6409575],[-82.6854033,9.6409436],[-82.6854053,9.6409305],[-82.685407,9.6409185],[-82.6854085,9.6409079],[-82.6854101,9.6408958],[-82.6854122,9.6408809],[-82.6854146,9.640864],[-82.6854173,9.6408458],[-82.6854202,9.640827],[-82.685423,9.6408084],[-82.6854257,9.6407906],[-82.6854282,9.6407744],[-82.6854304,9.6407606],[-82.685432,9.6407498],[-82.6854331,9.6407428],[-82.6854335,9.6407403],[-82.6854334,9.6406416]]},"properties":{"kind":"rip_current","number":null,"name":null,"source_page":1,"registration":"provisional_four_station_affine","needs_confirmation":true}},{"type":"Feature","id":"pdf:rip_current/244","geometry":{"type":"LineString","coordinates":[[-82.6867794,9.6412237],[-82.6867793,9.6412211],[-82.686779,9.6412136],[-82.6867786,9.6412021],[-82.6867781,9.6411874],[-82.6867773,9.6411701],[-82.6867765,9.6411512],[-82.6867754,9.6411314],[-82.6867742,9.6411114],[-82.6867729,9.6410921],[-82.6867714,9.6410741],[-82.6867697,9.6410584],[-82.6867678,9.6410456],[-82.6867654,9.6410322],[-82.6867623,9.6410171],[-82.6867587,9.6410006],[-82.6867546,9.6409832],[-82.6867502,9.640965],[-82.6867453,9.6409466],[-82.6867402,9.6409283],[-82.6867348,9.6409103],[-82.6867293,9.6408932],[-82.6867236,9.6408771],[-82.6867179,9.6408626],[-82.6867122,9.6408498],[-82.6867089,9.6408433],[-82.686705,9.6408358],[-82.6867005,9.6408277],[-82.6866956,9.6408192],[-82.6866903,9.6408104],[-82.6866846,9.6408016],[-82.6866787,9.6407929],[-82.6866725,9.6407846],[-82.6866662,9.6407768],[-82.6866598,9.6407698],[-82.6866534,9.6407637],[-82.6866471,9.6407587],[-82.6866385,9.640754],[-82.6866279,9.6407498],[-82.6866156,9.640746],[-82.6866021,9.6407425],[-82.6865878,9.6407392],[-82.6865731,9.640736],[-82.6865584,9.6407328],[-82.6865441,9.6407295],[-82.6865307,9.640726],[-82.6865186,9.6407221],[-82.6865081,9.6407177],[-82.6864998,9.6407127],[-82.686494,9.6407079],[-82.6864883,9.640702],[-82.6864827,9.6406951],[-82.6864773,9.6406875],[-82.686472,9.6406794],[-82.6864671,9.6406709],[-82.6864625,9.6406623],[-82.6864583,9.6406538],[-82.6864545,9.6406454],[-82.6864512,9.6406375],[-82.6864485,9.6406302],[-82.6864465,9.6406238],[-82.6864444,9.6406144],[-82.686443,9.6406038],[-82.6864422,9.6405921],[-82.6864419,9.6405797],[-82.686442,9.6405667],[-82.6864424,9.6405534],[-82.686443,9.6405402],[-82.6864437,9.6405271],[-82.6864444,9.6405145],[-82.686445,9.6405027],[-82.6864453,9.6404919],[-82.6864454,9.6404824],[-82.6864453,9.6404719],[-82.6864451,9.640459],[-82.6864449,9.6404443],[-82.6864447,9.6404285],[-82.6864444,9.6404122],[-82.6864442,9.640396],[-82.6864439,9.6403806],[-82.6864437,9.6403665],[-82.6864435,9.6403545],[-82.6864433,9.6403451],[-82.6864432,9.6403391],[-82.6864432,9.6403369]]},"properties":{"kind":"rip_current","number":null,"name":null,"source_page":1,"registration":"provisional_four_station_affine","needs_confirmation":true}},{"type":"Feature","id":"pdf:rip_current/246","geometry":{"type":"LineString","coordinates":[[-82.6880584,9.640076],[-82.6880565,9.6400771],[-82.6880512,9.6400804],[-82.6880431,9.6400853],[-82.6880326,9.6400916],[-82.6880203,9.6400989],[-82.6880066,9.6401068],[-82.6879923,9.640115],[-82.6879777,9.640123],[-82.6879634,9.6401306],[-82.6879499,9.6401374],[-82.6879378,9.640143],[-82.6879276,9.6401471],[-82.687903,9.6401545],[-82.6878721,9.640162],[-82.6878366,9.6401696],[-82.687798,9.6401769],[-82.687758,9.640184],[-82.6877181,9.6401906],[-82.6876799,9.6401966],[-82.6876451,9.6402018],[-82.6876152,9.6402061],[-82.6875919,9.6402094],[-82.6875767,9.6402115],[-82.6875713,9.6402122],[-82.6874011,9.6402433]]},"properties":{"kind":"rip_current","number":null,"name":null,"source_page":1,"registration":"provisional_four_station_affine","needs_confirmation":true}},{"type":"Feature","id":"pdf:rip_current/247","geometry":{"type":"LineString","coordinates":[[-82.6879919,9.640314],[-82.6879895,9.6403149],[-82.6879829,9.6403171],[-82.6879728,9.6403206],[-82.6879597,9.6403249],[-82.6879445,9.64033],[-82.6879276,9.6403354],[-82.68791,9.640341],[-82.6878921,9.6403465],[-82.6878747,9.6403516],[-82.6878584,9.640356],[-82.687844,9.6403596],[-82.6878321,9.6403619],[-82.6878236,9.640363],[-82.6878139,9.6403637],[-82.6878034,9.6403641],[-82.6877921,9.6403643],[-82.6877804,9.6403643],[-82.6877684,9.6403643],[-82.6877564,9.6403642],[-82.6877447,9.6403643],[-82.6877334,9.6403644],[-82.6877228,9.6403648],[-82.6877132,9.6403655],[-82.6877047,9.6403665],[-82.6876916,9.6403691],[-82.6876758,9.6403728],[-82.6876579,9.6403775],[-82.6876388,9.6403829],[-82.6876191,9.6403887],[-82.6875996,9.6403947],[-82.6875811,9.6404004],[-82.6875643,9.6404058],[-82.68755,9.6404104],[-82.6875388,9.6404141],[-82.6875315,9.6404165],[-82.687529,9.6404173]]},"properties":{"kind":"rip_current","number":null,"name":null,"source_page":1,"registration":"provisional_four_station_affine","needs_confirmation":true}},{"type":"Feature","id":"pdf:rip_current/248","geometry":{"type":"LineString","coordinates":[[-82.6879798,9.6405666],[-82.6878256,9.6405948],[-82.6878129,9.6405972],[-82.6877973,9.6406],[-82.6877796,9.6406032],[-82.6877606,9.6406067],[-82.6877409,9.6406103],[-82.6877214,9.6406139],[-82.6877028,9.6406173],[-82.6876858,9.6406204],[-82.6876713,9.640623],[-82.68766,9.6406251],[-82.6876527,9.6406264],[-82.6876501,9.6406269]]},"properties":{"kind":"rip_current","number":null,"name":null,"source_page":1,"registration":"provisional_four_station_affine","needs_confirmation":true}},{"type":"Feature","id":"pdf:rip_current/249","geometry":{"type":"LineString","coordinates":[[-82.6895445,9.6407183],[-82.6895429,9.6407159],[-82.6895385,9.640709],[-82.6895317,9.6406984],[-82.689523,9.6406848],[-82.6895129,9.6406688],[-82.6895018,9.6406513],[-82.6894902,9.6406329],[-82.6894786,9.6406144],[-82.6894674,9.6405964],[-82.6894572,9.6405796],[-82.6894484,9.6405648],[-82.6894414,9.6405526],[-82.6894345,9.6405397],[-82.6894264,9.6405243],[-82.6894176,9.640507],[-82.689408,9.6404886],[-82.6893979,9.6404696],[-82.6893875,9.6404506],[-82.689377,9.6404323],[-82.6893664,9.6404152],[-82.6893562,9.6404],[-82.6893463,9.6403872],[-82.689337,9.6403776],[-82.6893284,9.6403716],[-82.6893199,9.6403667],[-82.6893108,9.6403598],[-82.6893012,9.6403512],[-82.6892913,9.6403414],[-82.6892814,9.6403305],[-82.6892717,9.6403189],[-82.6892623,9.640307],[-82.6892534,9.640295],[-82.6892453,9.6402833],[-82.6892381,9.6402721],[-82.6892321,9.6402619],[-82.6892275,9.6402528],[-82.6892223,9.6402402],[-82.6892175,9.6402258],[-82.689213,9.6402098],[-82.6892087,9.6401928],[-82.6892045,9.640175],[-82.6892004,9.6401569],[-82.6891963,9.6401387],[-82.689192,9.640121],[-82.6891877,9.6401039],[-82.6891831,9.640088],[-82.6891782,9.6400736],[-82.689173,9.6400611],[-82.6891663,9.6400484],[-82.6891571,9.6400331],[-82.6891461,9.640016],[-82.6891338,9.6399977],[-82.6891208,9.639979],[-82.6891076,9.6399604],[-82.6890949,9.6399428],[-82.6890832,9.6399268],[-82.6890731,9.6399132],[-82.6890652,9.6399026],[-82.68906,9.6398957],[-82.6890581,9.6398933]]},"properties":{"kind":"rip_current","number":null,"name":null,"source_page":1,"registration":"provisional_four_station_affine","needs_confirmation":true}},{"type":"Feature","id":"pdf:rip_current/251","geometry":{"type":"LineString","coordinates":[[-82.6921357,9.6389682],[-82.6919203,9.6388402],[-82.6919163,9.6388379],[-82.691905,9.6388316],[-82.6918878,9.6388218],[-82.6918656,9.6388093],[-82.6918397,9.6387946],[-82.6918113,9.6387785],[-82.6917815,9.6387616],[-82.6917515,9.6387445],[-82.6917225,9.6387278],[-82.6916956,9.6387123],[-82.6916721,9.6386986],[-82.691653,9.6386874],[-82.6916365,9.6386777],[-82.6916177,9.6386668],[-82.691597,9.6386551],[-82.6915751,9.6386426],[-82.6915523,9.6386296],[-82.6915293,9.6386162],[-82.6915066,9.6386025],[-82.6914846,9.6385889],[-82.6914639,9.6385754],[-82.691445,9.6385623],[-82.6914284,9.6385497],[-82.6914147,9.6385378],[-82.6914002,9.6385228],[-82.6913853,9.638505],[-82.6913701,9.638485],[-82.6913549,9.6384633],[-82.6913398,9.6384404],[-82.6913248,9.6384168],[-82.6913102,9.638393],[-82.691296,9.6383696],[-82.6912825,9.6383471],[-82.6912697,9.6383259],[-82.6912578,9.6383065],[-82.691247,9.6382896],[-82.6912421,9.6382821],[-82.6912361,9.6382729],[-82.6912294,9.6382625],[-82.6912222,9.6382512],[-82.6912147,9.6382396],[-82.6912073,9.6382281],[-82.6912003,9.6382171],[-82.6911939,9.638207],[-82.6911884,9.6381985],[-82.6911841,9.6381918],[-82.6911814,9.6381874],[-82.6911804,9.6381859]]},"properties":{"kind":"rip_current","number":null,"name":null,"source_page":1,"registration":"provisional_four_station_affine","needs_confirmation":true}},{"type":"Feature","id":"pdf:rip_current/253","geometry":{"type":"LineString","coordinates":[[-82.6957134,9.6390415],[-82.695714,9.6390379],[-82.6957157,9.639028],[-82.6957183,9.6390129],[-82.6957215,9.6389938],[-82.6957251,9.638972],[-82.6957289,9.6389486],[-82.6957325,9.6389249],[-82.6957359,9.638902],[-82.6957386,9.6388812],[-82.6957405,9.6388637],[-82.6957414,9.6388507],[-82.6957409,9.6388434],[-82.6957388,9.6388347],[-82.695735,9.6388178],[-82.6957298,9.6387939],[-82.6957236,9.6387645],[-82.6957166,9.6387309],[-82.6957092,9.6386944],[-82.6957017,9.6386563],[-82.6956945,9.6386182],[-82.6956878,9.6385812],[-82.695682,9.6385467],[-82.6956773,9.6385162],[-82.6956742,9.6384909],[-82.6956723,9.6384724],[-82.69567,9.6384516],[-82.6956675,9.6384288],[-82.6956651,9.6384045],[-82.6956629,9.6383792],[-82.6956611,9.6383535],[-82.6956599,9.6383278],[-82.6956595,9.6383027],[-82.69566,9.6382785],[-82.6956617,9.6382559],[-82.6956646,9.6382353],[-82.6956691,9.6382172],[-82.6956751,9.6382018],[-82.6956837,9.638185],[-82.6956943,9.638167],[-82.6957066,9.6381481],[-82.6957203,9.6381287],[-82.6957347,9.6381092],[-82.6957496,9.6380897],[-82.6957645,9.6380708],[-82.6957791,9.6380525],[-82.6957928,9.6380354],[-82.6958052,9.6380198],[-82.695816,9.6380058],[-82.6958286,9.6379895],[-82.6958445,9.6379696],[-82.6958627,9.6379471],[-82.6958825,9.637923],[-82.6959031,9.6378981],[-82.6959236,9.6378734],[-82.6959432,9.6378499],[-82.695961,9.6378286],[-82.6959764,9.6378103],[-82.6959883,9.6377961],[-82.6959961,9.6377869],[-82.6959989,9.6377836]]},"properties":{"kind":"rip_current","number":null,"name":null,"source_page":1,"registration":"provisional_four_station_affine","needs_confirmation":true}},{"type":"Feature","id":"pdf:rip_current/255","geometry":{"type":"LineString","coordinates":[[-82.6895991,9.640335],[-82.6895953,9.6403485],[-82.6895955,9.6403648],[-82.689599,9.6403831],[-82.6896053,9.6404032],[-82.6896138,9.6404242],[-82.6896239,9.6404458],[-82.6896349,9.6404673],[-82.6896462,9.6404882],[-82.6896572,9.640508],[-82.6896674,9.640526],[-82.689676,9.6405418],[-82.6896826,9.6405547],[-82.6896878,9.6405697],[-82.6896912,9.6405876],[-82.6896929,9.640608],[-82.6896931,9.6406303],[-82.6896921,9.6406537],[-82.6896899,9.6406778],[-82.6896869,9.6407019],[-82.6896832,9.6407255],[-82.6896789,9.640748],[-82.6896743,9.6407687],[-82.6896696,9.640787],[-82.689665,9.6408025],[-82.6896599,9.640813],[-82.6896501,9.6408294],[-82.6896366,9.6408506],[-82.6896202,9.640875],[-82.6896021,9.6409015],[-82.6895832,9.6409288],[-82.6895645,9.6409554],[-82.6895469,9.6409802],[-82.6895316,9.6410017],[-82.6895194,9.6410187],[-82.6895113,9.6410299],[-82.6895084,9.6410339],[-82.6892267,9.6413267]]},"properties":{"kind":"rip_current","number":null,"name":null,"source_page":1,"registration":"provisional_four_station_affine","needs_confirmation":true}},{"type":"Feature","id":"pdf:rip_current/257","geometry":{"type":"LineString","coordinates":[[-82.7246926,9.6440405],[-82.7246388,9.6440439],[-82.7245903,9.644049],[-82.7245467,9.6440556],[-82.7245077,9.6440636],[-82.7244731,9.6440728],[-82.7244426,9.644083],[-82.7244159,9.644094],[-82.7243928,9.6441057],[-82.7243728,9.6441179],[-82.7243558,9.6441304],[-82.7243415,9.644143],[-82.7243296,9.6441556],[-82.7243089,9.6441855],[-82.7242964,9.6442166],[-82.7242906,9.6442492],[-82.7242901,9.6442837],[-82.7242933,9.6443203],[-82.7242987,9.6443593],[-82.7243049,9.6444011],[-82.7243104,9.6444459],[-82.7243136,9.644494],[-82.7243131,9.6445457],[-82.7243074,9.6446014],[-82.7242949,9.6446613],[-82.7242881,9.6446854],[-82.7242804,9.6447087],[-82.7242721,9.644731],[-82.7242632,9.6447524],[-82.724254,9.6447729],[-82.7242443,9.6447924],[-82.7242345,9.6448108],[-82.7242246,9.6448283],[-82.7242146,9.6448447],[-82.7242048,9.6448601],[-82.7241952,9.6448744],[-82.7241859,9.6448877]]},"properties":{"kind":"rip_current","number":null,"name":null,"source_page":1,"registration":"provisional_four_station_affine","needs_confirmation":true}},{"type":"Feature","id":"pdf:rip_current/259","geometry":{"type":"LineString","coordinates":[[-82.7161308,9.6424599],[-82.7160692,9.6424405],[-82.7160134,9.6424253],[-82.7159633,9.6424141],[-82.7159184,9.6424064],[-82.7158786,9.642402],[-82.7158433,9.6424003],[-82.7158124,9.6424012],[-82.7157855,9.6424042],[-82.7157622,9.642409],[-82.7157423,9.6424153],[-82.7157254,9.6424225],[-82.7157112,9.6424305],[-82.7156819,9.6424555],[-82.7156628,9.6424855],[-82.7156519,9.64252],[-82.715647,9.6425583],[-82.715646,9.6426],[-82.7156466,9.6426443],[-82.7156468,9.6426909],[-82.7156444,9.6427389],[-82.7156374,9.642788],[-82.7156234,9.6428374],[-82.7156005,9.6428866],[-82.7155665,9.642935],[-82.7155432,9.6429601],[-82.715518,9.6429829],[-82.7154912,9.6430036],[-82.7154632,9.6430222],[-82.7154343,9.6430389],[-82.7154049,9.6430538],[-82.7153754,9.6430669],[-82.7153462,9.6430785],[-82.7153176,9.6430886],[-82.7152899,9.6430973],[-82.7152637,9.6431048],[-82.7152392,9.6431111]]},"properties":{"kind":"rip_current","number":null,"name":null,"source_page":1,"registration":"provisional_four_station_affine","needs_confirmation":true}},{"type":"Feature","id":"pdf:rip_current/261","geometry":{"type":"LineString","coordinates":[[-82.7116785,9.6418014],[-82.7116184,9.64178],[-82.7115633,9.641763],[-82.711513,9.64175],[-82.7114672,9.6417408],[-82.7114258,9.6417349],[-82.7113883,9.6417321],[-82.7113547,9.641732],[-82.7113247,9.6417341],[-82.7112981,9.6417383],[-82.7112745,9.641744],[-82.7112538,9.641751],[-82.7112358,9.6417589],[-82.7112056,9.641777],[-82.7111814,9.6417983],[-82.7111618,9.6418226],[-82.7111456,9.6418498],[-82.7111316,9.6418797],[-82.7111183,9.641912],[-82.7111046,9.6419468],[-82.7110892,9.6419836],[-82.7110708,9.6420225],[-82.7110482,9.6420633],[-82.7110199,9.6421057],[-82.7109849,9.6421495],[-82.7109607,9.6421758],[-82.7109358,9.6422004],[-82.7109102,9.6422233],[-82.7108843,9.6422445],[-82.7108582,9.6422642],[-82.7108322,9.6422823],[-82.7108065,9.6422989],[-82.7107813,9.6423141],[-82.7107568,9.642328],[-82.7107332,9.6423404],[-82.7107109,9.6423516],[-82.7106899,9.6423616]]},"properties":{"kind":"rip_current","number":null,"name":null,"source_page":1,"registration":"provisional_four_station_affine","needs_confirmation":true}},{"type":"Feature","id":"pdf:rip_current/263","geometry":{"type":"LineString","coordinates":[[-82.7083568,9.6404183],[-82.7083216,9.6404039],[-82.7082852,9.6403902],[-82.7082478,9.6403774],[-82.70821,9.640366],[-82.708172,9.6403562],[-82.7081341,9.6403485],[-82.7080967,9.6403431],[-82.7080602,9.6403405],[-82.7080247,9.6403409],[-82.7079908,9.6403448],[-82.7079587,9.6403526],[-82.7079287,9.6403644],[-82.7078977,9.6403837],[-82.7078737,9.6404071],[-82.7078555,9.6404343],[-82.7078419,9.6404651],[-82.7078315,9.6404993],[-82.707823,9.6405366],[-82.7078153,9.6405766],[-82.707807,9.6406193],[-82.7077968,9.6406642],[-82.7077835,9.6407112],[-82.7077658,9.6407599],[-82.7077425,9.6408102],[-82.7077248,9.6408417],[-82.7077038,9.6408743],[-82.7076791,9.6409079],[-82.7076504,9.6409423],[-82.7076173,9.6409773],[-82.7075794,9.6410128],[-82.7075364,9.6410487],[-82.7074879,9.6410847],[-82.7074336,9.6411209],[-82.7073731,9.6411569],[-82.7073061,9.6411926],[-82.7072322,9.6412279]]},"properties":{"kind":"rip_current","number":null,"name":null,"source_page":1,"registration":"provisional_four_station_affine","needs_confirmation":true}},{"type":"Feature","id":"pdf:rip_current/265","geometry":{"type":"LineString","coordinates":[[-82.7097708,9.6408384],[-82.7097701,9.6408385],[-82.7097695,9.6408385],[-82.7097688,9.6408386],[-82.7097682,9.6408386],[-82.7097675,9.6408387],[-82.7097669,9.6408387],[-82.7097662,9.6408388],[-82.7097656,9.6408388],[-82.7097649,9.6408389],[-82.7097642,9.6408389],[-82.7097636,9.640839],[-82.7097629,9.640839],[-82.7097396,9.6408418],[-82.709717,9.640846],[-82.7096952,9.6408514],[-82.709674,9.640858],[-82.7096534,9.6408656],[-82.7096332,9.640874],[-82.7096135,9.6408833],[-82.7095941,9.6408932],[-82.7095749,9.6409036],[-82.7095559,9.6409144],[-82.709537,9.6409255],[-82.7095181,9.6409368],[-82.7094881,9.6409556],[-82.7094626,9.6409731],[-82.7094409,9.6409895],[-82.7094222,9.6410046],[-82.7094058,9.6410187],[-82.709391,9.6410317],[-82.709377,9.6410436],[-82.7093632,9.6410546],[-82.7093488,9.6410648],[-82.709333,9.641074],[-82.7093152,9.6410824],[-82.7092946,9.6410901],[-82.7092806,9.6410944],[-82.7092652,9.6410982],[-82.7092484,9.6411016],[-82.7092301,9.6411042],[-82.7092103,9.641106],[-82.7091889,9.6411069],[-82.7091658,9.6411066],[-82.709141,9.641105],[-82.7091145,9.6411019],[-82.7090861,9.6410973],[-82.7090559,9.641091],[-82.7090238,9.6410827]]},"properties":{"kind":"rip_current","number":null,"name":null,"source_page":1,"registration":"provisional_four_station_affine","needs_confirmation":true}},{"type":"Feature","id":"pdf:rip_current/267","geometry":{"type":"LineString","coordinates":[[-82.7104601,9.6413017],[-82.7104627,9.6413057],[-82.7104658,9.6413108],[-82.7104691,9.6413169],[-82.7104724,9.6413239],[-82.7104756,9.6413318],[-82.7104785,9.6413405],[-82.7104809,9.6413499],[-82.7104826,9.6413599],[-82.7104834,9.6413706],[-82.7104831,9.6413818],[-82.7104815,9.6413935],[-82.7104786,9.6414056],[-82.7104745,9.6414168],[-82.7104695,9.6414272],[-82.7104637,9.6414369],[-82.7104573,9.6414458],[-82.7104505,9.6414539],[-82.7104434,9.6414613],[-82.7104363,9.641468],[-82.7104293,9.6414739],[-82.7104226,9.6414792],[-82.7104164,9.6414837],[-82.7104107,9.6414876],[-82.7104059,9.6414907],[-82.7103797,9.6415055],[-82.7103541,9.6415159],[-82.7103288,9.6415227],[-82.7103038,9.6415267],[-82.7102788,9.6415288],[-82.7102538,9.6415298],[-82.7102284,9.6415305],[-82.7102025,9.6415318],[-82.710176,9.6415345],[-82.7101486,9.6415394],[-82.7101202,9.6415474],[-82.7100906,9.6415592],[-82.7100779,9.6415656],[-82.7100671,9.641572],[-82.7100577,9.6415788],[-82.710049,9.6415862],[-82.7100402,9.6415947],[-82.7100306,9.6416047],[-82.7100195,9.6416166],[-82.7100063,9.6416306],[-82.7099902,9.6416472],[-82.7099705,9.6416668],[-82.7099465,9.6416897],[-82.7099175,9.6417164],[-82.7099029,9.6417294],[-82.7098887,9.6417419],[-82.7098748,9.6417539],[-82.7098613,9.6417654],[-82.7098483,9.6417763],[-82.7098357,9.6417868],[-82.7098235,9.6417967],[-82.7098119,9.641806],[-82.7098008,9.6418148],[-82.7097903,9.6418231],[-82.7097804,9.6418308],[-82.7097712,9.6418379]]},"properties":{"kind":"rip_current","number":null,"name":null,"source_page":1,"registration":"provisional_four_station_affine","needs_confirmation":true}},{"type":"Feature","id":"pdf:rip_current/269","geometry":{"type":"LineString","coordinates":[[-82.7186431,9.6449398],[-82.7186258,9.6449448],[-82.7186079,9.6449497],[-82.7185894,9.6449545],[-82.7185703,9.6449594],[-82.7185507,9.6449641],[-82.7185306,9.6449687],[-82.7185099,9.6449732],[-82.7184886,9.6449776],[-82.7184669,9.6449819],[-82.7184446,9.6449859],[-82.7184218,9.6449898],[-82.7183985,9.6449935],[-82.7183733,9.644997],[-82.7183504,9.6449996],[-82.7183291,9.6450014],[-82.7183089,9.6450026],[-82.7182891,9.6450035],[-82.7182691,9.6450042],[-82.7182484,9.645005],[-82.7182264,9.6450059],[-82.7182024,9.6450073],[-82.7181759,9.6450094],[-82.7181463,9.6450122],[-82.718113,9.645016],[-82.7180751,9.6450211],[-82.7180419,9.6450262],[-82.7180131,9.6450313],[-82.7179884,9.6450364],[-82.7179674,9.6450413],[-82.7179497,9.6450462],[-82.717935,9.6450509],[-82.7179229,9.6450554],[-82.717913,9.6450597],[-82.7179051,9.6450638],[-82.7178987,9.6450675],[-82.7178934,9.645071],[-82.7178799,9.6450809],[-82.7178689,9.6450907],[-82.7178599,9.6451002],[-82.7178525,9.6451097],[-82.7178462,9.645119],[-82.7178406,9.6451283],[-82.7178351,9.6451375],[-82.7178295,9.6451468],[-82.7178231,9.6451561],[-82.7178156,9.6451654],[-82.7178066,9.6451749],[-82.7177954,9.6451846],[-82.7177845,9.6451926],[-82.7177719,9.6452004],[-82.7177574,9.645208],[-82.717741,9.645215],[-82.7177224,9.6452215],[-82.7177014,9.6452272],[-82.7176779,9.645232],[-82.7176518,9.6452358],[-82.7176229,9.6452384],[-82.7175909,9.6452396],[-82.7175559,9.6452394],[-82.7175175,9.6452375]]},"properties":{"kind":"rip_current","number":null,"name":null,"source_page":1,"registration":"provisional_four_station_affine","needs_confirmation":true}},{"type":"Feature","id":"pdf:rip_current/271","geometry":{"type":"LineString","coordinates":[[-82.7125994,9.6423229],[-82.7125963,9.6423168],[-82.7125927,9.6423105],[-82.7125887,9.6423041],[-82.7125842,9.6422977],[-82.7125793,9.6422914],[-82.7125738,9.6422854],[-82.7125678,9.6422798],[-82.7125613,9.6422746],[-82.7125542,9.64227],[-82.7125465,9.6422661],[-82.7125382,9.642263],[-82.7125294,9.6422608],[-82.71252,9.6422597],[-82.7125101,9.6422597],[-82.7124994,9.6422612],[-82.7124879,9.6422642],[-82.7124753,9.6422688],[-82.7124615,9.6422754],[-82.7124463,9.642284],[-82.7124296,9.6422948],[-82.7124111,9.6423079],[-82.7123908,9.6423235],[-82.7123685,9.6423418],[-82.7123439,9.642363],[-82.7123179,9.6423864],[-82.712296,9.6424071],[-82.7122777,9.6424255],[-82.7122621,9.6424419],[-82.7122487,9.6424568],[-82.7122369,9.6424706],[-82.7122258,9.6424837],[-82.7122149,9.6424964],[-82.7122036,9.6425092],[-82.712191,9.6425225],[-82.7121767,9.6425367],[-82.7121598,9.6425522],[-82.7121305,9.6425768],[-82.712103,9.6425972],[-82.7120769,9.6426143],[-82.712052,9.6426289],[-82.7120279,9.6426417],[-82.7120042,9.6426536],[-82.7119807,9.6426653],[-82.7119569,9.6426777],[-82.7119326,9.6426916],[-82.7119074,9.6427078],[-82.711881,9.642727],[-82.711853,9.6427501],[-82.7118343,9.6427673],[-82.711817,9.6427843],[-82.7118011,9.6428013],[-82.7117865,9.642818],[-82.7117733,9.6428344],[-82.7117612,9.6428504],[-82.7117504,9.642866],[-82.7117406,9.6428809],[-82.7117319,9.6428952],[-82.7117241,9.6429087],[-82.7117173,9.6429213],[-82.7117114,9.6429331]]},"properties":{"kind":"rip_current","number":null,"name":null,"source_page":1,"registration":"provisional_four_station_affine","needs_confirmation":true}},{"type":"Feature","id":"pdf:rip_current/273","geometry":{"type":"LineString","coordinates":[[-82.7045749,9.6398148],[-82.7045595,9.6400396],[-82.7045587,9.6400435],[-82.7045567,9.6400544],[-82.7045535,9.6400709],[-82.7045495,9.6400918],[-82.7045449,9.6401155],[-82.7045399,9.6401409],[-82.7045349,9.6401666],[-82.7045299,9.6401913],[-82.7045254,9.6402135],[-82.7045215,9.640232],[-82.7045184,9.6402455],[-82.7045165,9.6402525],[-82.7045121,9.6402615],[-82.7045023,9.6402802],[-82.7044881,9.6403066],[-82.7044708,9.6403388],[-82.7044513,9.6403748],[-82.7044308,9.6404124],[-82.7044105,9.6404498],[-82.7043914,9.6404849],[-82.7043746,9.6405157],[-82.7043612,9.6405401],[-82.7043524,9.6405563],[-82.7043492,9.6405621],[-82.7042999,9.6407454]]},"properties":{"kind":"rip_current","number":null,"name":null,"source_page":1,"registration":"provisional_four_station_affine","needs_confirmation":true}},{"type":"Feature","id":"pdf:proposed_cg_station/275","geometry":{"type":"Point","coordinates":[-82.7103104,9.6410479]},"properties":{"kind":"proposed_cg_station","number":null,"name":null,"source_page":1,"registration":"provisional_four_station_affine","needs_confirmation":true}},{"type":"Feature","id":"pdf:rescue_station/278","geometry":{"type":"Point","coordinates":[-82.7373558,9.650469]},"properties":{"kind":"rescue_station","number":"2.3","name":null,"source_page":1,"registration":"provisional_four_station_affine","needs_confirmation":true}},{"type":"Feature","id":"pdf:proposed_rescue_station/279","geometry":{"type":"Point","coordinates":[-82.7533091,9.6587528]},"properties":{"kind":"proposed_rescue_station","number":"2.1","name":null,"source_page":1,"registration":"provisional_four_station_affine","needs_confirmation":true}},{"type":"Feature","id":"pdf:proposed_rescue_station/282","geometry":{"type":"Point","coordinates":[-82.7407445,9.653026]},"properties":{"kind":"proposed_rescue_station","number":"2.2","name":null,"source_page":1,"registration":"provisional_four_station_affine","needs_confirmation":true}},{"type":"Feature","id":"pdf:proposed_rescue_station/285","geometry":{"type":"Point","coordinates":[-82.7318068,9.6471371]},"properties":{"kind":"proposed_rescue_station","number":"2.4","name":null,"source_page":1,"registration":"provisional_four_station_affine","needs_confirmation":true}},{"type":"Feature","id":"pdf:rescue_station/288","geometry":{"type":"Point","coordinates":[-82.7288579,9.6455205]},"properties":{"kind":"rescue_station","number":"2.5","name":null,"source_page":1,"registration":"provisional_four_station_affine","needs_confirmation":true}},{"type":"Feature","id":"pdf:rescue_station/290","geometry":{"type":"Point","coordinates":[-82.7244521,9.6440486]},"properties":{"kind":"rescue_station","number":"3.1","name":null,"source_page":1,"registration":"provisional_four_station_affine","needs_confirmation":true}},{"type":"Feature","id":"pdf:proposed_rescue_station/292","geometry":{"type":"Point","coordinates":[-82.673983,9.6355153]},"properties":{"kind":"proposed_rescue_station","number":"5.3","name":null,"source_page":1,"registration":"provisional_four_station_affine","needs_confirmation":true}},{"type":"Feature","id":"pdf:proposed_rescue_station/295","geometry":{"type":"Point","coordinates":[-82.6723255,9.6346146]},"properties":{"kind":"proposed_rescue_station","number":"5.4","name":null,"source_page":1,"registration":"provisional_four_station_affine","needs_confirmation":true}},{"type":"Feature","id":"pdf:rescue_station/298","geometry":{"type":"Point","coordinates":[-82.6760887,9.6368281]},"properties":{"kind":"rescue_station","number":"5.2","name":null,"source_page":1,"registration":"provisional_four_station_affine","needs_confirmation":true}},{"type":"Feature","id":"pdf:rescue_station/300","geometry":{"type":"Point","coordinates":[-82.6658546,9.6320713]},"properties":{"kind":"rescue_station","number":"5.5","name":null,"source_page":1,"registration":"provisional_four_station_affine","needs_confirmation":true}},{"type":"Feature","id":"pdf:rescue_station/302","geometry":{"type":"Point","coordinates":[-82.6579603,9.6310764]},"properties":{"kind":"rescue_station","number":"5.6","name":null,"source_page":1,"registration":"provisional_four_station_affine","needs_confirmation":true}},{"type":"Feature","id":"pdf:proposed_rescue_station/303","geometry":{"type":"Point","coordinates":[-82.6528371,9.631754]},"properties":{"kind":"proposed_rescue_station","number":"5.7","name":null,"source_page":1,"registration":"provisional_four_station_affine","needs_confirmation":true}},{"type":"Feature","id":"pdf:proposed_rescue_station/306","geometry":{"type":"Point","coordinates":[-82.6495545,9.6332571]},"properties":{"kind":"proposed_rescue_station","number":"5.8","name":null,"source_page":1,"registration":"provisional_four_station_affine","needs_confirmation":true}},{"type":"Feature","id":"pdf:proposed_rescue_station/309","geometry":{"type":"Point","coordinates":[-82.6779193,9.6385926]},"properties":{"kind":"proposed_rescue_station","number":"5.1","name":null,"source_page":1,"registration":"provisional_four_station_affine","needs_confirmation":true}},{"type":"Feature","id":"pdf:unclassified_facility/312","geometry":{"type":"Point","coordinates":[-82.6756547,9.6364581]},"properties":{"kind":"unclassified_facility","number":null,"name":null,"source_page":1,"registration":"provisional_four_station_affine","needs_confirmation":true}},{"type":"Feature","id":"pdf:unclassified_facility/314","geometry":{"type":"Point","coordinates":[-82.6501799,9.6330228]},"properties":{"kind":"unclassified_facility","number":null,"name":null,"source_page":1,"registration":"provisional_four_station_affine","needs_confirmation":true}},{"type":"Feature","id":"pdf:proposed_rescue_station/317","geometry":{"type":"Point","coordinates":[-82.6963128,9.6374892]},"properties":{"kind":"proposed_rescue_station","number":"4.2","name":null,"source_page":1,"registration":"provisional_four_station_affine","needs_confirmation":true}},{"type":"Feature","id":"pdf:proposed_rescue_station/320","geometry":{"type":"Point","coordinates":[-82.6910467,9.6379669]},"properties":{"kind":"proposed_rescue_station","number":"4.3","name":null,"source_page":1,"registration":"provisional_four_station_affine","needs_confirmation":true}},{"type":"Feature","id":"pdf:proposed_rescue_station/323","geometry":{"type":"Point","coordinates":[-82.6847003,9.6409348]},"properties":{"kind":"proposed_rescue_station","number":"4.5","name":null,"source_page":1,"registration":"provisional_four_station_affine","needs_confirmation":true}},{"type":"Feature","id":"pdf:proposed_rescue_station/326","geometry":{"type":"Point","coordinates":[-82.6875722,9.6399759]},"properties":{"kind":"proposed_rescue_station","number":"4.4","name":null,"source_page":1,"registration":"provisional_four_station_affine","needs_confirmation":true}},{"type":"Feature","id":"pdf:unclassified_facility/329","geometry":{"type":"Point","coordinates":[-82.6871035,9.6400688]},"properties":{"kind":"unclassified_facility","number":null,"name":null,"source_page":1,"registration":"provisional_four_station_affine","needs_confirmation":true}},{"type":"Feature","id":"pdf:rescue_station/332","geometry":{"type":"Point","coordinates":[-82.7698879,9.6560457]},"properties":{"kind":"rescue_station","number":"1.3","name":null,"source_page":1,"registration":"provisional_four_station_affine","needs_confirmation":true}},{"type":"Feature","id":"pdf:rescue_station/333","geometry":{"type":"Point","coordinates":[-82.7777252,9.6594948]},"properties":{"kind":"rescue_station","number":"1.2","name":null,"source_page":1,"registration":"provisional_four_station_affine","needs_confirmation":true}},{"type":"Feature","id":"pdf:proposed_rescue_station/334","geometry":{"type":"Point","coordinates":[-82.7799858,9.6608358]},"properties":{"kind":"proposed_rescue_station","number":"1.1","name":null,"source_page":1,"registration":"provisional_four_station_affine","needs_confirmation":true}},{"type":"Feature","id":"pdf:proposed_rescue_station/336","geometry":{"type":"Point","coordinates":[-82.7619245,9.654758]},"properties":{"kind":"proposed_rescue_station","number":"1.4","name":null,"source_page":1,"registration":"provisional_four_station_affine","needs_confirmation":true}},{"type":"Feature","id":"pdf:location/339","geometry":{"type":"Point","coordinates":[-82.7246659,9.6425622]},"properties":{"kind":"location","number":null,"name":"1 minuto","source_page":1,"registration":"manual_place_aligned","needs_confirmation":true}},{"type":"Feature","id":"pdf:location/341","geometry":{"type":"Point","coordinates":[-82.7240673,9.6435166]},"properties":{"kind":"location","number":null,"name":"Lanna Ben","source_page":1,"registration":"manual_place_aligned","needs_confirmation":true}},{"type":"Feature","id":"pdf:location/343","geometry":{"type":"Point","coordinates":[-82.731381,9.6455353]},"properties":{"kind":"location","number":null,"name":"Calle","source_page":1,"registration":"manual_place_aligned","needs_confirmation":true}},{"type":"Feature","id":"pdf:location/345","geometry":{"type":"Point","coordinates":[-82.7368094,9.6504194]},"properties":{"kind":"location","number":null,"name":"Playa 506","source_page":1,"registration":"manual_place_aligned","needs_confirmation":true}},{"type":"Feature","id":"pdf:location/347","geometry":{"type":"Point","coordinates":[-82.7409718,9.6537297]},"properties":{"kind":"location","number":null,"name":"Tasty Waves","source_page":1,"registration":"manual_place_aligned","needs_confirmation":true}},{"type":"Feature","id":"pdf:location/349","geometry":{"type":"Point","coordinates":[-82.7385828,9.6528072]},"properties":{"kind":"location","number":null,"name":"Volleyball","source_page":1,"registration":"manual_place_aligned","needs_confirmation":true}},{"type":"Feature","id":"pdf:location/351","geometry":{"type":"Point","coordinates":[-82.7387564,9.6518398]},"properties":{"kind":"location","number":null,"name":"Beach Break","source_page":1,"registration":"manual_place_aligned","needs_confirmation":true}},{"type":"Feature","id":"pdf:location/353","geometry":{"type":"Point","coordinates":[-82.7377179,9.6508427]},"properties":{"kind":"location","number":null,"name":"Sol del Caribe","source_page":1,"registration":"manual_place_aligned","needs_confirmation":true}},{"type":"Feature","id":"pdf:location/355","geometry":{"type":"Point","coordinates":[-82.7460947,9.6580666]},"properties":{"kind":"location","number":null,"name":"Rocking J’s","source_page":1,"registration":"manual_place_aligned","needs_confirmation":true}},{"type":"Feature","id":"pdf:location/357","geometry":{"type":"Point","coordinates":[-82.7512924,9.6593153]},"properties":{"kind":"location","number":null,"name":"Salsa Brava","source_page":1,"registration":"manual_place_aligned","needs_confirmation":true}},{"type":"Feature","id":"pdf:location/359","geometry":{"type":"Point","coordinates":[-82.7386115,9.6563354]},"properties":{"kind":"location","number":null,"name":"Isla Cocles","source_page":1,"registration":"manual_place_aligned","needs_confirmation":true}},{"type":"Feature","id":"pdf:location/361","geometry":{"type":"Point","coordinates":[-82.7433971,9.6569007]},"properties":{"kind":"location","number":null,"name":"Agapi Hostel","source_page":1,"registration":"manual_place_aligned","needs_confirmation":true}},{"type":"Feature","id":"pdf:location/363","geometry":{"type":"Point","coordinates":[-82.7356177,9.6456542]},"properties":{"kind":"location","number":null,"name":"Super Cocles","source_page":1,"registration":"manual_place_aligned","needs_confirmation":true}},{"type":"Feature","id":"pdf:location/365","geometry":{"type":"Point","coordinates":[-82.7354904,9.6477825]},"properties":{"kind":"location","number":null,"name":"Rio Cocles","source_page":1,"registration":"manual_place_aligned","needs_confirmation":true}},{"type":"Feature","id":"pdf:location/367","geometry":{"type":"Point","coordinates":[-82.729109,9.6449919]},"properties":{"kind":"location","number":null,"name":"Le Cameleon Hotel","source_page":1,"registration":"manual_place_aligned","needs_confirmation":true}},{"type":"Feature","id":"pdf:unclassified_facility/369","geometry":{"type":"Point","coordinates":[-82.7403606,9.6524475]},"properties":{"kind":"unclassified_facility","number":null,"name":null,"source_page":1,"registration":"provisional_four_station_affine","needs_confirmation":true}},{"type":"Feature","id":"pdf:location/372","geometry":{"type":"Point","coordinates":[-82.6844802,9.635404]},"properties":{"kind":"location","number":null,"name":"El Refugio","source_page":1,"registration":"manual_place_aligned","needs_confirmation":true}},{"type":"Feature","id":"pdf:location/374","geometry":{"type":"Point","coordinates":[-82.6733211,9.6342333]},"properties":{"kind":"location","number":null,"name":"Faith Glamping","source_page":1,"registration":"manual_place_aligned","needs_confirmation":true}},{"type":"Feature","id":"pdf:location/376","geometry":{"type":"Point","coordinates":[-82.6741957,9.6341646]},"properties":{"kind":"location","number":null,"name":"Almonds & Corals","source_page":1,"registration":"manual_place_aligned","needs_confirmation":true}},{"type":"Feature","id":"pdf:location/378","geometry":{"type":"Point","coordinates":[-82.6678294,9.6317084]},"properties":{"kind":"location","number":null,"name":"Exotico Beach","source_page":1,"registration":"manual_place_aligned","needs_confirmation":true}},{"type":"Feature","id":"pdf:location/380","geometry":{"type":"Point","coordinates":[-82.6639451,9.6307161]},"properties":{"kind":"location","number":null,"name":"Congo Bongo","source_page":1,"registration":"manual_place_aligned","needs_confirmation":true}},{"type":"Feature","id":"pdf:location/382","geometry":{"type":"Point","coordinates":[-82.6646059,9.6337824]},"properties":{"kind":"location","number":null,"name":"El Barco","source_page":1,"registration":"manual_place_aligned","needs_confirmation":true}},{"type":"Feature","id":"pdf:location/384","geometry":{"type":"Point","coordinates":[-82.6619999,9.632222]},"properties":{"kind":"location","number":null,"name":"Cool & Calm","source_page":1,"registration":"manual_place_aligned","needs_confirmation":true}},{"type":"Feature","id":"pdf:location/386","geometry":{"type":"Point","coordinates":[-82.6593949,9.6320285]},"properties":{"kind":"location","number":null,"name":"Colores Seafront","source_page":1,"registration":"manual_place_aligned","needs_confirmation":true}},{"type":"Feature","id":"pdf:location/388","geometry":{"type":"Point","coordinates":[-82.6577125,9.6326635]},"properties":{"kind":"location","number":null,"name":"Maxi’s","source_page":1,"registration":"manual_place_aligned","needs_confirmation":true}},{"type":"Feature","id":"pdf:location/390","geometry":{"type":"Point","coordinates":[-82.6554775,9.6335277]},"properties":{"kind":"location","number":null,"name":"Soccer Field","source_page":1,"registration":"manual_place_aligned","needs_confirmation":true}},{"type":"Feature","id":"pdf:location/392","geometry":{"type":"Point","coordinates":[-82.7650386,9.6554012]},"properties":{"kind":"location","number":null,"name":"El Pampa","source_page":1,"registration":"manual_place_aligned","needs_confirmation":true}},{"type":"Feature","id":"pdf:location/394","geometry":{"type":"Point","coordinates":[-82.7715346,9.6579076]},"properties":{"kind":"location","number":null,"name":"Perla","source_page":1,"registration":"manual_place_aligned","needs_confirmation":true}},{"type":"Feature","id":"pdf:location/396","geometry":{"type":"Point","coordinates":[-82.7732592,9.6583983]},"properties":{"kind":"location","number":null,"name":"Banana Azul","source_page":1,"registration":"manual_place_aligned","needs_confirmation":true}},{"type":"Feature","id":"pdf:location/398","geometry":{"type":"Point","coordinates":[-82.7593237,9.654648]},"properties":{"kind":"location","number":null,"name":"Brewing","source_page":1,"registration":"manual_place_aligned","needs_confirmation":true}},{"type":"Feature","id":"pdf:location/400","geometry":{"type":"Point","coordinates":[-82.7575798,9.65546]},"properties":{"kind":"location","number":null,"name":"Flor de","source_page":1,"registration":"manual_place_aligned","needs_confirmation":true}},{"type":"Feature","id":"pdf:location/402","geometry":{"type":"Point","coordinates":[-82.7576,9.6564724]},"properties":{"kind":"location","number":null,"name":"El Barco","source_page":1,"registration":"manual_place_aligned","needs_confirmation":true}},{"type":"Feature","id":"pdf:location/404","geometry":{"type":"Point","coordinates":[-82.7757279,9.6574044]},"properties":{"kind":"location","number":null,"name":"Villas Pina","source_page":1,"registration":"manual_place_aligned","needs_confirmation":true}},{"type":"Feature","id":"pdf:location/406","geometry":{"type":"Point","coordinates":[-82.7612317,9.6542882]},"properties":{"kind":"location","number":null,"name":"Centro","source_page":1,"registration":"manual_place_aligned","needs_confirmation":true}},{"type":"Feature","id":"pdf:location/408","geometry":{"type":"Point","coordinates":[-82.7612315,9.6542897]},"properties":{"kind":"location","number":null,"name":"Centro","source_page":1,"registration":"manual_place_aligned","needs_confirmation":true}},{"type":"Feature","id":"pdf:location/409","geometry":{"type":"Point","coordinates":[-82.7002997,9.637162]},"properties":{"kind":"location","number":null,"name":"Dragonﬂy","source_page":1,"registration":"manual_place_aligned","needs_confirmation":true}},{"type":"Feature","id":"pdf:location/411","geometry":{"type":"Point","coordinates":[-82.6978918,9.6372227]},"properties":{"kind":"location","number":null,"name":"aWà Beach","source_page":1,"registration":"manual_place_aligned","needs_confirmation":true}},{"type":"Feature","id":"pdf:location/413","geometry":{"type":"Point","coordinates":[-82.6980325,9.6362128]},"properties":{"kind":"location","number":null,"name":"Selvin","source_page":1,"registration":"manual_place_aligned","needs_confirmation":true}},{"type":"Feature","id":"pdf:location/415","geometry":{"type":"Point","coordinates":[-82.6953891,9.6367427]},"properties":{"kind":"location","number":null,"name":"Casa Viva","source_page":1,"registration":"manual_place_aligned","needs_confirmation":true}},{"type":"Feature","id":"pdf:location/417","geometry":{"type":"Point","coordinates":[-82.6910681,9.6381602]},"properties":{"kind":"location","number":null,"name":"Pachos Place","source_page":1,"registration":"manual_place_aligned","needs_confirmation":true}},{"type":"Feature","id":"pdf:location/419","geometry":{"type":"Point","coordinates":[-82.6905037,9.6378427]},"properties":{"kind":"location","number":null,"name":"Eden Beach","source_page":1,"registration":"manual_place_aligned","needs_confirmation":true}},{"type":"Feature","id":"pdf:location/421","geometry":{"type":"Point","coordinates":[-82.6898862,9.6368285]},"properties":{"kind":"location","number":null,"name":"Bungalows","source_page":1,"registration":"manual_place_aligned","needs_confirmation":true}},{"type":"Feature","id":"pdf:location/423","geometry":{"type":"Point","coordinates":[-82.6908866,9.6404246]},"properties":{"kind":"location","number":null,"name":null,"source_page":1,"registration":"manual_place_aligned","needs_confirmation":true}},{"type":"Feature","id":"pdf:location/424","geometry":{"type":"Point","coordinates":[-82.6844149,9.6426607]},"properties":{"kind":"location","number":null,"name":"Punta Arricife","source_page":1,"registration":"manual_place_aligned","needs_confirmation":true}},{"type":"Feature","id":"pdf:location/426","geometry":{"type":"Point","coordinates":[-82.6842264,9.6417907]},"properties":{"kind":"location","number":null,"name":"Olguita's Place","source_page":1,"registration":"manual_place_aligned","needs_confirmation":true}},{"type":"Feature","id":"pdf:location/428","geometry":{"type":"Point","coordinates":[-82.6859433,9.6409726]},"properties":{"kind":"location","number":null,"name":"Dive Shop","source_page":1,"registration":"manual_place_aligned","needs_confirmation":true}},{"type":"Feature","id":"pdf:proposed_rescue_station/430","geometry":{"type":"Point","coordinates":[-82.7033056,9.6393545]},"properties":{"kind":"proposed_rescue_station","number":"4.1","name":null,"source_page":1,"registration":"provisional_four_station_affine","needs_confirmation":true}},{"type":"Feature","id":"pdf:rip_current/433","geometry":{"type":"LineString","coordinates":[[-82.7031509,9.6396162],[-82.7031494,9.6398556],[-82.7031493,9.639856],[-82.7031492,9.6398571],[-82.703149,9.639859],[-82.7031486,9.6398615],[-82.7031482,9.6398646],[-82.7031478,9.6398684],[-82.7031472,9.6398727],[-82.7031466,9.6398775],[-82.7031459,9.6398828],[-82.7031452,9.6398885],[-82.7031444,9.6398947],[-82.7031435,9.6399012]]},"properties":{"kind":"rip_current","number":null,"name":null,"source_page":1,"registration":"provisional_four_station_affine","needs_confirmation":true}},{"type":"Feature","id":"pdf:location/435","geometry":{"type":"Point","coordinates":[-82.7042207,9.637872]},"properties":{"kind":"location","number":null,"name":"Tree House","source_page":1,"registration":"manual_place_aligned","needs_confirmation":true}},{"type":"Feature","id":"pdf:location/439","geometry":{"type":"Point","coordinates":[-82.7239425,9.6439928]},"properties":{"kind":"location","number":null,"name":"Rincon Porteno","source_page":1,"registration":"manual_place_aligned","needs_confirmation":true}},{"type":"Feature","id":"pdf:location/441","geometry":{"type":"Point","coordinates":[-82.7223119,9.6443936]},"properties":{"kind":"location","number":null,"name":"Villas del Caribe","source_page":1,"registration":"manual_place_aligned","needs_confirmation":true}},{"type":"Feature","id":"pdf:location/443","geometry":{"type":"Point","coordinates":[-82.7202275,9.6449219]},"properties":{"kind":"location","number":null,"name":"La Caracola","source_page":1,"registration":"manual_place_aligned","needs_confirmation":true}},{"type":"Feature","id":"pdf:location/445","geometry":{"type":"Point","coordinates":[-82.7176057,9.642843]},"properties":{"kind":"location","number":null,"name":"Chiquita Escondida","source_page":1,"registration":"manual_place_aligned","needs_confirmation":true}},{"type":"Feature","id":"pdf:location/447","geometry":{"type":"Point","coordinates":[-82.7110197,9.6405563]},"properties":{"kind":"location","number":null,"name":"Casa Tica","source_page":1,"registration":"manual_place_aligned","needs_confirmation":true}},{"type":"Feature","id":"pdf:location/449","geometry":{"type":"Point","coordinates":[-82.7096567,9.6401252]},"properties":{"kind":"location","number":null,"name":"Villa MAGOA","source_page":1,"registration":"manual_place_aligned","needs_confirmation":true}},{"type":"Feature","id":"pdf:location/451","geometry":{"type":"Point","coordinates":[-82.7087436,9.6397115]},"properties":{"kind":"location","number":null,"name":"Bilbo","source_page":1,"registration":"manual_place_aligned","needs_confirmation":true}},{"type":"Feature","id":"pdf:location/453","geometry":{"type":"Point","coordinates":[-82.7053805,9.6387224]},"properties":{"kind":"location","number":null,"name":"Tree House Lodge","source_page":1,"registration":"manual_place_aligned","needs_confirmation":true}},{"type":"Feature","id":"pdf:location/455","geometry":{"type":"Point","coordinates":[-82.7234552,9.6431943]},"properties":{"kind":"location","number":null,"name":"Century 21","source_page":1,"registration":"manual_place_aligned","needs_confirmation":true}},{"type":"Feature","id":"pdf:location/457","geometry":{"type":"Point","coordinates":[-82.7249492,9.6433229]},"properties":{"kind":"location","number":null,"name":"Lanna Ben","source_page":1,"registration":"manual_place_aligned","needs_confirmation":true}},{"type":"Feature","id":"pdf:location/459","geometry":{"type":"Point","coordinates":[-82.7234786,9.6421823]},"properties":{"kind":"location","number":null,"name":"Jaguar Rescue Center","source_page":1,"registration":"manual_place_aligned","needs_confirmation":true}},{"type":"Feature","id":"pdf:location/461","geometry":{"type":"Point","coordinates":[-82.7204635,9.6433825]},"properties":{"kind":"location","number":null,"name":"Hotel Aguas Claras","source_page":1,"registration":"manual_place_aligned","needs_confirmation":true}},{"type":"Feature","id":"pdf:location/463","geometry":{"type":"Point","coordinates":[-82.7160395,9.6409633]},"properties":{"kind":"location","number":null,"name":"Casa Paparazzi","source_page":1,"registration":"manual_place_aligned","needs_confirmation":true}},{"type":"Feature","id":"pdf:location/466","geometry":{"type":"Point","coordinates":[-82.7083086,9.6378464]},"properties":{"kind":"location","number":null,"name":"Apartamentos","source_page":1,"registration":"manual_place_aligned","needs_confirmation":true}},{"type":"Feature","id":"pdf:location/468","geometry":{"type":"Point","coordinates":[-82.7088372,9.6391374]},"properties":{"kind":"location","number":null,"name":"Bilbo","source_page":1,"registration":"manual_place_aligned","needs_confirmation":true}},{"type":"Feature","id":"pdf:location/470","geometry":{"type":"Point","coordinates":[-82.710149,9.638265]},"properties":{"kind":"location","number":null,"name":"3 minutos","source_page":1,"registration":"manual_place_aligned","needs_confirmation":true}},{"type":"Feature","id":"pdf:location/472","geometry":{"type":"Point","coordinates":[-82.7129327,9.6388934]},"properties":{"kind":"location","number":null,"name":"Hotel","source_page":1,"registration":"manual_place_aligned","needs_confirmation":true}},{"type":"Feature","id":"pdf:location/474","geometry":{"type":"Point","coordinates":[-82.7149332,9.6397466]},"properties":{"kind":"location","number":null,"name":"Residencial Sara","source_page":1,"registration":"manual_place_aligned","needs_confirmation":true}},{"type":"Feature","id":"pdf:proposed_rescue_station/486","geometry":{"type":"Point","coordinates":[-82.7157502,9.6423356]},"properties":{"kind":"proposed_rescue_station","number":"3.4","name":null,"source_page":1,"registration":"provisional_four_station_affine","needs_confirmation":true}},{"type":"Feature","id":"pdf:proposed_rescue_station/489","geometry":{"type":"Point","coordinates":[-82.7047091,9.6395794]},"properties":{"kind":"proposed_rescue_station","number":"4.1","name":null,"source_page":1,"registration":"provisional_four_station_affine","needs_confirmation":true}}]}
