{"type":"FeatureCollection","properties":{"source":"OpenStreetMap contributors","license":"ODbL 1.0","source_url":"https://www.openstreetmap.org/copyright","api_endpoint":"https://api.openstreetmap.org/api/0.6/map","bbox":[9.6,-82.79,9.68,-82.64],"accuracy_note":"Mapped roads and paths; not proof of public access, current condition, or passability.","feature_count":384},"features":[{"type":"Feature","id":"osm:way/33564919","geometry":{"type":"LineString","coordinates":[[-82.7961384,9.6538231],[-82.7960395,9.6537087],[-82.7946089,9.6523254],[-82.7932208,9.6509423],[-82.7925866,9.650273],[-82.7922749,9.6499243],[-82.7914319,9.6489812],[-82.7907618,9.6482592],[-82.7906289,9.6481363],[-82.7904662,9.6480368],[-82.7899889,9.6478665],[-82.7894462,9.6476856],[-82.7893859,9.6476606],[-82.7882323,9.647183]]},"properties":{"osm_way_id":33564919,"highway":"secondary","road_class":"main","name":"Vía 256","surface":"asphalt","access":null,"source":"OpenStreetMap contributors"}},{"type":"Feature","id":"osm:way/33564920","geometry":{"type":"LineString","coordinates":[[-82.7543826,9.6568146],[-82.7536984,9.6575711],[-82.7535996,9.6576006],[-82.7534546,9.6576124],[-82.7530152,9.6576169],[-82.7528862,9.6576325],[-82.7527711,9.6576822],[-82.7523877,9.6579902],[-82.7521444,9.6582347],[-82.7517638,9.6586286],[-82.7516393,9.6587117],[-82.7515047,9.6587501],[-82.7513095,9.6587608],[-82.7509409,9.6587912]]},"properties":{"osm_way_id":33564920,"highway":"secondary","road_class":"main","name":"Avenida 71","surface":"asphalt","access":null,"source":"OpenStreetMap contributors"}},{"type":"Feature","id":"osm:way/33564922","geometry":{"type":"LineString","coordinates":[[-82.7523877,9.6579902],[-82.7520885,9.6576612],[-82.7514185,9.6568942]]},"properties":{"osm_way_id":33564922,"highway":"residential","road_class":"local","name":"Calle 219","surface":"asphalt","access":null,"source":"OpenStreetMap contributors"}},{"type":"Feature","id":"osm:way/33564926","geometry":{"type":"LineString","coordinates":[[-82.7546997,9.6583043],[-82.7545262,9.6581845],[-82.7536984,9.6575711],[-82.7529069,9.656847],[-82.7521704,9.6561748],[-82.751561,9.655559]]},"properties":{"osm_way_id":33564926,"highway":"residential","road_class":"local","name":"Calle 217","surface":"asphalt","access":null,"source":"OpenStreetMap contributors"}},{"type":"Feature","id":"osm:way/33564927","geometry":{"type":"LineString","coordinates":[[-82.7549079,9.6518728],[-82.7542833,9.6519622],[-82.7536037,9.6518511],[-82.7534535,9.6522425],[-82.7533784,9.6524752],[-82.7531746,9.6527079],[-82.7531102,9.65293],[-82.7529385,9.6533213]]},"properties":{"osm_way_id":33564927,"highway":"residential","road_class":"local","name":null,"surface":"gravel","access":null,"source":"OpenStreetMap contributors"}},{"type":"Feature","id":"osm:way/33564928","geometry":{"type":"LineString","coordinates":[[-82.7554276,9.6577419],[-82.7553969,9.6576888],[-82.755189,9.657498],[-82.7543826,9.6568146],[-82.7536154,9.6561186],[-82.7528587,9.6554327],[-82.7521444,9.6547171]]},"properties":{"osm_way_id":33564928,"highway":"residential","road_class":"local","name":"Calle 215","surface":"asphalt","access":null,"source":"OpenStreetMap contributors"}},{"type":"Feature","id":"osm:way/33564929","geometry":{"type":"LineString","coordinates":[[-82.7546997,9.6583043],[-82.7547596,9.6583183],[-82.7548179,9.658315],[-82.7548691,9.6582895],[-82.7551001,9.6581037]]},"properties":{"osm_way_id":33564929,"highway":"residential","road_class":"local","name":"Avenida 73A","surface":null,"access":null,"source":"OpenStreetMap contributors"}},{"type":"Feature","id":"osm:way/33564931","geometry":{"type":"LineString","coordinates":[[-82.766058,9.6546844],[-82.7662119,9.6548236],[-82.766309,9.6548657],[-82.7678671,9.655325],[-82.7687143,9.6555512],[-82.7689277,9.6556278],[-82.769023,9.6556969],[-82.7690548,9.6557765],[-82.7691246,9.6561921],[-82.7691651,9.6563315],[-82.769211,9.6563997],[-82.7694542,9.6565907],[-82.7695925,9.6566789],[-82.7697034,9.6567088],[-82.7699157,9.6567677],[-82.7701692,9.6568595],[-82.7704356,9.6570126],[-82.770701,9.657132],[-82.7710289,9.6572746],[-82.7716415,9.6576417],[-82.7720127,9.6578937],[-82.7724908,9.6581313],[-82.7726385,9.658164]]},"properties":{"osm_way_id":33564931,"highway":"residential","road_class":"local","name":"Calle Playa Negra","surface":"gravel","access":null,"source":"OpenStreetMap contributors"}},{"type":"Feature","id":"osm:way/33564932","geometry":{"type":"LineString","coordinates":[[-82.7734194,9.6578483],[-82.7738888,9.6560879],[-82.7740208,9.6557849],[-82.7741935,9.6555582],[-82.7744035,9.655251]]},"properties":{"osm_way_id":33564932,"highway":"residential","road_class":"local","name":"Calle El Vivero","surface":"gravel","access":null,"source":"OpenStreetMap contributors"}},{"type":"Feature","id":"osm:way/37592861","geometry":{"type":"LineString","coordinates":[[-82.7545262,9.6581845],[-82.7548322,9.6578707],[-82.755189,9.657498],[-82.755243,9.6574322],[-82.7557406,9.6568253],[-82.755845,9.6566777],[-82.7559035,9.656535],[-82.7559266,9.6564176]]},"properties":{"osm_way_id":37592861,"highway":"residential","road_class":"local","name":"Avenida 73","surface":"asphalt","access":null,"source":"OpenStreetMap contributors"}},{"type":"Feature","id":"osm:way/37593054","geometry":{"type":"LineString","coordinates":[[-82.7542939,9.6538258],[-82.7542462,9.6537645],[-82.7542276,9.6536958],[-82.7542316,9.6536319],[-82.7543267,9.6534647]]},"properties":{"osm_way_id":37593054,"highway":"service","road_class":"local","name":null,"surface":null,"access":"private","source":"OpenStreetMap contributors"}},{"type":"Feature","id":"osm:way/37593056","geometry":{"type":"LineString","coordinates":[[-82.7543267,9.6534647],[-82.7544617,9.6533546],[-82.7546238,9.6532765],[-82.7547452,9.6532368]]},"properties":{"osm_way_id":37593056,"highway":"footway","road_class":"path","name":null,"surface":null,"access":null,"source":"OpenStreetMap contributors"}},{"type":"Feature","id":"osm:way/37593057","geometry":{"type":"LineString","coordinates":[[-82.7543267,9.6534647],[-82.7543586,9.6532935],[-82.7543751,9.6532208],[-82.7543923,9.6531687]]},"properties":{"osm_way_id":37593057,"highway":"footway","road_class":"path","name":null,"surface":null,"access":null,"source":"OpenStreetMap contributors"}},{"type":"Feature","id":"osm:way/37593235","geometry":{"type":"LineString","coordinates":[[-82.7550618,9.6545787],[-82.754336,9.6553555],[-82.7536154,9.6561186],[-82.7529069,9.656847],[-82.7524392,9.6573295],[-82.7520885,9.6576612],[-82.7518271,9.6579097],[-82.7515244,9.658197],[-82.7514728,9.6582666],[-82.7514508,9.6583612],[-82.7515047,9.6587501]]},"properties":{"osm_way_id":37593235,"highway":"residential","road_class":"local","name":"Avenida 69","surface":"asphalt","access":null,"source":"OpenStreetMap contributors"}},{"type":"Feature","id":"osm:way/37593236","geometry":{"type":"LineString","coordinates":[[-82.7511104,9.6571676],[-82.7511839,9.6570959],[-82.7514185,9.6568942],[-82.751536,9.6567998],[-82.751829,9.6565251],[-82.7521704,9.6561748],[-82.7528587,9.6554327],[-82.7531379,9.6551202],[-82.7535817,9.6546435],[-82.7542939,9.6538258]]},"properties":{"osm_way_id":37593236,"highway":"residential","road_class":"local","name":"Avenida 67","surface":"asphalt","access":null,"source":"OpenStreetMap contributors"}},{"type":"Feature","id":"osm:way/37593237","geometry":{"type":"LineString","coordinates":[[-82.7511104,9.6571676],[-82.7518271,9.6579097]]},"properties":{"osm_way_id":37593237,"highway":"residential","road_class":"local","name":"Calle 219A","surface":null,"access":null,"source":"OpenStreetMap contributors"}},{"type":"Feature","id":"osm:way/48768269","geometry":{"type":"LineString","coordinates":[[-82.7557673,9.6552943],[-82.7557543,9.655157],[-82.7557395,9.6550319],[-82.7557104,9.6548858],[-82.7555484,9.6543451],[-82.7553598,9.6535911]]},"properties":{"osm_way_id":48768269,"highway":"residential","road_class":"local","name":"Calle 209","surface":"unpaved","access":null,"source":"OpenStreetMap contributors"}},{"type":"Feature","id":"osm:way/48768270","geometry":{"type":"LineString","coordinates":[[-82.7447384,9.6543637],[-82.7452986,9.6545975],[-82.7458556,9.6548299],[-82.7458982,9.6548719],[-82.7457981,9.6554721],[-82.7458173,9.6555351],[-82.7458429,9.6555729],[-82.7460281,9.6556484],[-82.7462239,9.6557513],[-82.7462622,9.6558037],[-82.7462899,9.6558709],[-82.7463304,9.6566056],[-82.746341,9.6566896],[-82.7463729,9.6567295],[-82.7464453,9.6567547],[-82.7470072,9.6568155],[-82.7474329,9.6568531],[-82.7475573,9.6568956],[-82.7477042,9.6569789],[-82.7481198,9.6572265],[-82.7485029,9.6574824],[-82.7491572,9.6578973],[-82.7491914,9.6579478],[-82.749186,9.6580036],[-82.7490096,9.65847],[-82.7489013,9.6588025]]},"properties":{"osm_way_id":48768270,"highway":"residential","road_class":"local","name":"Calle Lunatica","surface":null,"access":null,"source":"OpenStreetMap contributors"}},{"type":"Feature","id":"osm:way/126913627","geometry":{"type":"LineString","coordinates":[[-82.7551001,9.6581037],[-82.7548322,9.6578707]]},"properties":{"osm_way_id":126913627,"highway":"residential","road_class":"local","name":"Calle 215A","surface":null,"access":null,"source":"OpenStreetMap contributors"}},{"type":"Feature","id":"osm:way/252550926","geometry":{"type":"LineString","coordinates":[[-82.8015669,9.6127348],[-82.8003406,9.6125974],[-82.7992194,9.6124718],[-82.7991157,9.6124602],[-82.7955747,9.6120909],[-82.7945945,9.611918],[-82.7935856,9.6116874],[-82.792167,9.6112792],[-82.7907072,9.6108739],[-82.7893385,9.6104938],[-82.7887052,9.6103179],[-82.7871053,9.6098736],[-82.7812623,9.6082541],[-82.7806569,9.6081388],[-82.7798065,9.6079082],[-82.779057,9.6075767],[-82.7784229,9.6071731],[-82.777976,9.606611],[-82.777486,9.6058759],[-82.7771257,9.6054147],[-82.7767221,9.6050976],[-82.7761888,9.6048958],[-82.7754825,9.6048238],[-82.7747186,9.6047229],[-82.7728017,9.6045499],[-82.7716342,9.6044778],[-82.7710288,9.6044923],[-82.7705532,9.6045211],[-82.7701929,9.6044778],[-82.7693283,9.6042906],[-82.7677119,9.6039186],[-82.7670818,9.603795],[-82.7668798,9.6037169],[-82.7666616,9.6035986],[-82.7662725,9.6033392],[-82.7636324,9.6013882],[-82.7615292,9.5999589],[-82.7607471,9.5994087],[-82.7597003,9.598642],[-82.759322,9.5983645],[-82.7583736,9.597694],[-82.7574402,9.5970091],[-82.7555607,9.5955889],[-82.7553588,9.595454],[-82.7551698,9.5953939],[-82.7548877,9.5953925],[-82.75476,9.5954487],[-82.7546329,9.5955234],[-82.7543751,9.5957553],[-82.7541221,9.5960461],[-82.753877,9.5965505],[-82.7528969,9.5991738],[-82.7526087,9.5997071],[-82.7522686,9.6000333],[-82.7520845,9.6001498],[-82.749971,9.6005505],[-82.7497487,9.6005695],[-82.7495595,9.6005663],[-82.7493737,9.6005348],[-82.7491904,9.6004802],[-82.7489098,9.6003452],[-82.7479125,9.5998154],[-82.7454401,9.5984987],[-82.7449115,9.5982351],[-82.7444255,9.5979928],[-82.7438496,9.5977057],[-82.7433842,9.5974586],[-82.7430238,9.5974009],[-82.7426923,9.5974442],[-82.7424041,9.5976027],[-82.7421158,9.5978333],[-82.7400192,9.5996499],[-82.7396058,9.5998579],[-82.7393859,9.599924],[-82.7392813,9.5999267],[-82.7389755,9.5998632],[-82.738726,9.5996252],[-82.7385088,9.5993289],[-82.7379187,9.5985911],[-82.7377015,9.5982473],[-82.7369633,9.5975295],[-82.7363228,9.5970096],[-82.7358883,9.5965626],[-82.7355155,9.5960337],[-82.7347725,9.5949177],[-82.7346866,9.594632],[-82.7347135,9.5941189],[-82.7348289,9.5938016],[-82.7348932,9.5935741],[-82.7348905,9.5932251],[-82.7347698,9.5929209],[-82.7346008,9.5926221],[-82.7343165,9.5921513],[-82.7340939,9.59167],[-82.7331525,9.5894405],[-82.7330076,9.5892051],[-82.732932,9.5890715],[-82.7328484,9.5889717],[-82.7327666,9.5889063],[-82.7322737,9.5886187],[-82.7312193,9.5879676],[-82.7286156,9.5864349],[-82.7272277,9.5856093],[-82.7261487,9.5849675],[-82.724847,9.5842181],[-82.7243643,9.5839311],[-82.7236676,9.5835239],[-82.7234343,9.5833875],[-82.7230617,9.5831697],[-82.722682,9.5829478],[-82.7222798,9.5827126],[-82.7218954,9.5824879],[-82.7216817,9.582363],[-82.7182209,9.5803399],[-82.7154162,9.5786893],[-82.7140826,9.5778572],[-82.7139854,9.5777849],[-82.7138731,9.5776627],[-82.7136882,9.5773832],[-82.713602,9.5771645],[-82.7134171,9.5768485],[-82.7130597,9.5764597],[-82.7127516,9.5762166],[-82.7122409,9.5760333],[-82.7112334,9.575804],[-82.7107314,9.5757057],[-82.7102631,9.5755598],[-82.7097475,9.5753174]]},"properties":{"osm_way_id":252550926,"highway":"primary","road_class":"main","name":"Corredor Caribe","surface":"asphalt","access":null,"source":"OpenStreetMap contributors"}},{"type":"Feature","id":"osm:way/256664763","geometry":{"type":"LineString","coordinates":[[-82.7726385,9.658164],[-82.7727436,9.6583678],[-82.7728029,9.6584305],[-82.7728892,9.658492],[-82.7730532,9.6586089],[-82.7731729,9.6586782],[-82.7737503,9.6590685]]},"properties":{"osm_way_id":256664763,"highway":"residential","road_class":"local","name":"Calle Playa Negra","surface":"gravel","access":null,"source":"OpenStreetMap contributors"}},{"type":"Feature","id":"osm:way/318459561","geometry":{"type":"LineString","coordinates":[[-82.7558524,9.6552175],[-82.7557673,9.6552943],[-82.7550826,9.6560483],[-82.7543826,9.6568146]]},"properties":{"osm_way_id":318459561,"highway":"secondary","road_class":"main","name":"Avenida 71","surface":"asphalt","access":null,"source":"OpenStreetMap contributors"}},{"type":"Feature","id":"osm:way/318459562","geometry":{"type":"LineString","coordinates":[[-82.7559266,9.6564176],[-82.7559354,9.6562385],[-82.7559226,9.6560009],[-82.7558696,9.655625],[-82.7558204,9.6554282],[-82.7557673,9.6552943]]},"properties":{"osm_way_id":318459562,"highway":"residential","road_class":"local","name":"Calle 211","surface":"asphalt","access":null,"source":"OpenStreetMap contributors"}},{"type":"Feature","id":"osm:way/318459603","geometry":{"type":"LineString","coordinates":[[-82.75022,9.6589776],[-82.7500202,9.6590136],[-82.7498796,9.6590316],[-82.7497582,9.6590277],[-82.7496383,9.6590182],[-82.7494774,9.6589814],[-82.7493294,9.6589406],[-82.7489013,9.6588025],[-82.7478858,9.6584622],[-82.747445,9.6582436],[-82.7470222,9.657984],[-82.7464017,9.6578238],[-82.7461062,9.6577219],[-82.7458554,9.6575738],[-82.7456722,9.6574147],[-82.7452628,9.6572553],[-82.7447498,9.6571461],[-82.7442069,9.6569249],[-82.7437368,9.6567561],[-82.7434427,9.6565769],[-82.7431611,9.6563746],[-82.7429599,9.6562226],[-82.7428598,9.6561904],[-82.7424827,9.6560888],[-82.7422968,9.656041],[-82.7421582,9.6559737],[-82.7420208,9.6558751],[-82.7419502,9.6557735],[-82.7416373,9.6550977],[-82.7412962,9.6542114],[-82.7411781,9.6539869],[-82.7410835,9.6538956],[-82.74099,9.6538295],[-82.7407347,9.6536528],[-82.740149,9.6531917],[-82.7395219,9.6526735],[-82.7384613,9.6517155],[-82.7381482,9.6514206],[-82.7374771,9.6508694],[-82.7370603,9.6505271],[-82.7369678,9.650396],[-82.7366044,9.6499319],[-82.7364233,9.6496584],[-82.7362866,9.649452],[-82.7359472,9.6489166],[-82.7357327,9.6485318],[-82.7356365,9.648329],[-82.735603,9.6482021],[-82.7355986,9.6480981],[-82.7355882,9.6477319],[-82.7355756,9.6472855]]},"properties":{"osm_way_id":318459603,"highway":"secondary","road_class":"main","name":"Vía 256","surface":"asphalt","access":null,"source":"OpenStreetMap contributors"}},{"type":"Feature","id":"osm:way/327351912","geometry":{"type":"LineString","coordinates":[[-82.7623371,9.6541602],[-82.7624526,9.6536062],[-82.7627361,9.652859],[-82.7628165,9.6526983],[-82.7629518,9.6524277],[-82.763075,9.6521058],[-82.7630661,9.6518075],[-82.7630272,9.6515117],[-82.7629599,9.651045],[-82.7628209,9.6504866],[-82.7627793,9.6501505],[-82.7625914,9.6495228],[-82.762543,9.6493586],[-82.762465,9.6490926],[-82.7624567,9.6490517],[-82.7624157,9.6488496],[-82.7624157,9.6486309],[-82.7624347,9.6485256],[-82.7625143,9.6480842]]},"properties":{"osm_way_id":327351912,"highway":"residential","road_class":"local","name":"Calle Los Turrialbeños","surface":null,"access":null,"source":"OpenStreetMap contributors"}},{"type":"Feature","id":"osm:way/327351913","geometry":{"type":"LineString","coordinates":[[-82.7624347,9.6485256],[-82.7609336,9.6486057]]},"properties":{"osm_way_id":327351913,"highway":"residential","road_class":"local","name":null,"surface":null,"access":null,"source":"OpenStreetMap contributors"}},{"type":"Feature","id":"osm:way/327351914","geometry":{"type":"LineString","coordinates":[[-82.7624567,9.6490517],[-82.7610702,9.6493472]]},"properties":{"osm_way_id":327351914,"highway":"residential","road_class":"local","name":null,"surface":null,"access":null,"source":"OpenStreetMap contributors"}},{"type":"Feature","id":"osm:way/327351915","geometry":{"type":"LineString","coordinates":[[-82.7627793,9.6501505],[-82.7614139,9.6500214]]},"properties":{"osm_way_id":327351915,"highway":"residential","road_class":"local","name":null,"surface":null,"access":null,"source":"OpenStreetMap contributors"}},{"type":"Feature","id":"osm:way/327351916","geometry":{"type":"LineString","coordinates":[[-82.7628165,9.6526983],[-82.7626491,9.6526199],[-82.7619189,9.6523854],[-82.7616955,9.6523486],[-82.7609629,9.6522279]]},"properties":{"osm_way_id":327351916,"highway":"residential","road_class":"local","name":null,"surface":null,"access":null,"source":"OpenStreetMap contributors"}},{"type":"Feature","id":"osm:way/327351917","geometry":{"type":"LineString","coordinates":[[-82.7626491,9.6526199],[-82.7625268,9.6506597],[-82.7624793,9.6506071],[-82.7623916,9.6505845],[-82.7618634,9.650575],[-82.7618293,9.6505963],[-82.7618203,9.6506359],[-82.7619189,9.6523854]]},"properties":{"osm_way_id":327351917,"highway":"residential","road_class":"local","name":null,"surface":null,"access":null,"source":"OpenStreetMap contributors"}},{"type":"Feature","id":"osm:way/332707013","geometry":{"type":"LineString","coordinates":[[-82.7511839,9.6570959],[-82.7508812,9.6567],[-82.7507301,9.6564907],[-82.7506758,9.6563943],[-82.7505333,9.6560862],[-82.7501516,9.6551642],[-82.7500163,9.654835]]},"properties":{"osm_way_id":332707013,"highway":"residential","road_class":"local","name":"Calle 219A","surface":null,"access":null,"source":"OpenStreetMap contributors"}},{"type":"Feature","id":"osm:way/346086798","geometry":{"type":"LineString","coordinates":[[-82.751536,9.6567998],[-82.7511064,9.6562885]]},"properties":{"osm_way_id":346086798,"highway":"residential","road_class":"local","name":"Calle 219","surface":null,"access":null,"source":"OpenStreetMap contributors"}},{"type":"Feature","id":"osm:way/346086799","geometry":{"type":"LineString","coordinates":[[-82.7511104,9.6571676],[-82.7507991,9.6574527],[-82.7506633,9.657663],[-82.7505594,9.6579093],[-82.75022,9.6589776]]},"properties":{"osm_way_id":346086799,"highway":"residential","road_class":"local","name":"Avenida 67","surface":null,"access":null,"source":"OpenStreetMap contributors"}},{"type":"Feature","id":"osm:way/349575186","geometry":{"type":"LineString","coordinates":[[-82.7456722,9.6574147],[-82.745908,9.6569521],[-82.745899,9.6569179],[-82.7456851,9.6567316],[-82.7456692,9.656688],[-82.7460229,9.656239],[-82.746024,9.6561899],[-82.7457444,9.6559233]]},"properties":{"osm_way_id":349575186,"highway":"service","road_class":"local","name":"Calle Rosa","surface":"gravel","access":null,"source":"OpenStreetMap contributors"}},{"type":"Feature","id":"osm:way/358575143","geometry":{"type":"LineString","coordinates":[[-82.7520845,9.6001498],[-82.75232,9.6011942],[-82.7532088,9.6051347],[-82.7532342,9.6052447],[-82.7531762,9.605326],[-82.7530021,9.6054435],[-82.752822,9.6056392],[-82.7527059,9.6058951],[-82.7526204,9.606145],[-82.7526479,9.6063497],[-82.7527639,9.6064792],[-82.7529624,9.6065876],[-82.7530449,9.6067472],[-82.7529472,9.6069399],[-82.7525838,9.60725],[-82.751912,9.6073313],[-82.7514753,9.6073735],[-82.7512249,9.6074698],[-82.7505897,9.6079425],[-82.7498812,9.6084363],[-82.7491575,9.6088307],[-82.7487391,9.6090023],[-82.7484399,9.6090415],[-82.7479268,9.6090385],[-82.7474841,9.6090897],[-82.747194,9.609171],[-82.747142,9.6092763],[-82.7471329,9.6095202],[-82.7471359,9.6099237],[-82.7469802,9.6101344],[-82.7467451,9.6103572],[-82.7463114,9.610839],[-82.7460916,9.6109835],[-82.7457831,9.6110678],[-82.7452701,9.6113057],[-82.7447815,9.6114803],[-82.74458,9.6117633],[-82.7443632,9.6120915],[-82.7439936,9.612224],[-82.7436852,9.6123384],[-82.7432485,9.6128743],[-82.7429523,9.6134223],[-82.7426103,9.6141419],[-82.7419141,9.6148193],[-82.741288,9.6152107],[-82.7408147,9.6155359],[-82.7404086,9.6157015],[-82.7400879,9.6158761],[-82.7398345,9.6158851],[-82.7395077,9.6157888],[-82.7392726,9.6157256],[-82.7390069,9.6157828],[-82.7388145,9.6159363],[-82.7386496,9.6162314],[-82.7382649,9.6165806],[-82.7379564,9.6166348],[-82.7377427,9.616674],[-82.7376327,9.6168245],[-82.7372388,9.6173364],[-82.7363716,9.6181643],[-82.736108,9.6183058],[-82.7357691,9.6185076],[-82.7356469,9.6186611],[-82.7356378,9.6188658],[-82.7356775,9.6190405],[-82.7357691,9.6192994],[-82.7357782,9.6195643],[-82.7355799,9.6200902]]},"properties":{"osm_way_id":358575143,"highway":"unclassified","road_class":"local","name":"Calle El Parque","surface":null,"access":null,"source":"OpenStreetMap contributors"}},{"type":"Feature","id":"osm:way/358575325","geometry":{"type":"LineString","coordinates":[[-82.7636324,9.6013882],[-82.7644185,9.6004363],[-82.7646403,9.6001589],[-82.7648223,9.5999097],[-82.765091,9.5995418]]},"properties":{"osm_way_id":358575325,"highway":"residential","road_class":"local","name":"Calle La Suiza","surface":null,"access":null,"source":"OpenStreetMap contributors"}},{"type":"Feature","id":"osm:way/358575328","geometry":{"type":"LineString","coordinates":[[-82.7646403,9.6001589],[-82.765421,9.6007624],[-82.7657147,9.6010197]]},"properties":{"osm_way_id":358575328,"highway":"residential","road_class":"local","name":null,"surface":null,"access":null,"source":"OpenStreetMap contributors"}},{"type":"Feature","id":"osm:way/358575329","geometry":{"type":"LineString","coordinates":[[-82.7644185,9.6004363],[-82.7651856,9.6010419],[-82.7659101,9.601676]]},"properties":{"osm_way_id":358575329,"highway":"residential","road_class":"local","name":null,"surface":null,"access":null,"source":"OpenStreetMap contributors"}},{"type":"Feature","id":"osm:way/358575330","geometry":{"type":"LineString","coordinates":[[-82.7651856,9.6010419],[-82.765421,9.6007624]]},"properties":{"osm_way_id":358575330,"highway":"residential","road_class":"local","name":null,"surface":null,"access":null,"source":"OpenStreetMap contributors"}},{"type":"Feature","id":"osm:way/358575383","geometry":{"type":"LineString","coordinates":[[-82.7677119,9.6039186],[-82.7677352,9.604452],[-82.7676931,9.6045764],[-82.7676438,9.6046558],[-82.7672162,9.6052009],[-82.7669035,9.6056733]]},"properties":{"osm_way_id":358575383,"highway":"residential","road_class":"local","name":null,"surface":null,"access":null,"source":"OpenStreetMap contributors"}},{"type":"Feature","id":"osm:way/358575384","geometry":{"type":"LineString","coordinates":[[-82.7670818,9.603795],[-82.766807,9.6043354],[-82.7664852,9.6048532],[-82.7663452,9.6050882],[-82.7658563,9.6058342]]},"properties":{"osm_way_id":358575384,"highway":"residential","road_class":"local","name":"Calle Civil","surface":null,"access":null,"source":"OpenStreetMap contributors"}},{"type":"Feature","id":"osm:way/358575387","geometry":{"type":"LineString","coordinates":[[-82.766807,9.6043354],[-82.7676438,9.6046558]]},"properties":{"osm_way_id":358575387,"highway":"residential","road_class":"local","name":null,"surface":null,"access":null,"source":"OpenStreetMap contributors"}},{"type":"Feature","id":"osm:way/358575388","geometry":{"type":"LineString","coordinates":[[-82.7672162,9.6052009],[-82.7664852,9.6048532]]},"properties":{"osm_way_id":358575388,"highway":"residential","road_class":"local","name":null,"surface":null,"access":null,"source":"OpenStreetMap contributors"}},{"type":"Feature","id":"osm:way/358575394","geometry":{"type":"LineString","coordinates":[[-82.7636324,9.6013882],[-82.7630953,9.6021592],[-82.7622825,9.6033603],[-82.761946,9.6038012],[-82.7618479,9.6040959],[-82.7617638,9.6047405],[-82.7615537,9.6057765]]},"properties":{"osm_way_id":358575394,"highway":"residential","road_class":"local","name":null,"surface":null,"access":null,"source":"OpenStreetMap contributors"}},{"type":"Feature","id":"osm:way/358575417","geometry":{"type":"LineString","coordinates":[[-82.7693283,9.6042906],[-82.769435,9.6040738],[-82.769509,9.6039402],[-82.7696199,9.6038794],[-82.769965,9.6038065],[-82.7702731,9.603685],[-82.770421,9.6035513],[-82.770458,9.6033934],[-82.7702293,9.6001695],[-82.770002,9.5969652]]},"properties":{"osm_way_id":358575417,"highway":"residential","road_class":"local","name":"Calle Catracho","surface":null,"access":null,"source":"OpenStreetMap contributors"}},{"type":"Feature","id":"osm:way/358575434","geometry":{"type":"LineString","coordinates":[[-82.786296,9.6063629],[-82.7814397,9.6045105],[-82.7809596,9.6043153],[-82.7801361,9.6039399],[-82.7786673,9.6032703],[-82.7785583,9.6032045],[-82.7784782,9.6031134],[-82.7784967,9.6028825],[-82.7787986,9.6012299]]},"properties":{"osm_way_id":358575434,"highway":"unclassified","road_class":"local","name":"Calle Coto","surface":null,"access":null,"source":"OpenStreetMap contributors"}},{"type":"Feature","id":"osm:way/358575437","geometry":{"type":"LineString","coordinates":[[-82.7871053,9.6098736],[-82.7869875,9.6093809],[-82.786296,9.6063629],[-82.7863515,9.6060469],[-82.7864193,9.6058282],[-82.7863885,9.6055608],[-82.7862467,9.6049654],[-82.7861296,9.6042545],[-82.7858832,9.6034343],[-82.7856921,9.6030516],[-82.7855257,9.6027357],[-82.7854579,9.602529],[-82.7854949,9.6023164],[-82.7857846,9.6019519],[-82.7860988,9.6014294],[-82.7839113,9.600445],[-82.7837264,9.600281],[-82.7833444,9.5997585],[-82.7831995,9.5993757],[-82.7829931,9.5990841],[-82.7823091,9.5985919],[-82.7816067,9.5979661],[-82.7809596,9.5970912],[-82.7805714,9.5966568],[-82.780097,9.5962953],[-82.77953,9.5959732],[-82.7788707,9.5957302],[-82.7783962,9.5957059],[-82.7779103,9.595696],[-82.7771494,9.5955915],[-82.7765229,9.5955054],[-82.7747729,9.5953717],[-82.7742799,9.5952624],[-82.7740951,9.5952016],[-82.7738979,9.5954325],[-82.7736102,9.5953902],[-82.7722663,9.5952143],[-82.7697864,9.5948406]]},"properties":{"osm_way_id":358575437,"highway":"unclassified","road_class":"local","name":"Calle Margarita","surface":null,"access":null,"source":"OpenStreetMap contributors"}},{"type":"Feature","id":"osm:way/360220452","geometry":{"type":"LineString","coordinates":[[-82.740149,9.6531917],[-82.7401038,9.6535],[-82.7401574,9.6539548],[-82.7403398,9.6543356],[-82.7405758,9.6545895],[-82.7406938,9.655002],[-82.7410586,9.6557106],[-82.7413376,9.6559221],[-82.7417667,9.6560914],[-82.7422066,9.6562923],[-82.7424526,9.6565656],[-82.7426106,9.6566232],[-82.7427223,9.6566706],[-82.7427996,9.6566994],[-82.7428391,9.6567333],[-82.7428477,9.6568129],[-82.742846,9.6569534],[-82.7428752,9.6570212],[-82.7428941,9.6570838],[-82.7429611,9.6571194],[-82.7430367,9.6571668],[-82.7430813,9.6571905],[-82.7431019,9.6572464],[-82.7437014,9.6574987],[-82.7449936,9.6580497],[-82.7454165,9.6583484],[-82.7455617,9.6584542],[-82.7459026,9.6585724],[-82.7462687,9.6587155],[-82.7464328,9.6588524],[-82.7467168,9.6590329],[-82.7471208,9.6592382],[-82.7474869,9.6593378],[-82.7479098,9.6593689],[-82.7484843,9.6594436],[-82.7489514,9.6595307],[-82.7493427,9.6594996],[-82.749682,9.6595255],[-82.7501226,9.6594722],[-82.7505258,9.659378],[-82.750929,9.6591731],[-82.7512075,9.6590051],[-82.7512945,9.6588767],[-82.7513095,9.6587608]]},"properties":{"osm_way_id":360220452,"highway":"path","road_class":"path","name":null,"surface":null,"access":null,"source":"OpenStreetMap contributors"}},{"type":"Feature","id":"osm:way/390078109","geometry":{"type":"LineString","coordinates":[[-82.7369678,9.650396],[-82.7371942,9.650125],[-82.7375666,9.6496601],[-82.7380519,9.6491513],[-82.7381065,9.6491045],[-82.7381538,9.6491262],[-82.7382919,9.6492373],[-82.7383442,9.6492677],[-82.7383885,9.6492664],[-82.7384327,9.6492571],[-82.7384837,9.6492703],[-82.7386741,9.6493351],[-82.7387868,9.6493497],[-82.738878,9.6493298],[-82.7389705,9.6492968],[-82.7390429,9.6492888],[-82.7391797,9.6493444],[-82.7393407,9.649429],[-82.7394265,9.6494475],[-82.7395257,9.6494211],[-82.7398074,9.6493153],[-82.7399066,9.64931],[-82.74003,9.6492994],[-82.740199,9.649191],[-82.7408297,9.6483236]]},"properties":{"osm_way_id":390078109,"highway":"residential","road_class":"local","name":"Calle Azania","surface":"compacted","access":null,"source":"OpenStreetMap contributors"}},{"type":"Feature","id":"osm:way/394740919","geometry":{"type":"LineString","coordinates":[[-82.7882323,9.647183],[-82.7881789,9.6471609],[-82.7879535,9.6470676],[-82.7871752,9.6467639],[-82.7869713,9.6467265],[-82.786765,9.6467158],[-82.7861185,9.6470106],[-82.7859729,9.6470681],[-82.7853484,9.6473148],[-82.7846733,9.6473623],[-82.7834262,9.6472546],[-82.7833518,9.6472482],[-82.7826398,9.6471223],[-82.7825252,9.647102],[-82.7822516,9.6470537],[-82.7818634,9.646997],[-82.7815968,9.6469819],[-82.7813886,9.646989],[-82.7812247,9.6470016],[-82.7810513,9.6470579],[-82.7806456,9.6472367],[-82.7803966,9.647392],[-82.7800675,9.6476391],[-82.7799197,9.6477131],[-82.7792968,9.6479296],[-82.7775664,9.6484514],[-82.7774231,9.6485002],[-82.7770551,9.6486409],[-82.7767408,9.6487622],[-82.7764163,9.6489427],[-82.775954,9.6491987],[-82.7752431,9.6496537],[-82.7748127,9.6499545],[-82.7745658,9.6501177],[-82.7743236,9.6503853],[-82.7739919,9.6507351],[-82.7738503,9.6508171],[-82.7736842,9.6508759],[-82.773475,9.6509235],[-82.7729757,9.6509691],[-82.7719668,9.6510852],[-82.7717853,9.651111],[-82.7716533,9.6511362],[-82.7715113,9.6511939],[-82.7707256,9.6514949],[-82.7704194,9.6516442],[-82.7703078,9.6516986],[-82.7699406,9.6519167],[-82.7698536,9.6519842],[-82.7697311,9.6520792],[-82.7695922,9.652189],[-82.7689666,9.6526722],[-82.7689234,9.6527035],[-82.7682942,9.6531594],[-82.7676286,9.6535941],[-82.7667066,9.6542207],[-82.766058,9.6546844],[-82.7656688,9.6549573],[-82.7655897,9.6549864],[-82.7655204,9.6549938],[-82.7654342,9.6549838],[-82.7650774,9.6548753],[-82.7648036,9.6547933],[-82.7646615,9.6547507],[-82.7642457,9.654602],[-82.7637953,9.6544708],[-82.7633335,9.6543522]]},"properties":{"osm_way_id":394740919,"highway":"secondary","road_class":"main","name":"Vía 256","surface":"asphalt","access":null,"source":"OpenStreetMap contributors"}},{"type":"Feature","id":"osm:way/394740923","geometry":{"type":"LineString","coordinates":[[-82.7633335,9.6543522],[-82.763091,9.6542892]]},"properties":{"osm_way_id":394740923,"highway":"secondary","road_class":"main","name":"Vía 256","surface":"asphalt","access":null,"source":"OpenStreetMap contributors"}},{"type":"Feature","id":"osm:way/394740924","geometry":{"type":"LineString","coordinates":[[-82.763091,9.6542892],[-82.762776,9.6542253],[-82.7623371,9.6541602],[-82.7612579,9.6540028],[-82.7604284,9.6539187],[-82.7600221,9.6539092],[-82.7594296,9.6538954],[-82.7590385,9.6539282],[-82.7583841,9.6540079],[-82.7580346,9.6540554],[-82.7576865,9.6541477],[-82.7573272,9.6543005],[-82.7569143,9.6545129],[-82.7564947,9.6547606],[-82.7560213,9.6550725]]},"properties":{"osm_way_id":394740924,"highway":"secondary","road_class":"main","name":"Vía 256","surface":"asphalt","access":null,"source":"OpenStreetMap contributors"}},{"type":"Feature","id":"osm:way/394740927","geometry":{"type":"LineString","coordinates":[[-82.7560213,9.6550725],[-82.7558524,9.6552175]]},"properties":{"osm_way_id":394740927,"highway":"secondary","road_class":"main","name":"Vía 256","surface":"asphalt","access":null,"source":"OpenStreetMap contributors"}},{"type":"Feature","id":"osm:way/395420644","geometry":{"type":"LineString","coordinates":[[-82.7557673,9.6552943],[-82.7550618,9.6545787],[-82.7542939,9.6538258]]},"properties":{"osm_way_id":395420644,"highway":"residential","road_class":"local","name":"Calle 211","surface":"asphalt","access":null,"source":"OpenStreetMap contributors"}},{"type":"Feature","id":"osm:way/395437845","geometry":{"type":"LineString","coordinates":[[-82.7535817,9.6546435],[-82.754336,9.6553555],[-82.7550826,9.6560483],[-82.755845,9.6566777]]},"properties":{"osm_way_id":395437845,"highway":"residential","road_class":"local","name":"Calle 213","surface":"asphalt","access":null,"source":"OpenStreetMap contributors"}},{"type":"Feature","id":"osm:way/395453149","geometry":{"type":"LineString","coordinates":[[-82.7518271,9.6579097],[-82.7521444,9.6582347]]},"properties":{"osm_way_id":395453149,"highway":"service","road_class":"local","name":"Calle 219A","surface":null,"access":null,"source":"OpenStreetMap contributors"}},{"type":"Feature","id":"osm:way/395458627","geometry":{"type":"LineString","coordinates":[[-82.7407347,9.6536528],[-82.7410262,9.653277]]},"properties":{"osm_way_id":395458627,"highway":"service","road_class":"local","name":null,"surface":"unpaved","access":null,"source":"OpenStreetMap contributors"}},{"type":"Feature","id":"osm:way/396333275","geometry":{"type":"LineString","coordinates":[[-82.7806464,9.6561434],[-82.7798392,9.6555542],[-82.7790874,9.6550074],[-82.7783541,9.6545822],[-82.7777047,9.6542148],[-82.777347,9.6537772],[-82.7772072,9.6535321],[-82.7770769,9.6534067],[-82.7769745,9.6534405],[-82.776821,9.6535026],[-82.7766833,9.6536426],[-82.7766106,9.6537642],[-82.7764676,9.6541189]]},"properties":{"osm_way_id":396333275,"highway":"residential","road_class":"local","name":"Calle Makua","surface":"gravel","access":null,"source":"OpenStreetMap contributors"}},{"type":"Feature","id":"osm:way/396333308","geometry":{"type":"LineString","coordinates":[[-82.7837259,9.6600257],[-82.7838627,9.6598485],[-82.7840236,9.6597758],[-82.7842033,9.6597243],[-82.7844353,9.6597031],[-82.7847102,9.6596991],[-82.7847826,9.6596317],[-82.7850106,9.6593395],[-82.7860862,9.6584269],[-82.7865647,9.6581529],[-82.7868764,9.6579973]]},"properties":{"osm_way_id":396333308,"highway":"residential","road_class":"local","name":"Calle Sonora","surface":"gravel","access":null,"source":"OpenStreetMap contributors"}},{"type":"Feature","id":"osm:way/396333406","geometry":{"type":"LineString","coordinates":[[-82.7827844,9.6543459],[-82.783408,9.6537999],[-82.7835086,9.6537735],[-82.7835757,9.653755],[-82.7836588,9.653759],[-82.783942,9.6539995],[-82.784439,9.6544215],[-82.7845328,9.6545012],[-82.7847413,9.654648],[-82.7851052,9.6548128],[-82.7852171,9.6549],[-82.7855754,9.6551793],[-82.7856163,9.6552148],[-82.7858828,9.655446],[-82.7859248,9.6555611],[-82.7859073,9.6556739],[-82.7858164,9.6558254],[-82.7856973,9.6560176],[-82.7856707,9.6561239],[-82.7857086,9.6562399],[-82.7857966,9.6563487],[-82.7863796,9.6567983],[-82.7865281,9.6569128],[-82.7866793,9.6571525],[-82.7868003,9.6575387],[-82.7868629,9.6577778],[-82.7868764,9.6579973]]},"properties":{"osm_way_id":396333406,"highway":"residential","road_class":"local","name":"Calle Mishka","surface":"gravel","access":null,"source":"OpenStreetMap contributors"}},{"type":"Feature","id":"osm:way/396333723","geometry":{"type":"LineString","coordinates":[[-82.7594136,9.6407756],[-82.7588772,9.6410083],[-82.7586626,9.6411987],[-82.7582335,9.6414102],[-82.7578901,9.6418544],[-82.7577614,9.6422564],[-82.7578472,9.6425525],[-82.7582764,9.6428487],[-82.7587055,9.6431026],[-82.7588557,9.6430391],[-82.7591991,9.6431872],[-82.7595638,9.6437795],[-82.7600574,9.6438641],[-82.7605509,9.6440757],[-82.7607225,9.6443295],[-82.761023,9.6447526],[-82.7614092,9.6450911],[-82.7616667,9.6453449],[-82.7617954,9.6455988],[-82.7621173,9.6460642],[-82.7620958,9.6464238],[-82.7624392,9.6469527],[-82.7625679,9.64727],[-82.762525,9.6476296],[-82.7625143,9.6480842]]},"properties":{"osm_way_id":396333723,"highway":"path","road_class":"path","name":null,"surface":null,"access":null,"source":"OpenStreetMap contributors"}},{"type":"Feature","id":"osm:way/396333790","geometry":{"type":"LineString","coordinates":[[-82.754886,9.6517625],[-82.7547975,9.651083],[-82.7548861,9.6505066],[-82.7548861,9.6501469],[-82.7549719,9.6496815],[-82.754929,9.6492585],[-82.7547788,9.6488565],[-82.7545427,9.6486238],[-82.7544569,9.6482431],[-82.7539634,9.6475238],[-82.7534269,9.6466353],[-82.7532982,9.646593],[-82.7530622,9.6463392],[-82.7527403,9.646043],[-82.7527403,9.6455988],[-82.7527832,9.6452603],[-82.7526974,9.6449007],[-82.7527403,9.6446045],[-82.7525901,9.6441814],[-82.7523541,9.6439487],[-82.7523111,9.6435468],[-82.7523541,9.6430391],[-82.7522411,9.6429241],[-82.7522948,9.6424798],[-82.752166,9.6424798],[-82.7521231,9.642374],[-82.7519515,9.6421202],[-82.7517369,9.6419721],[-82.751533,9.6418029],[-82.7513185,9.6412529],[-82.7511468,9.6409461],[-82.7512326,9.6406288],[-82.7511897,9.6403961],[-82.7511039,9.6402163],[-82.7510073,9.6400365],[-82.7508571,9.6398461],[-82.7507069,9.6395816],[-82.7507284,9.639222],[-82.7508357,9.6388624],[-82.7509644,9.638672],[-82.7512005,9.6385874],[-82.7512648,9.6384181],[-82.7513936,9.6381854],[-82.7515009,9.6379739],[-82.7515652,9.63772],[-82.7516511,9.6374979],[-82.7517369,9.6373604],[-82.7517369,9.6371383]]},"properties":{"osm_way_id":396333790,"highway":"path","road_class":"path","name":"Calle Reserva Indígena","surface":null,"access":null,"source":"OpenStreetMap contributors"}},{"type":"Feature","id":"osm:way/396333962","geometry":{"type":"LineString","coordinates":[[-82.7424526,9.6565656],[-82.7428598,9.6561904]]},"properties":{"osm_way_id":396333962,"highway":"path","road_class":"path","name":null,"surface":"grass","access":null,"source":"OpenStreetMap contributors"}},{"type":"Feature","id":"osm:way/396690084","geometry":{"type":"LineString","coordinates":[[-82.7537754,9.6514704],[-82.7536037,9.6518511]]},"properties":{"osm_way_id":396690084,"highway":"path","road_class":"path","name":null,"surface":"dirt","access":null,"source":"OpenStreetMap contributors"}},{"type":"Feature","id":"osm:way/396690086","geometry":{"type":"LineString","coordinates":[[-82.7530673,9.6515444],[-82.7536037,9.6518511]]},"properties":{"osm_way_id":396690086,"highway":"path","road_class":"path","name":null,"surface":"ground","access":null,"source":"OpenStreetMap contributors"}},{"type":"Feature","id":"osm:way/396690088","geometry":{"type":"LineString","coordinates":[[-82.7481642,9.6417711],[-82.7483037,9.6417923],[-82.7483466,9.641951],[-82.7484539,9.6419933],[-82.7488707,9.6422916],[-82.7492371,9.6425539],[-82.7495053,9.6426385],[-82.749634,9.642776],[-82.7502563,9.642776],[-82.7505245,9.6428606],[-82.7506211,9.6430616],[-82.7506426,9.6432202],[-82.7508357,9.6434741],[-82.7510717,9.6437279],[-82.7513936,9.6440453],[-82.7512434,9.6441616],[-82.751179,9.6444049],[-82.7509859,9.6446376],[-82.7506211,9.644701],[-82.7501705,9.6449126],[-82.7500632,9.6450712],[-82.7500847,9.6451982],[-82.7501276,9.6453568],[-82.7502456,9.6453991],[-82.7503421,9.645653],[-82.7505782,9.6458434],[-82.7508035,9.6459703],[-82.7510502,9.646277],[-82.751179,9.646478],[-82.7512756,9.6467424],[-82.7511575,9.6471549],[-82.7512648,9.6475569],[-82.7511924,9.6483951],[-82.7511602,9.648953],[-82.7513668,9.6492704],[-82.7515786,9.6495559],[-82.7517369,9.6498098],[-82.7519166,9.6501879],[-82.7520132,9.6504444],[-82.752225,9.651005],[-82.7522734,9.6512006],[-82.7522411,9.6515656],[-82.7522304,9.6519305],[-82.7522452,9.6523381],[-82.7524095,9.6526416],[-82.7526214,9.6528617],[-82.7528256,9.6531636],[-82.7529385,9.6533213]]},"properties":{"osm_way_id":396690088,"highway":"path","road_class":"path","name":"Calle Reserva Indígena","surface":null,"access":null,"source":"OpenStreetMap contributors"}},{"type":"Feature","id":"osm:way/396690091","geometry":{"type":"LineString","coordinates":[[-82.7513936,9.6440453],[-82.7517262,9.6437808],[-82.751812,9.643601],[-82.7520373,9.6434529],[-82.7523541,9.6430391]]},"properties":{"osm_way_id":396690091,"highway":"path","road_class":"path","name":null,"surface":null,"access":null,"source":"OpenStreetMap contributors"}},{"type":"Feature","id":"osm:way/396690095","geometry":{"type":"LineString","coordinates":[[-82.7491405,9.6372652],[-82.7492478,9.6374344],[-82.7491405,9.6376566],[-82.7488186,9.638122],[-82.7486684,9.6382595],[-82.7485397,9.6385451],[-82.7484753,9.6386085],[-82.7483895,9.6388412],[-82.7483359,9.6390316],[-82.7483466,9.6392643],[-82.7484861,9.6395816],[-82.7485397,9.6398143],[-82.7486363,9.639899],[-82.7486363,9.6401951],[-82.7487328,9.6403432],[-82.7487543,9.6405336],[-82.7488294,9.6408086],[-82.7488508,9.640999],[-82.7488508,9.6412],[-82.7489259,9.6413269],[-82.7489152,9.6414432],[-82.7489581,9.6416654],[-82.7490654,9.641824],[-82.7489474,9.6419933],[-82.7489581,9.6421837],[-82.7488707,9.6422916]]},"properties":{"osm_way_id":396690095,"highway":"path","road_class":"path","name":"Calle Reserva Indígena","surface":null,"access":null,"source":"OpenStreetMap contributors"}},{"type":"Feature","id":"osm:way/411530602","geometry":{"type":"LineString","coordinates":[[-82.7528801,9.6539305],[-82.7528953,9.6539659],[-82.752971,9.6540568],[-82.7535817,9.6546435]]},"properties":{"osm_way_id":411530602,"highway":"residential","road_class":"local","name":"Calle 213","surface":null,"access":null,"source":"OpenStreetMap contributors"}},{"type":"Feature","id":"osm:way/458849847","geometry":{"type":"LineString","coordinates":[[-82.7494774,9.6589814],[-82.7493427,9.6594996]]},"properties":{"osm_way_id":458849847,"highway":"service","road_class":"local","name":null,"surface":null,"access":null,"source":"OpenStreetMap contributors"}},{"type":"Feature","id":"osm:way/458862716","geometry":{"type":"LineString","coordinates":[[-82.7411781,9.6539869],[-82.7418526,9.6535722],[-82.7424234,9.6533616]]},"properties":{"osm_way_id":458862716,"highway":"service","road_class":"local","name":"Calle La Perla del Caribe","surface":"unpaved","access":null,"source":"OpenStreetMap contributors"}},{"type":"Feature","id":"osm:way/500512354","geometry":{"type":"LineString","coordinates":[[-82.773132,9.6587564],[-82.7731729,9.6586782],[-82.7732015,9.6586262],[-82.7733374,9.6583614],[-82.7734842,9.6580977]]},"properties":{"osm_way_id":500512354,"highway":"footway","road_class":"path","name":null,"surface":null,"access":null,"source":"OpenStreetMap contributors"}},{"type":"Feature","id":"osm:way/500512355","geometry":{"type":"LineString","coordinates":[[-82.773772,9.6590225],[-82.7732015,9.6586262],[-82.7730758,9.6585497]]},"properties":{"osm_way_id":500512355,"highway":"footway","road_class":"path","name":null,"surface":null,"access":null,"source":"OpenStreetMap contributors"}},{"type":"Feature","id":"osm:way/500512356","geometry":{"type":"LineString","coordinates":[[-82.7737503,9.6590685],[-82.7744365,9.6595028],[-82.7748845,9.659815],[-82.7754702,9.6602527],[-82.7760107,9.6606083],[-82.7763251,9.6608856],[-82.7766377,9.6610702],[-82.7770416,9.6613221],[-82.7774187,9.6616383],[-82.7783807,9.6624174],[-82.7791418,9.6629645],[-82.7796617,9.6634067],[-82.7800424,9.6636441],[-82.7803603,9.6639686],[-82.7810373,9.6646018],[-82.7817187,9.6652077],[-82.7820307,9.6655374],[-82.7822042,9.6658664],[-82.7828188,9.6664451],[-82.7832913,9.6668754],[-82.7836216,9.6673419],[-82.7839736,9.6675297],[-82.7843644,9.667994],[-82.784729,9.6683931],[-82.7850348,9.6686311],[-82.7853352,9.6690806],[-82.785641,9.6691387],[-82.786121,9.6697837],[-82.7869177,9.6707728],[-82.7872664,9.6709737],[-82.7875898,9.6716799],[-82.7879159,9.6721008],[-82.7881944,9.6723275],[-82.7884144,9.6724227]]},"properties":{"osm_way_id":500512356,"highway":"residential","road_class":"local","name":"Calle Playa Negra","surface":"gravel","access":null,"source":"OpenStreetMap contributors"}},{"type":"Feature","id":"osm:way/500512358","geometry":{"type":"LineString","coordinates":[[-82.7729966,9.6586941],[-82.7730532,9.6586089],[-82.7730758,9.6585497],[-82.7731822,9.6582612]]},"properties":{"osm_way_id":500512358,"highway":"footway","road_class":"path","name":null,"surface":"wood","access":null,"source":"OpenStreetMap contributors"}},{"type":"Feature","id":"osm:way/500512359","geometry":{"type":"LineString","coordinates":[[-82.7837259,9.6600257],[-82.7839727,9.6601169],[-82.7841643,9.6602774],[-82.7845252,9.6606775],[-82.7846417,9.6608009],[-82.7850897,9.6610626],[-82.7855712,9.66132],[-82.7857012,9.6613429],[-82.7857858,9.6613094],[-82.7862954,9.661123],[-82.7863879,9.6611208],[-82.7864872,9.6611495],[-82.7871738,9.6616602],[-82.7873495,9.6617008],[-82.7875051,9.6617008],[-82.7878404,9.6617008],[-82.7880132,9.6617263],[-82.7883044,9.661833],[-82.7883781,9.6618321],[-82.7886772,9.6614945],[-82.7887455,9.6614804],[-82.7890286,9.6618171],[-82.7890608,9.661989],[-82.7890754,9.6622922],[-82.7891842,9.6624438],[-82.7893329,9.6625407],[-82.7896656,9.6626226],[-82.7899861,9.6626447],[-82.7904233,9.6626395],[-82.7908618,9.6626386],[-82.7917469,9.6625671],[-82.7918923,9.6626401],[-82.7920324,9.6628979],[-82.792929,9.6644171],[-82.7932746,9.6648499],[-82.7934894,9.6650524]]},"properties":{"osm_way_id":500512359,"highway":"residential","road_class":"local","name":"Calle Banana","surface":null,"access":null,"source":"OpenStreetMap contributors"}},{"type":"Feature","id":"osm:way/500512361","geometry":{"type":"LineString","coordinates":[[-82.7738574,9.6588658],[-82.773772,9.6590225],[-82.7737503,9.6590685]]},"properties":{"osm_way_id":500512361,"highway":"service","road_class":"local","name":null,"surface":null,"access":null,"source":"OpenStreetMap contributors"}},{"type":"Feature","id":"osm:way/531148447","geometry":{"type":"LineString","coordinates":[[-82.7859729,9.6470681],[-82.7860579,9.6475418],[-82.7859971,9.6477808],[-82.7859539,9.6479969],[-82.7859293,9.6481203]]},"properties":{"osm_way_id":531148447,"highway":"residential","road_class":"local","name":"Calle El Renuevo","surface":null,"access":null,"source":"OpenStreetMap contributors"}},{"type":"Feature","id":"osm:way/663302735","geometry":{"type":"LineString","coordinates":[[-82.7716415,9.6576417],[-82.7718986,9.6570425],[-82.7719544,9.6568197],[-82.7719778,9.6567086],[-82.7720127,9.6565975],[-82.7720502,9.6565182],[-82.7722195,9.656299],[-82.7727058,9.6557618],[-82.7728422,9.6555664],[-82.7731627,9.6549704]]},"properties":{"osm_way_id":663302735,"highway":"residential","road_class":"local","name":"Calle Perla Negra","surface":"gravel","access":null,"source":"OpenStreetMap contributors"}},{"type":"Feature","id":"osm:way/683753769","geometry":{"type":"LineString","coordinates":[[-82.7583841,9.6540079],[-82.7583016,9.6533486],[-82.758216,9.6532147],[-82.7580861,9.6530576],[-82.758033,9.6529528],[-82.7579799,9.6526502],[-82.7578736,9.6518587],[-82.7578529,9.6517103]]},"properties":{"osm_way_id":683753769,"highway":"service","road_class":"local","name":"Calle Pan Dulce","surface":"gravel","access":null,"source":"OpenStreetMap contributors"}},{"type":"Feature","id":"osm:way/776356427","geometry":{"type":"LineString","coordinates":[[-82.7381605,9.6375984],[-82.7385709,9.637445],[-82.7388445,9.6373551],[-82.7390429,9.637207],[-82.7393299,9.6368579],[-82.7397591,9.6365618],[-82.7398101,9.6364348],[-82.7397805,9.636218],[-82.7397752,9.6360329],[-82.7398074,9.6358478],[-82.7398235,9.635586],[-82.7398744,9.6352581],[-82.740038,9.6348138],[-82.7400465,9.6346235],[-82.7400515,9.6345097],[-82.7400112,9.6342585],[-82.7399846,9.6342022],[-82.7399308,9.6340655],[-82.7399039,9.6337905],[-82.7398986,9.6330712]]},"properties":{"osm_way_id":776356427,"highway":"residential","road_class":"local","name":null,"surface":null,"access":null,"source":"OpenStreetMap contributors"}},{"type":"Feature","id":"osm:way/776634844","geometry":{"type":"LineString","coordinates":[[-82.7504681,9.6573045],[-82.7504254,9.6572301],[-82.750141,9.6570336],[-82.7491937,9.6564501],[-82.7482215,9.6558413],[-82.7479962,9.6556853],[-82.7477414,9.6555266],[-82.7475643,9.6554208]]},"properties":{"osm_way_id":776634844,"highway":"residential","road_class":"local","name":"Calle 221","surface":null,"access":null,"source":"OpenStreetMap contributors"}},{"type":"Feature","id":"osm:way/776634845","geometry":{"type":"LineString","coordinates":[[-82.7505333,9.6560862],[-82.7510335,9.655782],[-82.7510914,9.6556985],[-82.7510995,9.655598],[-82.7510561,9.6554557],[-82.7509917,9.6553934],[-82.7508876,9.6553608]]},"properties":{"osm_way_id":776634845,"highway":"residential","road_class":"local","name":null,"surface":null,"access":null,"source":"OpenStreetMap contributors"}},{"type":"Feature","id":"osm:way/776636840","geometry":{"type":"LineString","coordinates":[[-82.7747498,9.656162],[-82.7744345,9.6571228],[-82.774368,9.6573638],[-82.7742614,9.6579236]]},"properties":{"osm_way_id":776636840,"highway":"residential","road_class":"local","name":"Calle Coco","surface":null,"access":null,"source":"OpenStreetMap contributors"}},{"type":"Feature","id":"osm:way/776636841","geometry":{"type":"LineString","coordinates":[[-82.7740753,9.6530993],[-82.7709068,9.6547011],[-82.7707586,9.6548018],[-82.7707139,9.6548793],[-82.7707101,9.6549829],[-82.7706816,9.6553557],[-82.7706321,9.6555931],[-82.7705833,9.6557283],[-82.7705058,9.6558246],[-82.7703517,9.6559426],[-82.7702051,9.6561211],[-82.7699157,9.6567677]]},"properties":{"osm_way_id":776636841,"highway":"residential","road_class":"local","name":"Calle El Jardín","surface":null,"access":null,"source":"OpenStreetMap contributors"}},{"type":"Feature","id":"osm:way/776636843","geometry":{"type":"LineString","coordinates":[[-82.783021,9.6506179],[-82.7825672,9.6511344],[-82.7824559,9.6512186],[-82.7822339,9.6513033],[-82.7797812,9.6517281],[-82.7791609,9.6518169],[-82.7790031,9.65183],[-82.7789303,9.6517713],[-82.7788923,9.6516522],[-82.7788544,9.6514779],[-82.7787901,9.6513632],[-82.7786546,9.6513221],[-82.7785904,9.6513024],[-82.7783225,9.6514347],[-82.778092,9.6515477],[-82.7774547,9.6518681],[-82.777369,9.651867],[-82.7772952,9.6518223],[-82.7771644,9.6516805],[-82.7763539,9.6507701],[-82.7761621,9.6505758],[-82.7761325,9.6505316],[-82.7761244,9.6504792],[-82.7760413,9.64986],[-82.775954,9.6491987]]},"properties":{"osm_way_id":776636843,"highway":"residential","road_class":"local","name":"Calle Cacao","surface":null,"access":null,"source":"OpenStreetMap contributors"}},{"type":"Feature","id":"osm:way/776636844","geometry":{"type":"LineString","coordinates":[[-82.7807454,9.6450842],[-82.7808805,9.6452208],[-82.7809819,9.645464],[-82.7810833,9.6457405],[-82.7811779,9.6458738],[-82.7814077,9.646157],[-82.7818634,9.646997]]},"properties":{"osm_way_id":776636844,"highway":"service","road_class":"local","name":null,"surface":null,"access":null,"source":"OpenStreetMap contributors"}},{"type":"Feature","id":"osm:way/776636845","geometry":{"type":"LineString","coordinates":[[-82.7661397,9.6514009],[-82.7656294,9.6524003],[-82.7656193,9.6524636],[-82.7656429,9.6525336],[-82.7658457,9.6526969],[-82.7658727,9.6527435],[-82.7658558,9.6528135],[-82.7657173,9.65302],[-82.7656159,9.6531999],[-82.7654402,9.6536963],[-82.7652205,9.6542493],[-82.7651732,9.6543293],[-82.7648036,9.6547933]]},"properties":{"osm_way_id":776636845,"highway":"residential","road_class":"local","name":"Calle Casa Amma","surface":null,"access":null,"source":"OpenStreetMap contributors"}},{"type":"Feature","id":"osm:way/776636846","geometry":{"type":"LineString","coordinates":[[-82.7612579,9.6540028],[-82.7616955,9.6523486]]},"properties":{"osm_way_id":776636846,"highway":"residential","road_class":"local","name":null,"surface":null,"access":null,"source":"OpenStreetMap contributors"}},{"type":"Feature","id":"osm:way/828606966","geometry":{"type":"LineString","coordinates":[[-82.75232,9.6011942],[-82.7539587,9.6012127],[-82.7545032,9.6011942],[-82.7548653,9.6012154],[-82.7552676,9.6013132],[-82.7559355,9.6015142],[-82.7561072,9.6015433],[-82.7562144,9.6015592],[-82.7563405,9.601546],[-82.7564438,9.6015288],[-82.7566463,9.6014825],[-82.7567683,9.6014772],[-82.7568635,9.6015116],[-82.7569896,9.6016412],[-82.7579311,9.6026012],[-82.7581,9.6027361],[-82.7581349,9.6027466],[-82.7581725,9.6027427],[-82.7582127,9.6027268],[-82.7589302,9.601817],[-82.7593821,9.6012365],[-82.7607471,9.5994087]]},"properties":{"osm_way_id":828606966,"highway":"residential","road_class":"local","name":"Calle Margarita","surface":null,"access":null,"source":"OpenStreetMap contributors"}},{"type":"Feature","id":"osm:way/887566495","geometry":{"type":"LineString","coordinates":[[-82.763619,9.649066],[-82.762543,9.6493586]]},"properties":{"osm_way_id":887566495,"highway":"residential","road_class":"local","name":null,"surface":null,"access":null,"source":"OpenStreetMap contributors"}},{"type":"Feature","id":"osm:way/887571419","geometry":{"type":"LineString","coordinates":[[-82.7509409,9.6587912],[-82.7506181,9.6588694],[-82.75022,9.6589776]]},"properties":{"osm_way_id":887571419,"highway":"secondary","road_class":"main","name":"Avenida 71","surface":"asphalt","access":null,"source":"OpenStreetMap contributors"}},{"type":"Feature","id":"osm:way/887571420","geometry":{"type":"LineString","coordinates":[[-82.7507991,9.6574527],[-82.7512214,9.6578684]]},"properties":{"osm_way_id":887571420,"highway":"residential","road_class":"local","name":"Calle 221","surface":null,"access":null,"source":"OpenStreetMap contributors"}},{"type":"Feature","id":"osm:way/887571421","geometry":{"type":"LineString","coordinates":[[-82.7497582,9.6590277],[-82.7499814,9.658532],[-82.7500282,9.6583243],[-82.750075,9.6580808],[-82.7500726,9.658019],[-82.7501604,9.6578624],[-82.7503028,9.6575981],[-82.7504466,9.6573944],[-82.7504681,9.6573045]]},"properties":{"osm_way_id":887571421,"highway":"residential","road_class":"local","name":"Avenida 67A","surface":null,"access":null,"source":"OpenStreetMap contributors"}},{"type":"Feature","id":"osm:way/887598887","geometry":{"type":"LineString","coordinates":[[-82.7726385,9.658164],[-82.7727605,9.6581547],[-82.7727985,9.6581285],[-82.7730299,9.6578715],[-82.7730989,9.6578442],[-82.7731759,9.6578349],[-82.7734194,9.6578483],[-82.7739126,9.6579197],[-82.7742614,9.6579236],[-82.7745821,9.6579141],[-82.7749126,9.6579591],[-82.7751323,9.6579685],[-82.7753326,9.6579535],[-82.7755303,9.6579544],[-82.7757984,9.658046],[-82.7763369,9.6583725],[-82.7765145,9.6584841]]},"properties":{"osm_way_id":887598887,"highway":"residential","road_class":"local","name":"Calle Banana","surface":"gravel","access":null,"source":"OpenStreetMap contributors"}},{"type":"Feature","id":"osm:way/887598888","geometry":{"type":"LineString","coordinates":[[-82.7868764,9.6579973],[-82.7869617,9.6582671],[-82.7870599,9.65859],[-82.7870867,9.658804],[-82.7870627,9.6594918]]},"properties":{"osm_way_id":887598888,"highway":"residential","road_class":"local","name":null,"surface":null,"access":null,"source":"OpenStreetMap contributors"}},{"type":"Feature","id":"osm:way/887598889","geometry":{"type":"LineString","coordinates":[[-82.7765145,9.6584841],[-82.7768728,9.6585893],[-82.7774296,9.6588049],[-82.7776783,9.6588271],[-82.7779932,9.6588112],[-82.7782542,9.6587234],[-82.7784217,9.6587357],[-82.7792156,9.6588838],[-82.7793324,9.6588636],[-82.7795963,9.6588045],[-82.7798045,9.6587578],[-82.7799076,9.6587754],[-82.7801156,9.6588742],[-82.7803892,9.6591412],[-82.780534,9.6592443],[-82.781415,9.6596215],[-82.781513,9.6596965],[-82.7816284,9.6598023],[-82.7817678,9.6598816],[-82.782197,9.6601143],[-82.782378,9.6601689],[-82.7828783,9.6602333],[-82.7830647,9.6602716],[-82.7834335,9.6603787],[-82.7835287,9.6603725],[-82.7835703,9.6603205],[-82.7837259,9.6600257]]},"properties":{"osm_way_id":887598889,"highway":"residential","road_class":"local","name":"Calle Banana","surface":null,"access":null,"source":"OpenStreetMap contributors"}},{"type":"Feature","id":"osm:way/887598890","geometry":{"type":"LineString","coordinates":[[-82.7846417,9.6608009],[-82.7841292,9.6613555],[-82.7840886,9.6614597],[-82.7840845,9.6615479]]},"properties":{"osm_way_id":887598890,"highway":"residential","road_class":"local","name":"Calle Pitaya","surface":null,"access":null,"source":"OpenStreetMap contributors"}},{"type":"Feature","id":"osm:way/906378538","geometry":{"type":"LineString","coordinates":[[-82.7522686,9.6000333],[-82.7514199,9.5984376],[-82.7502944,9.5958309],[-82.7501387,9.5954365],[-82.7501281,9.5953563],[-82.7501493,9.59529],[-82.7502803,9.5952062],[-82.7503617,9.595112],[-82.7503971,9.5950108],[-82.7504175,9.5948899]]},"properties":{"osm_way_id":906378538,"highway":"track","road_class":"local","name":null,"surface":null,"access":null,"source":"OpenStreetMap contributors"}},{"type":"Feature","id":"osm:way/906378542","geometry":{"type":"LineString","coordinates":[[-82.765421,9.6007624],[-82.7655589,9.6005948],[-82.7655673,9.6005632],[-82.7655594,9.600517],[-82.7655381,9.6004906],[-82.7648223,9.5999097]]},"properties":{"osm_way_id":906378542,"highway":"residential","road_class":"local","name":null,"surface":null,"access":null,"source":"OpenStreetMap contributors"}},{"type":"Feature","id":"osm:way/906378545","geometry":{"type":"LineString","coordinates":[[-82.7696623,9.6171212],[-82.7694928,9.6173946],[-82.7693788,9.6175495],[-82.7692217,9.6176072],[-82.7690276,9.6175951],[-82.7688581,9.6175283],[-82.7687903,9.6174584],[-82.7685808,9.6171516],[-82.7683898,9.6169177],[-82.768131,9.6167111],[-82.7679954,9.6165653],[-82.7679061,9.6164195],[-82.767866,9.6163162],[-82.7678753,9.6161613],[-82.7680817,9.6155628],[-82.7682481,9.6150008],[-82.7684021,9.6147912],[-82.7685531,9.6146728],[-82.7686794,9.614612],[-82.7688581,9.6145513],[-82.7689906,9.6144753],[-82.76908,9.6143265],[-82.769197,9.6141199],[-82.7693881,9.6138526],[-82.7696284,9.6136338],[-82.7699118,9.6134516],[-82.7700566,9.6133604],[-82.7703309,9.613327],[-82.7704695,9.6132632],[-82.7706667,9.612999],[-82.7707283,9.6127347],[-82.770716,9.6125767],[-82.7705404,9.6121666],[-82.7704911,9.6119479],[-82.7705434,9.6117747],[-82.770679,9.6115864],[-82.7708546,9.6114709],[-82.771098,9.6114071],[-82.7713106,9.611392],[-82.7713938,9.6113616],[-82.7714462,9.6113069],[-82.7714585,9.6112158],[-82.7714092,9.6111337],[-82.7711011,9.6107905],[-82.770451,9.6102528],[-82.7702076,9.6100462],[-82.7700628,9.6098336],[-82.7699581,9.6095845],[-82.7699088,9.6092564],[-82.7699396,9.6089678],[-82.7700597,9.6086154],[-82.7701984,9.6083177],[-82.7703309,9.6081719],[-82.7706174,9.6079683],[-82.7711104,9.6076372],[-82.7715417,9.6072727],[-82.7717019,9.6072119],[-82.7718714,9.6072058],[-82.7720039,9.6071785],[-82.772198,9.6070995],[-82.7724753,9.606899],[-82.7725122,9.6067927],[-82.7725615,9.6066438],[-82.7726262,9.6064616],[-82.7730091,9.6061753],[-82.7731847,9.6060507],[-82.7732803,9.6059262],[-82.7732987,9.6058168],[-82.7732556,9.6056953],[-82.7731786,9.6055161],[-82.773043,9.6053399],[-82.7729198,9.6052123],[-82.7728058,9.6050756],[-82.772775,9.6049419],[-82.7728017,9.6045499]]},"properties":{"osm_way_id":906378545,"highway":"unclassified","road_class":"local","name":"Calle Reserva Keköldi","surface":null,"access":null,"source":"OpenStreetMap contributors"}},{"type":"Feature","id":"osm:way/906378551","geometry":{"type":"LineString","coordinates":[[-82.7753479,9.5996321],[-82.7757788,9.6003737],[-82.7757951,9.6004739],[-82.7757666,9.6005581],[-82.7757016,9.6006142],[-82.7755877,9.6006142],[-82.7735591,9.6005781],[-82.7735103,9.5998846],[-82.7734842,9.5996243],[-82.7732915,9.5979298]]},"properties":{"osm_way_id":906378551,"highway":"track","road_class":"local","name":null,"surface":null,"access":null,"source":"OpenStreetMap contributors"}},{"type":"Feature","id":"osm:way/906378552","geometry":{"type":"LineString","coordinates":[[-82.7735591,9.6005781],[-82.7735062,9.6016845]]},"properties":{"osm_way_id":906378552,"highway":"track","road_class":"local","name":null,"surface":null,"access":null,"source":"OpenStreetMap contributors"}},{"type":"Feature","id":"osm:way/906378553","geometry":{"type":"LineString","coordinates":[[-82.7734842,9.5996243],[-82.7702293,9.6001695]]},"properties":{"osm_way_id":906378553,"highway":"track","road_class":"local","name":null,"surface":null,"access":null,"source":"OpenStreetMap contributors"}},{"type":"Feature","id":"osm:way/906378554","geometry":{"type":"LineString","coordinates":[[-82.7801361,9.6039399],[-82.7797414,9.6054586]]},"properties":{"osm_way_id":906378554,"highway":"track","road_class":"local","name":null,"surface":null,"access":null,"source":"OpenStreetMap contributors"}},{"type":"Feature","id":"osm:way/906378555","geometry":{"type":"LineString","coordinates":[[-82.7814397,9.6045105],[-82.7810416,9.6064186]]},"properties":{"osm_way_id":906378555,"highway":"track","road_class":"local","name":null,"surface":null,"access":null,"source":"OpenStreetMap contributors"}},{"type":"Feature","id":"osm:way/907077488","geometry":{"type":"LineString","coordinates":[[-82.7881789,9.6471609],[-82.7878872,9.6478595],[-82.7877725,9.6482323],[-82.7877806,9.6484688],[-82.787938,9.6490094],[-82.7880205,9.6491676],[-82.7880823,9.6491983],[-82.7881589,9.6491831],[-82.7882614,9.6490957],[-82.7886773,9.6485202],[-82.7888338,9.6483427],[-82.7893859,9.6476606]]},"properties":{"osm_way_id":907077488,"highway":"residential","road_class":"local","name":"Calle Quebrada Hotel","surface":null,"access":null,"source":"OpenStreetMap contributors"}},{"type":"Feature","id":"osm:way/907077489","geometry":{"type":"LineString","coordinates":[[-82.7878872,9.6478595],[-82.7888338,9.6483427]]},"properties":{"osm_way_id":907077489,"highway":"residential","road_class":"local","name":null,"surface":null,"access":null,"source":"OpenStreetMap contributors"}},{"type":"Feature","id":"osm:way/907077490","geometry":{"type":"LineString","coordinates":[[-82.7877725,9.6482323],[-82.787679,9.6483125],[-82.787557,9.6483325],[-82.7872114,9.6483005],[-82.7870651,9.6483005],[-82.7870082,9.6483486],[-82.7867155,9.6489738]]},"properties":{"osm_way_id":907077490,"highway":"residential","road_class":"local","name":null,"surface":null,"access":null,"source":"OpenStreetMap contributors"}},{"type":"Feature","id":"osm:way/907077491","geometry":{"type":"LineString","coordinates":[[-82.7872114,9.6483005],[-82.7873104,9.64889]]},"properties":{"osm_way_id":907077491,"highway":"residential","road_class":"local","name":null,"surface":null,"access":null,"source":"OpenStreetMap contributors"}},{"type":"Feature","id":"osm:way/907077492","geometry":{"type":"LineString","coordinates":[[-82.7860579,9.6475418],[-82.7862501,9.6475682],[-82.7865084,9.6476275],[-82.7866606,9.6476868]]},"properties":{"osm_way_id":907077492,"highway":"residential","road_class":"local","name":null,"surface":null,"access":null,"source":"OpenStreetMap contributors"}},{"type":"Feature","id":"osm:way/907077493","geometry":{"type":"LineString","coordinates":[[-82.7859539,9.6479969],[-82.7864872,9.6481613]]},"properties":{"osm_way_id":907077493,"highway":"residential","road_class":"local","name":null,"surface":null,"access":null,"source":"OpenStreetMap contributors"}},{"type":"Feature","id":"osm:way/907077494","geometry":{"type":"LineString","coordinates":[[-82.7826398,9.6471223],[-82.7827464,9.6467604],[-82.7829022,9.6463592],[-82.7830473,9.646087],[-82.7831641,9.6459963],[-82.78338,9.6458532],[-82.7835215,9.6457311],[-82.7835958,9.645616],[-82.7837721,9.6452874],[-82.7838542,9.6451345],[-82.7840524,9.6452356]]},"properties":{"osm_way_id":907077494,"highway":"residential","road_class":"local","name":"Calle Rincón","surface":null,"access":null,"source":"OpenStreetMap contributors"}},{"type":"Feature","id":"osm:way/907077495","geometry":{"type":"LineString","coordinates":[[-82.7837721,9.6452874],[-82.7834917,9.6451683],[-82.7834614,9.6451554],[-82.7832525,9.6449949],[-82.7833375,9.6444855]]},"properties":{"osm_way_id":907077495,"highway":"residential","road_class":"local","name":null,"surface":null,"access":null,"source":"OpenStreetMap contributors"}},{"type":"Feature","id":"osm:way/907077496","geometry":{"type":"LineString","coordinates":[[-82.7834917,9.6451683],[-82.7836596,9.6445727]]},"properties":{"osm_way_id":907077496,"highway":"residential","road_class":"local","name":null,"surface":null,"access":null,"source":"OpenStreetMap contributors"}},{"type":"Feature","id":"osm:way/907077497","geometry":{"type":"LineString","coordinates":[[-82.7838542,9.6451345],[-82.783794,9.6450996],[-82.7840241,9.6446495]]},"properties":{"osm_way_id":907077497,"highway":"residential","road_class":"local","name":null,"surface":null,"access":null,"source":"OpenStreetMap contributors"}},{"type":"Feature","id":"osm:way/907077498","geometry":{"type":"LineString","coordinates":[[-82.7879535,9.6470676],[-82.788805,9.6449126],[-82.788927,9.6443595],[-82.7889839,9.6435499],[-82.789063,9.6430875],[-82.7893254,9.6421791],[-82.7896081,9.6414586]]},"properties":{"osm_way_id":907077498,"highway":"residential","road_class":"local","name":"Calle Reserva Keköldi","surface":null,"access":null,"source":"OpenStreetMap contributors"}},{"type":"Feature","id":"osm:way/994051686","geometry":{"type":"LineString","coordinates":[[-82.7517369,9.6371383],[-82.7512434,9.6372017],[-82.7511468,9.6371065],[-82.7509966,9.6370008],[-82.7507713,9.6371171],[-82.7503636,9.6371277],[-82.7502349,9.6371277],[-82.7500847,9.6372758],[-82.7498915,9.6373815],[-82.7495482,9.6373815],[-82.7493336,9.6372969],[-82.7491405,9.6372652],[-82.7486899,9.6370113]]},"properties":{"osm_way_id":994051686,"highway":"path","road_class":"path","name":"Calle Reserva Indígena","surface":null,"access":null,"source":"OpenStreetMap contributors"}},{"type":"Feature","id":"osm:way/1008256273","geometry":{"type":"LineString","coordinates":[[-82.7484434,9.6569148],[-82.7487707,9.6571188],[-82.7500726,9.658019]]},"properties":{"osm_way_id":1008256273,"highway":"residential","road_class":"local","name":"Badawi Street","surface":null,"access":null,"source":"OpenStreetMap contributors"}},{"type":"Feature","id":"osm:way/1008256274","geometry":{"type":"LineString","coordinates":[[-82.7487707,9.6571188],[-82.7485029,9.6574824]]},"properties":{"osm_way_id":1008256274,"highway":"service","road_class":"local","name":null,"surface":null,"access":null,"source":"OpenStreetMap contributors"}},{"type":"Feature","id":"osm:way/1021707868","geometry":{"type":"LineString","coordinates":[[-82.7600221,9.6539092],[-82.7599852,9.6532834],[-82.759973,9.6525539],[-82.7600299,9.6521612],[-82.7600991,9.6519688]]},"properties":{"osm_way_id":1021707868,"highway":"service","road_class":"local","name":"Calle Pizote","surface":null,"access":null,"source":"OpenStreetMap contributors"}},{"type":"Feature","id":"osm:way/1021708327","geometry":{"type":"LineString","coordinates":[[-82.7860988,9.6014294],[-82.7867534,9.6002829]]},"properties":{"osm_way_id":1021708327,"highway":"unclassified","road_class":"local","name":"Calle Loma Tigre","surface":null,"access":null,"source":"OpenStreetMap contributors"}},{"type":"Feature","id":"osm:way/1083865245","geometry":{"type":"LineString","coordinates":[[-82.7479125,9.5998154],[-82.7476314,9.6018343]]},"properties":{"osm_way_id":1083865245,"highway":"unclassified","road_class":"local","name":"Calle Escuela","surface":null,"access":null,"source":"OpenStreetMap contributors"}},{"type":"Feature","id":"osm:way/1083866059","geometry":{"type":"LineString","coordinates":[[-82.7887052,9.6103179],[-82.7885273,9.6109065]]},"properties":{"osm_way_id":1083866059,"highway":"unclassified","road_class":"local","name":null,"surface":null,"access":null,"source":"OpenStreetMap contributors"}},{"type":"Feature","id":"osm:way/1083877778","geometry":{"type":"LineString","coordinates":[[-82.7893385,9.6104938],[-82.7899189,9.6090438]]},"properties":{"osm_way_id":1083877778,"highway":"service","road_class":"local","name":null,"surface":null,"access":null,"source":"OpenStreetMap contributors"}},{"type":"Feature","id":"osm:way/1084287444","geometry":{"type":"LineString","coordinates":[[-82.7697311,9.6520792],[-82.7693305,9.6505747],[-82.7692817,9.6505386],[-82.7691842,9.6505626],[-82.7690256,9.6506628],[-82.7685662,9.6511238],[-82.7683589,9.6513121],[-82.7682328,9.6513682],[-82.7680133,9.6515085],[-82.7679198,9.6516047],[-82.7679157,9.6516728],[-82.7679239,9.651757]]},"properties":{"osm_way_id":1084287444,"highway":"residential","road_class":"local","name":"Calle Pamela Robinson","surface":null,"access":null,"source":"OpenStreetMap contributors"}},{"type":"Feature","id":"osm:way/1084287445","geometry":{"type":"LineString","coordinates":[[-82.7698039,9.6532786],[-82.7701159,9.6528672],[-82.7701266,9.6528275],[-82.7701132,9.6527826],[-82.7698125,9.6524649],[-82.7695922,9.652189]]},"properties":{"osm_way_id":1084287445,"highway":"residential","road_class":"local","name":null,"surface":null,"access":null,"source":"OpenStreetMap contributors"}},{"type":"Feature","id":"osm:way/1084287446","geometry":{"type":"LineString","coordinates":[[-82.7702382,9.6523481],[-82.7698536,9.6519842]]},"properties":{"osm_way_id":1084287446,"highway":"service","road_class":"local","name":null,"surface":null,"access":null,"source":"OpenStreetMap contributors"}},{"type":"Feature","id":"osm:way/1084287447","geometry":{"type":"LineString","coordinates":[[-82.7704194,9.6516442],[-82.7704553,9.6498098],[-82.7704694,9.6496144],[-82.7705331,9.6495097],[-82.7707313,9.6493911],[-82.7710074,9.6493074],[-82.7712197,9.6492864],[-82.7717719,9.6492515],[-82.7723806,9.6492027],[-82.7726071,9.6491538],[-82.7728902,9.6490143],[-82.7731238,9.6488608],[-82.7733362,9.6486375],[-82.7736547,9.6483234],[-82.7739874,9.6479885],[-82.774136,9.6477652],[-82.7741856,9.6476047],[-82.7741927,9.6473465],[-82.774129,9.647193],[-82.7740865,9.6469766],[-82.7741431,9.6466277],[-82.7742068,9.6463695],[-82.7743484,9.6461183],[-82.7745324,9.6459299],[-82.7748722,9.6455461],[-82.7756862,9.6448343]]},"properties":{"osm_way_id":1084287447,"highway":"residential","road_class":"local","name":"Calle El Tanque","surface":"pebblestone","access":null,"source":"OpenStreetMap contributors"}},{"type":"Feature","id":"osm:way/1084291447","geometry":{"type":"LineString","coordinates":[[-82.7701074,9.6555733],[-82.7695261,9.6556976],[-82.7694,9.6557056],[-82.769274,9.6556615],[-82.769152,9.6556655],[-82.769023,9.6556969]]},"properties":{"osm_way_id":1084291447,"highway":"service","road_class":"local","name":"Calle Tortuga Verde","surface":null,"access":null,"source":"OpenStreetMap contributors"}},{"type":"Feature","id":"osm:way/1084291448","geometry":{"type":"LineString","coordinates":[[-82.7689776,9.6548178],[-82.7684648,9.6547637],[-82.7684041,9.6547476],[-82.7683738,9.6547108],[-82.7683691,9.6546601],[-82.7684625,9.6543241],[-82.768661,9.6538314],[-82.7686937,9.6538038],[-82.768745,9.6538084],[-82.7695124,9.6540605],[-82.7697879,9.6541848],[-82.7698432,9.6542004],[-82.7694341,9.6547602],[-82.7693571,9.6548362],[-82.769294,9.6548592],[-82.7692123,9.6548592],[-82.7689776,9.6548178]]},"properties":{"osm_way_id":1084291448,"highway":"residential","road_class":"local","name":null,"surface":null,"access":null,"source":"OpenStreetMap contributors"}},{"type":"Feature","id":"osm:way/1084291449","geometry":{"type":"LineString","coordinates":[[-82.7698432,9.6542004],[-82.7702011,9.6538847],[-82.7703131,9.6537872],[-82.7703685,9.6537479],[-82.7703945,9.6537073],[-82.7704054,9.6536519],[-82.7704145,9.6534857]]},"properties":{"osm_way_id":1084291449,"highway":"residential","road_class":"local","name":null,"surface":null,"access":null,"source":"OpenStreetMap contributors"}},{"type":"Feature","id":"osm:way/1084291450","geometry":{"type":"LineString","coordinates":[[-82.7701692,9.6568595],[-82.7703887,9.6566343],[-82.7705376,9.6565836],[-82.7707497,9.6565497],[-82.770887,9.6564774],[-82.7710264,9.6562924],[-82.771738,9.6552524],[-82.7718088,9.6551931],[-82.7719008,9.6551582],[-82.7722821,9.655016],[-82.7725004,9.6549263],[-82.7726851,9.6548413],[-82.7729435,9.6546843],[-82.7730214,9.6546355],[-82.7731098,9.6546285],[-82.7731877,9.6546599],[-82.7732089,9.6547227],[-82.7732196,9.6548169],[-82.7731627,9.6549704]]},"properties":{"osm_way_id":1084291450,"highway":"residential","road_class":"local","name":"Calle Perla Negra","surface":null,"access":null,"source":"OpenStreetMap contributors"}},{"type":"Feature","id":"osm:way/1084294201","geometry":{"type":"LineString","coordinates":[[-82.7732496,9.6562774],[-82.7729126,9.6573545],[-82.7728265,9.6576311]]},"properties":{"osm_way_id":1084294201,"highway":"residential","road_class":"local","name":null,"surface":null,"access":null,"source":"OpenStreetMap contributors"}},{"type":"Feature","id":"osm:way/1084294202","geometry":{"type":"LineString","coordinates":[[-82.7729126,9.6573545],[-82.7719544,9.6568197]]},"properties":{"osm_way_id":1084294202,"highway":"residential","road_class":"local","name":null,"surface":null,"access":null,"source":"OpenStreetMap contributors"}},{"type":"Feature","id":"osm:way/1084294203","geometry":{"type":"LineString","coordinates":[[-82.7750803,9.6550045],[-82.7749227,9.6550589],[-82.7747335,9.6550656]]},"properties":{"osm_way_id":1084294203,"highway":"residential","road_class":"local","name":null,"surface":null,"access":null,"source":"OpenStreetMap contributors"}},{"type":"Feature","id":"osm:way/1084294204","geometry":{"type":"LineString","coordinates":[[-82.7761672,9.6556773],[-82.7776817,9.6556334]]},"properties":{"osm_way_id":1084294204,"highway":"service","road_class":"local","name":null,"surface":null,"access":null,"source":"OpenStreetMap contributors"}},{"type":"Feature","id":"osm:way/1104791862","geometry":{"type":"LineString","coordinates":[[-82.7739021,9.6542393],[-82.7738599,9.6542543],[-82.7732196,9.6548169]]},"properties":{"osm_way_id":1104791862,"highway":"residential","road_class":"local","name":null,"surface":null,"access":null,"source":"OpenStreetMap contributors"}},{"type":"Feature","id":"osm:way/1104791863","geometry":{"type":"LineString","coordinates":[[-82.7747335,9.6550656],[-82.7746627,9.654892],[-82.7744454,9.6545853],[-82.7739573,9.6542415],[-82.7739021,9.6542393]]},"properties":{"osm_way_id":1104791863,"highway":"residential","road_class":"local","name":null,"surface":null,"access":null,"source":"OpenStreetMap contributors"}},{"type":"Feature","id":"osm:way/1121093075","geometry":{"type":"LineString","coordinates":[[-82.7415992,9.6563869],[-82.7411587,9.6560791],[-82.7412191,9.6559625],[-82.7413376,9.6559221]]},"properties":{"osm_way_id":1121093075,"highway":"path","road_class":"path","name":null,"surface":null,"access":null,"source":"OpenStreetMap contributors"}},{"type":"Feature","id":"osm:way/1121093076","geometry":{"type":"LineString","coordinates":[[-82.7412594,9.6565382],[-82.7413701,9.6564365],[-82.7415992,9.6563869],[-82.7422066,9.6562923]]},"properties":{"osm_way_id":1121093076,"highway":"path","road_class":"path","name":null,"surface":null,"access":null,"source":"OpenStreetMap contributors"}},{"type":"Feature","id":"osm:way/1122307565","geometry":{"type":"LineString","coordinates":[[-82.7868764,9.6579973],[-82.7873331,9.657905],[-82.7881359,9.6577345]]},"properties":{"osm_way_id":1122307565,"highway":"residential","road_class":"local","name":"Calle Sonora","surface":"gravel","access":null,"source":"OpenStreetMap contributors"}},{"type":"Feature","id":"osm:way/1122307566","geometry":{"type":"LineString","coordinates":[[-82.7747335,9.6550656],[-82.7745592,9.6551168],[-82.7744035,9.655251]]},"properties":{"osm_way_id":1122307566,"highway":"residential","road_class":"local","name":null,"surface":null,"access":null,"source":"OpenStreetMap contributors"}},{"type":"Feature","id":"osm:way/1122307567","geometry":{"type":"LineString","coordinates":[[-82.7762296,9.6552951],[-82.7756066,9.6551467],[-82.7750803,9.6550045]]},"properties":{"osm_way_id":1122307567,"highway":"residential","road_class":"local","name":null,"surface":null,"access":null,"source":"OpenStreetMap contributors"}},{"type":"Feature","id":"osm:way/1122503046","geometry":{"type":"LineString","coordinates":[[-82.7825252,9.647102],[-82.7825189,9.6473559],[-82.7828515,9.6483819],[-82.783007,9.6486833],[-82.7834684,9.64908],[-82.7839673,9.6497727],[-82.784332,9.6501112],[-82.7845627,9.6507194],[-82.7850401,9.6515867],[-82.784949,9.6522425],[-82.7846432,9.6526761],[-82.7836588,9.653759]]},"properties":{"osm_way_id":1122503046,"highway":"service","road_class":"local","name":null,"surface":"unpaved","access":null,"source":"OpenStreetMap contributors"}},{"type":"Feature","id":"osm:way/1122503047","geometry":{"type":"LineString","coordinates":[[-82.7442545,9.6551617],[-82.7445978,9.6543922],[-82.7447384,9.6543637]]},"properties":{"osm_way_id":1122503047,"highway":"service","road_class":"local","name":null,"surface":null,"access":null,"source":"OpenStreetMap contributors"}},{"type":"Feature","id":"osm:way/1122503048","geometry":{"type":"LineString","coordinates":[[-82.7452986,9.6545975],[-82.7450591,9.6552357]]},"properties":{"osm_way_id":1122503048,"highway":"service","road_class":"local","name":null,"surface":null,"access":null,"source":"OpenStreetMap contributors"}},{"type":"Feature","id":"osm:way/1122529623","geometry":{"type":"LineString","coordinates":[[-82.7625914,9.6495228],[-82.7619155,9.6496233],[-82.7612249,9.6497225]]},"properties":{"osm_way_id":1122529623,"highway":"residential","road_class":"local","name":null,"surface":null,"access":null,"source":"OpenStreetMap contributors"}},{"type":"Feature","id":"osm:way/1122529624","geometry":{"type":"LineString","coordinates":[[-82.7679239,9.651757],[-82.7681068,9.6519253],[-82.7683507,9.6521217],[-82.7689234,9.6527035]]},"properties":{"osm_way_id":1122529624,"highway":"residential","road_class":"local","name":"Calle Pamela Robinson","surface":null,"access":null,"source":"OpenStreetMap contributors"}},{"type":"Feature","id":"osm:way/1122529625","geometry":{"type":"LineString","coordinates":[[-82.7679239,9.651757],[-82.7674744,9.6515708],[-82.7673,9.651592],[-82.7670908,9.6519357]]},"properties":{"osm_way_id":1122529625,"highway":"residential","road_class":"local","name":null,"surface":null,"access":null,"source":"OpenStreetMap contributors"}},{"type":"Feature","id":"osm:way/1122529626","geometry":{"type":"LineString","coordinates":[[-82.7763539,9.6507701],[-82.7773288,9.6502461]]},"properties":{"osm_way_id":1122529626,"highway":"residential","road_class":"local","name":null,"surface":null,"access":null,"source":"OpenStreetMap contributors"}},{"type":"Feature","id":"osm:way/1122529627","geometry":{"type":"LineString","coordinates":[[-82.7771644,9.6516805],[-82.776492,9.6520838]]},"properties":{"osm_way_id":1122529627,"highway":"residential","road_class":"local","name":null,"surface":null,"access":null,"source":"OpenStreetMap contributors"}},{"type":"Feature","id":"osm:way/1185180129","geometry":{"type":"LineString","coordinates":[[-82.7779832,9.6508463],[-82.7773824,9.6511649]]},"properties":{"osm_way_id":1185180129,"highway":"residential","road_class":"local","name":null,"surface":null,"access":null,"source":"OpenStreetMap contributors"}},{"type":"Feature","id":"osm:way/1185180130","geometry":{"type":"LineString","coordinates":[[-82.7783225,9.6514347],[-82.7782059,9.6512033],[-82.7780168,9.6508913],[-82.7779832,9.6508463],[-82.7778317,9.6506387],[-82.7776507,9.6503915],[-82.7775219,9.6502143],[-82.7774803,9.6501932],[-82.7774254,9.6501998],[-82.7773288,9.6502461]]},"properties":{"osm_way_id":1185180130,"highway":"residential","road_class":"local","name":null,"surface":null,"access":null,"source":"OpenStreetMap contributors"}},{"type":"Feature","id":"osm:way/1185180131","geometry":{"type":"LineString","coordinates":[[-82.7760413,9.64986],[-82.7760816,9.6498415],[-82.7762318,9.6497661],[-82.7763712,9.6496947],[-82.7768084,9.6495136],[-82.7771477,9.6493788]]},"properties":{"osm_way_id":1185180131,"highway":"residential","road_class":"local","name":null,"surface":null,"access":null,"source":"OpenStreetMap contributors"}},{"type":"Feature","id":"osm:way/1185434716","geometry":{"type":"LineString","coordinates":[[-82.7629599,9.651045],[-82.7635764,9.6510241]]},"properties":{"osm_way_id":1185434716,"highway":"service","road_class":"local","name":null,"surface":null,"access":null,"source":"OpenStreetMap contributors"}},{"type":"Feature","id":"osm:way/1185912584","geometry":{"type":"LineString","coordinates":[[-82.7774231,9.6485002],[-82.7768219,9.6477843],[-82.7768245,9.6477287],[-82.7768581,9.6476864],[-82.7773288,9.6475331],[-82.7774039,9.6474987],[-82.777428,9.6474484]]},"properties":{"osm_way_id":1185912584,"highway":"residential","road_class":"local","name":null,"surface":null,"access":null,"source":"OpenStreetMap contributors"}},{"type":"Feature","id":"osm:way/1189097806","geometry":{"type":"LineString","coordinates":[[-82.7795963,9.6588045],[-82.7794907,9.6579302]]},"properties":{"osm_way_id":1189097806,"highway":"service","road_class":"local","name":null,"surface":null,"access":null,"source":"OpenStreetMap contributors"}},{"type":"Feature","id":"osm:way/1214908917","geometry":{"type":"LineString","coordinates":[[-82.7764676,9.6541189],[-82.7764174,9.6543855],[-82.7763136,9.6548595],[-82.7762296,9.6552951],[-82.7761672,9.6556773],[-82.7760612,9.6561592],[-82.7757359,9.6570468],[-82.7756748,9.657251],[-82.7755303,9.6579544]]},"properties":{"osm_way_id":1214908917,"highway":"residential","road_class":"local","name":"Calle Vikingo","surface":"gravel","access":null,"source":"OpenStreetMap contributors"}},{"type":"Feature","id":"osm:way/1238214852","geometry":{"type":"LineString","coordinates":[[-82.7856163,9.6552148],[-82.7864429,9.6548444]]},"properties":{"osm_way_id":1238214852,"highway":"residential","road_class":"local","name":null,"surface":null,"access":null,"source":"OpenStreetMap contributors"}},{"type":"Feature","id":"osm:way/1238214853","geometry":{"type":"LineString","coordinates":[[-82.7863796,9.6567983],[-82.7873334,9.6562564],[-82.787827,9.656152]]},"properties":{"osm_way_id":1238214853,"highway":"residential","road_class":"local","name":null,"surface":null,"access":null,"source":"OpenStreetMap contributors"}},{"type":"Feature","id":"osm:way/1238214854","geometry":{"type":"LineString","coordinates":[[-82.7852171,9.6549],[-82.7851903,9.6542997],[-82.7851957,9.65426],[-82.7852359,9.6541543],[-82.7860621,9.6528771]]},"properties":{"osm_way_id":1238214854,"highway":"service","road_class":"local","name":null,"surface":null,"access":null,"source":"OpenStreetMap contributors"}},{"type":"Feature","id":"osm:way/1238214855","geometry":{"type":"LineString","coordinates":[[-82.784439,9.6544215],[-82.7833973,9.6555002],[-82.7828863,9.6561467],[-82.7828632,9.6561559],[-82.7828287,9.656148],[-82.7824538,9.6559986]]},"properties":{"osm_way_id":1238214855,"highway":"residential","road_class":"local","name":null,"surface":null,"access":null,"source":"OpenStreetMap contributors"}},{"type":"Feature","id":"osm:way/1238214856","geometry":{"type":"LineString","coordinates":[[-82.783942,9.6539995],[-82.783121,9.6548827],[-82.7825953,9.655442]]},"properties":{"osm_way_id":1238214856,"highway":"residential","road_class":"local","name":null,"surface":null,"access":null,"source":"OpenStreetMap contributors"}},{"type":"Feature","id":"osm:way/1252376031","geometry":{"type":"LineString","coordinates":[[-82.7880845,9.6572215],[-82.7881622,9.6576525],[-82.7881359,9.6577345]]},"properties":{"osm_way_id":1252376031,"highway":"residential","road_class":"local","name":null,"surface":null,"access":null,"source":"OpenStreetMap contributors"}},{"type":"Feature","id":"osm:way/1252376032","geometry":{"type":"LineString","coordinates":[[-82.7860862,9.6584269],[-82.7854317,9.6577266],[-82.7853954,9.6576719],[-82.78548,9.657285]]},"properties":{"osm_way_id":1252376032,"highway":"residential","road_class":"local","name":null,"surface":null,"access":null,"source":"OpenStreetMap contributors"}},{"type":"Feature","id":"osm:way/1252376033","geometry":{"type":"LineString","coordinates":[[-82.7876419,9.6596991],[-82.7872422,9.6597732],[-82.7871054,9.6597705],[-82.7870491,9.6597441],[-82.7870627,9.6594918]]},"properties":{"osm_way_id":1252376033,"highway":"residential","road_class":"local","name":null,"surface":null,"access":null,"source":"OpenStreetMap contributors"}},{"type":"Feature","id":"osm:way/1275911951","geometry":{"type":"LineString","coordinates":[[-82.763881,9.6499265],[-82.7634186,9.6500907],[-82.7628209,9.6504866]]},"properties":{"osm_way_id":1275911951,"highway":"track","road_class":"local","name":null,"surface":null,"access":null,"source":"OpenStreetMap contributors"}},{"type":"Feature","id":"osm:way/1275911952","geometry":{"type":"LineString","coordinates":[[-82.7654709,9.649504],[-82.7649334,9.6498049],[-82.7645436,9.6498891],[-82.7641677,9.6498223],[-82.763881,9.6499265]]},"properties":{"osm_way_id":1275911952,"highway":"track","road_class":"local","name":null,"surface":null,"access":null,"source":"OpenStreetMap contributors"}},{"type":"Feature","id":"osm:way/1344502679","geometry":{"type":"LineString","coordinates":[[-82.783522,9.6478914],[-82.7834576,9.6477142],[-82.7834187,9.647578],[-82.7834262,9.6472546]]},"properties":{"osm_way_id":1344502679,"highway":"residential","road_class":"local","name":null,"surface":null,"access":null,"source":"OpenStreetMap contributors"}},{"type":"Feature","id":"osm:way/1390673916","geometry":{"type":"LineString","coordinates":[[-82.7687143,9.6555512],[-82.7689776,9.6548178]]},"properties":{"osm_way_id":1390673916,"highway":"residential","road_class":"local","name":null,"surface":null,"access":null,"source":"OpenStreetMap contributors"}},{"type":"Feature","id":"osm:way/1417187448","geometry":{"type":"LineString","coordinates":[[-82.7528953,9.6539659],[-82.752682,9.6542944],[-82.7523547,9.654576]]},"properties":{"osm_way_id":1417187448,"highway":"service","road_class":"local","name":null,"surface":null,"access":null,"source":"OpenStreetMap contributors"}},{"type":"Feature","id":"osm:way/1441837829","geometry":{"type":"LineString","coordinates":[[-82.7782542,9.6587234],[-82.7781147,9.6577213],[-82.7781066,9.6576261],[-82.7782568,9.6573485],[-82.7782568,9.657285],[-82.7782729,9.6571449],[-82.7785009,9.6566795]]},"properties":{"osm_way_id":1441837829,"highway":"service","road_class":"local","name":null,"surface":null,"access":null,"source":"OpenStreetMap contributors"}},{"type":"Feature","id":"osm:way/1442050093","geometry":{"type":"LineString","coordinates":[[-82.7557406,9.6568253],[-82.7557293,9.6570797],[-82.7557337,9.6572103],[-82.7557129,9.6572619],[-82.7556284,9.6573207],[-82.7554835,9.6574384],[-82.7554339,9.6574569],[-82.755243,9.6574322]]},"properties":{"osm_way_id":1442050093,"highway":"footway","road_class":"path","name":null,"surface":null,"access":null,"source":"OpenStreetMap contributors"}},{"type":"Feature","id":"osm:way/1466783952","geometry":{"type":"LineString","coordinates":[[-82.7834335,9.6603787],[-82.7834362,9.6605836],[-82.7834912,9.6608163],[-82.783585,9.6611495]]},"properties":{"osm_way_id":1466783952,"highway":"service","road_class":"local","name":null,"surface":null,"access":null,"source":"OpenStreetMap contributors"}},{"type":"Feature","id":"osm:way/1508748279","geometry":{"type":"LineString","coordinates":[[-82.7553346,9.6534905],[-82.7553176,9.6534226],[-82.7551221,9.6526219],[-82.75498,9.6522359],[-82.7549079,9.6518728],[-82.754886,9.6517625]]},"properties":{"osm_way_id":1508748279,"highway":"residential","road_class":"local","name":"Calle 209","surface":"unpaved","access":null,"source":"OpenStreetMap contributors"}},{"type":"Feature","id":"osm:way/1508748280","geometry":{"type":"LineString","coordinates":[[-82.7553598,9.6535911],[-82.7553346,9.6534905]]},"properties":{"osm_way_id":1508748280,"highway":"residential","road_class":"local","name":"Calle 209","surface":"unpaved","access":null,"source":"OpenStreetMap contributors"}},{"type":"Feature","id":"osm:way/1508748283","geometry":{"type":"LineString","coordinates":[[-82.7529385,9.6533213],[-82.7528291,9.6536958],[-82.752834,9.6538234]]},"properties":{"osm_way_id":1508748283,"highway":"residential","road_class":"local","name":"Calle 213","surface":null,"access":null,"source":"OpenStreetMap contributors"}},{"type":"Feature","id":"osm:way/1508748284","geometry":{"type":"LineString","coordinates":[[-82.752834,9.6538234],[-82.7528801,9.6539305]]},"properties":{"osm_way_id":1508748284,"highway":"residential","road_class":"local","name":"Calle 213","surface":null,"access":null,"source":"OpenStreetMap contributors"}},{"type":"Feature","id":"osm:way/37605961","geometry":{"type":"LineString","coordinates":[[-82.6839951,9.6419335],[-82.6844538,9.6422785],[-82.684789,9.6424874],[-82.6853255,9.6429792],[-82.6855091,9.6431301],[-82.6855902,9.6431636],[-82.6857421,9.6432642],[-82.6859414,9.6433245],[-82.6860567,9.6433192],[-82.6862387,9.643311],[-82.6864683,9.6432709],[-82.686698,9.6431804],[-82.6868635,9.6430697],[-82.6869875,9.6429793],[-82.6871496,9.6427925],[-82.6872832,9.6425988],[-82.687349,9.6424573],[-82.6873768,9.6423978],[-82.6874353,9.6423462],[-82.6875997,9.6422166],[-82.6877408,9.6421201],[-82.6878981,9.6419852],[-82.6880304,9.6418885],[-82.6882626,9.6417193],[-82.6884986,9.6415857],[-82.6886339,9.6414031],[-82.6887926,9.641233],[-82.6890722,9.6410749],[-82.6893347,9.6409619],[-82.6895877,9.6408302],[-82.6897492,9.6407367],[-82.6898798,9.6406295],[-82.6900038,9.640512],[-82.6901354,9.6403592],[-82.6903083,9.6402464],[-82.6904911,9.6401955],[-82.690779,9.6401754],[-82.6908605,9.6399854],[-82.6908652,9.6397428],[-82.6908783,9.6395644],[-82.6909204,9.6394374],[-82.690984,9.6393095],[-82.6911562,9.6391],[-82.6912158,9.6389789],[-82.6912267,9.6388184],[-82.6911738,9.6386175],[-82.6910527,9.6383331],[-82.6908449,9.6378289],[-82.6907671,9.6377242]]},"properties":{"osm_way_id":37605961,"highway":"residential","road_class":"local","name":"Calle Punta Uva","surface":"compacted","access":null,"source":"OpenStreetMap contributors"}},{"type":"Feature","id":"osm:way/37607290","geometry":{"type":"LineString","coordinates":[[-82.6996168,9.6360903],[-82.6992844,9.6373341],[-82.6991877,9.637763]]},"properties":{"osm_way_id":37607290,"highway":"track","road_class":"local","name":"Calle Selvin","surface":null,"access":null,"source":"OpenStreetMap contributors"}},{"type":"Feature","id":"osm:way/130509775","geometry":{"type":"LineString","coordinates":[[-82.6937755,9.6382897],[-82.693388,9.6379407],[-82.693268,9.6378977],[-82.6929198,9.6377955],[-82.6928976,9.6377856],[-82.6928318,9.6377564],[-82.6927275,9.6376585],[-82.6926658,9.6375549],[-82.6926104,9.6373534],[-82.6925721,9.6371897],[-82.6924912,9.6370596],[-82.6923715,9.6368976],[-82.6923294,9.6368078],[-82.6922309,9.6365258]]},"properties":{"osm_way_id":130509775,"highway":"residential","road_class":"local","name":"Calle Edén","surface":"unpaved","access":null,"source":"OpenStreetMap contributors"}},{"type":"Feature","id":"osm:way/130509776","geometry":{"type":"LineString","coordinates":[[-82.695771,9.6257855],[-82.6960285,9.626124],[-82.6964791,9.6262087],[-82.6966507,9.6258279],[-82.6969297,9.6258279],[-82.6974661,9.626251],[-82.6973159,9.627076],[-82.6976807,9.6273722],[-82.6989038,9.6277742],[-82.6995261,9.6280492],[-82.7002556,9.6284723],[-82.7010603,9.6288002],[-82.7011943,9.6289274],[-82.7013499,9.6291575],[-82.7015082,9.6294402],[-82.7015725,9.6294827],[-82.7019368,9.6294979]]},"properties":{"osm_way_id":130509776,"highway":"track","road_class":"local","name":null,"surface":"unpaved","access":null,"source":"OpenStreetMap contributors"}},{"type":"Feature","id":"osm:way/198033010","geometry":{"type":"LineString","coordinates":[[-82.712515,9.6386999],[-82.7127398,9.638109],[-82.7127845,9.6379245],[-82.7129029,9.6376571],[-82.7129607,9.6376011],[-82.7131194,9.6374456],[-82.7132125,9.6373509],[-82.7132482,9.637215],[-82.713275,9.6369559],[-82.7133179,9.6367073],[-82.7133755,9.6365882],[-82.713436,9.6365169],[-82.7135485,9.6364229],[-82.7137806,9.6363687],[-82.713967,9.6363264],[-82.7140541,9.6362775],[-82.714152,9.6359923]]},"properties":{"osm_way_id":198033010,"highway":"unclassified","road_class":"local","name":"Calle Selvatica","surface":"gravel","access":null,"source":"OpenStreetMap contributors"}},{"type":"Feature","id":"osm:way/233266503","geometry":{"type":"LineString","coordinates":[[-82.7207472,9.6429788],[-82.7205997,9.6431615],[-82.7202617,9.6435423],[-82.7200471,9.643857],[-82.7198675,9.6440976],[-82.7197044,9.6443232],[-82.7195697,9.6444625],[-82.7194839,9.6446423]]},"properties":{"osm_way_id":233266503,"highway":"service","road_class":"local","name":"Calle Caracola","surface":"unpaved","access":null,"source":"OpenStreetMap contributors"}},{"type":"Feature","id":"osm:way/252550903","geometry":{"type":"LineString","coordinates":[[-82.7268082,9.6436985],[-82.7274291,9.6428398],[-82.7275282,9.6427522],[-82.7276409,9.6426543],[-82.7283999,9.6420884],[-82.7291417,9.6412324]]},"properties":{"osm_way_id":252550903,"highway":"unclassified","road_class":"local","name":"Calle Victoria","surface":"unpaved","access":null,"source":"OpenStreetMap contributors"}},{"type":"Feature","id":"osm:way/293491173","geometry":{"type":"LineString","coordinates":[[-82.7013988,9.6367839],[-82.7016446,9.6360096],[-82.7016473,9.6358721],[-82.7016071,9.6357795],[-82.7012638,9.6354939],[-82.7012156,9.6353646],[-82.7012451,9.635263],[-82.7015138,9.6349253],[-82.7016241,9.6346921],[-82.7016837,9.6344571],[-82.7016717,9.6343643],[-82.7015778,9.6340866],[-82.7015989,9.6339589],[-82.7019717,9.6333903],[-82.7020016,9.6332537],[-82.7019882,9.6331241],[-82.7016874,9.6323512],[-82.7016553,9.632211],[-82.7016338,9.6318672],[-82.7019181,9.6314811],[-82.7021783,9.6310871],[-82.7022266,9.6309496],[-82.7022293,9.6308306],[-82.7021143,9.6297842],[-82.702058,9.6296573],[-82.7019368,9.6294979],[-82.7017088,9.6293154],[-82.7015805,9.6291892],[-82.7012904,9.6286198],[-82.7012288,9.6284691],[-82.7011648,9.62806],[-82.7011376,9.6275991],[-82.7010065,9.6274518],[-82.7006416,9.6273266],[-82.7005944,9.6272743],[-82.7005819,9.6272046],[-82.7006414,9.6267344],[-82.7006146,9.6264805],[-82.7005046,9.626306],[-82.7001834,9.6261159],[-82.7001186,9.6260157],[-82.700105,9.6259358],[-82.7002232,9.6256055],[-82.700513,9.6249264],[-82.7005452,9.6243552],[-82.7007276,9.6234508],[-82.7010491,9.6226646],[-82.7009793,9.6224266],[-82.7008774,9.6222679],[-82.7004208,9.6220009],[-82.7002337,9.6217893],[-82.7000308,9.6215143],[-82.6998689,9.6208636],[-82.6999306,9.6206336],[-82.7001482,9.6202298],[-82.7003114,9.6197979],[-82.7004938,9.6196128],[-82.7013804,9.6190882],[-82.7017832,9.6189313],[-82.7022856,9.6182933],[-82.7023097,9.6179786],[-82.7019583,9.6169234],[-82.7018832,9.616019],[-82.7020549,9.6155852],[-82.7024733,9.6146914],[-82.7024438,9.614144],[-82.702181,9.6134379],[-82.702138,9.6128376],[-82.7016257,9.6120495],[-82.7015104,9.6116925],[-82.7015024,9.6112297],[-82.7013655,9.6108859],[-82.7014031,9.6105632],[-82.7015533,9.6099021],[-82.701725,9.6091035],[-82.702012,9.6082361],[-82.7020687,9.6077687],[-82.7018349,9.606615],[-82.7016338,9.6061045],[-82.7015426,9.605721],[-82.7014809,9.6053825],[-82.7015278,9.6048642],[-82.7016514,9.6046566],[-82.7018081,9.6045759],[-82.7017571,9.6044199],[-82.7016365,9.604293],[-82.7010625,9.6040549],[-82.7008854,9.6038619],[-82.700679,9.6035154],[-82.7004912,9.6034678],[-82.7002229,9.6033039],[-82.6999306,9.603013],[-82.6996704,9.6028384],[-82.6993217,9.602693],[-82.6990857,9.6026507],[-82.698965,9.6025158],[-82.6988658,9.6023783],[-82.6988121,9.6019287],[-82.698788,9.6016483],[-82.6979752,9.6002546],[-82.697884,9.6000166],[-82.6979163,9.5997865],[-82.6979994,9.5994902],[-82.6979591,9.5992893],[-82.6974925,9.5985356],[-82.6974791,9.5983055],[-82.6975971,9.5981521],[-82.6977955,9.5979644],[-82.6979323,9.5977739],[-82.6980745,9.5974671],[-82.6980719,9.5971868],[-82.6978676,9.596554],[-82.6976481,9.596203],[-82.6974812,9.5959143],[-82.6972886,9.5955127],[-82.6968862,9.5951372],[-82.6967763,9.5950023],[-82.696787,9.5948489],[-82.696956,9.5947167],[-82.6973556,9.5945263],[-82.6974817,9.594431],[-82.6975273,9.5943067],[-82.6972564,9.5935768],[-82.6971142,9.5931404],[-82.6967468,9.5928151],[-82.6957007,9.5923153],[-82.6953654,9.5920773],[-82.6949203,9.5918419],[-82.6947566,9.5915985],[-82.6935281,9.5895013],[-82.6934316,9.5892078],[-82.6934021,9.5888824],[-82.6934477,9.5885227],[-82.6936301,9.5881049],[-82.6940654,9.5872777],[-82.6941028,9.5872325],[-82.6943125,9.5869786],[-82.6957301,9.5853901],[-82.6959747,9.5851885],[-82.6971025,9.5845772],[-82.69978,9.5827842],[-82.6999745,9.5824232],[-82.6999745,9.5820622],[-82.6999288,9.581611],[-82.7000889,9.5812838],[-82.7007222,9.5801846],[-82.7009665,9.579939],[-82.701264,9.5797773],[-82.7015698,9.5796662],[-82.701913,9.579596],[-82.7023013,9.579269],[-82.7024955,9.5789978],[-82.7028514,9.5780565],[-82.703175,9.5778331],[-82.7039141,9.5776085],[-82.7045244,9.5774714],[-82.7048206,9.5773546],[-82.7050826,9.5771761],[-82.7052552,9.5770954],[-82.7058075,9.5770915],[-82.7060728,9.5770618],[-82.7062878,9.5770002],[-82.7065882,9.5768071],[-82.7068589,9.576573],[-82.7073873,9.5760705],[-82.7075726,9.5759873],[-82.7077537,9.5759375],[-82.7088922,9.5757862],[-82.7091237,9.5757249],[-82.7094421,9.5755403],[-82.7097475,9.5753174]]},"properties":{"osm_way_id":293491173,"highway":"residential","road_class":"local","name":"Calle Cocles","surface":"dirt","access":null,"source":"OpenStreetMap contributors"}},{"type":"Feature","id":"osm:way/318388375","geometry":{"type":"LineString","coordinates":[[-82.7097918,9.6352852],[-82.7096966,9.6364107],[-82.7097511,9.6370566],[-82.7098276,9.6373672],[-82.7098869,9.6376134],[-82.7100049,9.6380577]]},"properties":{"osm_way_id":318388375,"highway":"unclassified","road_class":"local","name":"Calle Shawandha","surface":"unpaved","access":null,"source":"OpenStreetMap contributors"}},{"type":"Feature","id":"osm:way/318388805","geometry":{"type":"LineString","coordinates":[[-82.7088918,9.6378012],[-82.708927,9.6372599],[-82.7087578,9.636506],[-82.7087491,9.6362007],[-82.7088112,9.6359023],[-82.7087867,9.6358289],[-82.7081175,9.6355295],[-82.7080208,9.6355138],[-82.707904,9.6355046],[-82.7077499,9.6354724],[-82.7075304,9.6353665],[-82.707381,9.6353296],[-82.7072689,9.6353296],[-82.706461,9.635081],[-82.7062382,9.6351157],[-82.7060421,9.6352216],[-82.7056732,9.6354242],[-82.7055252,9.6355605],[-82.7054786,9.6356289],[-82.7054538,9.6357473],[-82.7055463,9.6362174]]},"properties":{"osm_way_id":318388805,"highway":"residential","road_class":"local","name":"Calle Mar y Luz","surface":null,"access":null,"source":"OpenStreetMap contributors"}},{"type":"Feature","id":"osm:way/323324458","geometry":{"type":"LineString","coordinates":[[-82.7314189,9.6442085],[-82.731224,9.6433397],[-82.7310953,9.642631],[-82.7309558,9.6423772],[-82.7309236,9.6420705],[-82.7308727,9.6418907],[-82.7309665,9.6415522],[-82.7311275,9.6412348],[-82.7312348,9.6411714],[-82.7313313,9.6410021],[-82.7314815,9.6406214],[-82.7318249,9.6403569],[-82.7318892,9.6401771],[-82.7324042,9.6396588],[-82.7324042,9.639479],[-82.7325115,9.6392252],[-82.7326402,9.6390559],[-82.7328548,9.6388021],[-82.7330694,9.6386434],[-82.7331981,9.6383684],[-82.733402,9.6382415],[-82.7336702,9.6379982],[-82.7337882,9.6379347],[-82.7342067,9.637427],[-82.7341852,9.6372366],[-82.7342174,9.6370674],[-82.7342818,9.6368981],[-82.7345178,9.6364644],[-82.7345285,9.6362846],[-82.7343676,9.6354807],[-82.7344856,9.6351528],[-82.7346036,9.634899],[-82.7346143,9.6346874],[-82.7346143,9.634021],[-82.7344427,9.6335662],[-82.7341959,9.63327],[-82.7340028,9.6330373],[-82.7339492,9.6328575],[-82.7339921,9.6323286],[-82.7340323,9.6317971],[-82.7340779,9.631542],[-82.7341145,9.6314342],[-82.7342267,9.6313423],[-82.7343582,9.6312418],[-82.7343957,9.6311598],[-82.7343113,9.6308623],[-82.7342147,9.630701],[-82.7340886,9.6304141],[-82.7341423,9.6301708],[-82.7342757,9.6299163],[-82.7343314,9.6298204],[-82.7344534,9.6295361],[-82.7347216,9.6290178],[-82.7349469,9.6284361],[-82.7350971,9.6280659],[-82.7351615,9.6278014],[-82.7353225,9.6269763],[-82.7354834,9.6268283],[-82.7356658,9.6266273],[-82.7354083,9.6257599],[-82.7350757,9.6253474],[-82.7350971,9.6246387],[-82.7349469,9.6239511],[-82.735183,9.6228722],[-82.7351937,9.6222692],[-82.7351615,9.6218249],[-82.7352366,9.6217086],[-82.7352688,9.6215499],[-82.7352366,9.6213807],[-82.7353117,9.6211056],[-82.7355156,9.6204498],[-82.7355799,9.6200902]]},"properties":{"osm_way_id":323324458,"highway":"tertiary","road_class":"main","name":"Calle El Parque","surface":null,"access":null,"source":"OpenStreetMap contributors"}},{"type":"Feature","id":"osm:way/327352382","geometry":{"type":"LineString","coordinates":[[-82.7315645,9.6441436],[-82.7315099,9.6444124],[-82.7310623,9.6452704]]},"properties":{"osm_way_id":327352382,"highway":"residential","road_class":"local","name":"Calle Cocles","surface":null,"access":null,"source":"OpenStreetMap contributors"}},{"type":"Feature","id":"osm:way/330264395","geometry":{"type":"LineString","coordinates":[[-82.7224209,9.6432842],[-82.722543,9.6435037]]},"properties":{"osm_way_id":330264395,"highway":"service","road_class":"local","name":null,"surface":null,"access":null,"source":"OpenStreetMap contributors"}},{"type":"Feature","id":"osm:way/390078108","geometry":{"type":"LineString","coordinates":[[-82.7357327,9.6485318],[-82.7360334,9.648535],[-82.7362283,9.6484792],[-82.7363295,9.6484225],[-82.7364402,9.6483004],[-82.7366571,9.6481181],[-82.7367023,9.6481051],[-82.7367507,9.6481127],[-82.7368518,9.6481766],[-82.737131,9.6484319],[-82.7371701,9.6484454],[-82.7372358,9.6484322],[-82.7376747,9.6482843],[-82.7378663,9.6482684],[-82.7379626,9.6482884],[-82.7380596,9.6483745],[-82.738125,9.6483676],[-82.7381682,9.6483438],[-82.7383685,9.6481871],[-82.7384514,9.6481565],[-82.7387416,9.6482008],[-82.7390231,9.6482808]]},"properties":{"osm_way_id":390078108,"highway":"residential","road_class":"local","name":"Calle Olingo","surface":"unpaved","access":null,"source":"OpenStreetMap contributors"}},{"type":"Feature","id":"osm:way/390078112","geometry":{"type":"LineString","coordinates":[[-82.7329624,9.6422815],[-82.7327666,9.642776],[-82.7326351,9.6431462],[-82.7326271,9.6435243],[-82.7325806,9.6437809],[-82.7323842,9.6441159]]},"properties":{"osm_way_id":390078112,"highway":"residential","road_class":"local","name":"Calle Finca Chica","surface":null,"access":null,"source":"OpenStreetMap contributors"}},{"type":"Feature","id":"osm:way/390105925","geometry":{"type":"LineString","coordinates":[[-82.7280643,9.636045],[-82.7286091,9.63615],[-82.7292223,9.6363203],[-82.7293432,9.6364395],[-82.7293346,9.636678],[-82.7292914,9.6368909],[-82.7293864,9.6373507],[-82.729611,9.6381171],[-82.7297578,9.6385003],[-82.7302242,9.6392496],[-82.7303711,9.6396328],[-82.730492,9.6402033],[-82.7305524,9.6405865],[-82.7306215,9.6410463],[-82.7306406,9.641738],[-82.7308727,9.6418907]]},"properties":{"osm_way_id":390105925,"highway":"residential","road_class":"local","name":"Calle Berto","surface":null,"access":null,"source":"OpenStreetMap contributors"}},{"type":"Feature","id":"osm:way/390105926","geometry":{"type":"LineString","coordinates":[[-82.7259106,9.6381485],[-82.7262425,9.6379297],[-82.7264325,9.6377339],[-82.7265707,9.6377254],[-82.7268298,9.6377935],[-82.7271494,9.637819],[-82.7275035,9.6377254],[-82.7276935,9.6374444],[-82.7278922,9.6367631],[-82.7279958,9.6362011],[-82.7280643,9.636045],[-82.72813,9.635571],[-82.7282981,9.6350771],[-82.7284622,9.6345747],[-82.7286333,9.6343775],[-82.7285944,9.6341598],[-82.7283548,9.6337876],[-82.7281602,9.6333644],[-82.7281333,9.6332222]]},"properties":{"osm_way_id":390105926,"highway":"residential","road_class":"local","name":"Calle Chilamate","surface":null,"access":null,"source":"OpenStreetMap contributors"}},{"type":"Feature","id":"osm:way/390105927","geometry":{"type":"LineString","coordinates":[[-82.7259106,9.6381485],[-82.7257257,9.6379712],[-82.7253942,9.6375885],[-82.7253261,9.6375428],[-82.7252152,9.6375143],[-82.7246827,9.6374823],[-82.723959,9.6374321],[-82.7237597,9.6374185],[-82.7235524,9.6373252],[-82.7232578,9.6371245],[-82.7230774,9.6368992],[-82.7229497,9.6365856],[-82.722926,9.6363139],[-82.7228934,9.6356865],[-82.7228204,9.6352407],[-82.722625,9.6348575],[-82.7225372,9.634531],[-82.7226005,9.6342635],[-82.7226845,9.634015],[-82.7224858,9.6329275],[-82.7224757,9.6321293],[-82.7225287,9.6316554],[-82.7225778,9.6310274],[-82.7227518,9.6287993],[-82.7227789,9.6284095],[-82.7228912,9.6273195],[-82.7228653,9.6268596],[-82.7226235,9.6265956],[-82.7224853,9.6261784],[-82.7222521,9.6258207],[-82.7219411,9.6254631],[-82.7217425,9.6249606],[-82.7215524,9.624603],[-82.7215006,9.6243049],[-82.7214833,9.6234789]]},"properties":{"osm_way_id":390105927,"highway":"residential","road_class":"local","name":"Calle Olé Caribe","surface":null,"access":null,"source":"OpenStreetMap contributors"}},{"type":"Feature","id":"osm:way/390105929","geometry":{"type":"LineString","coordinates":[[-82.7172165,9.6402744],[-82.7173372,9.6391714],[-82.7174702,9.6385889],[-82.7176282,9.638307],[-82.7177393,9.638084],[-82.7179345,9.6380191],[-82.7182529,9.6379891],[-82.7194538,9.6378301]]},"properties":{"osm_way_id":390105929,"highway":"residential","road_class":"local","name":"Calle Merlín","surface":null,"access":null,"source":"OpenStreetMap contributors"}},{"type":"Feature","id":"osm:way/395458628","geometry":{"type":"LineString","coordinates":[[-82.7381482,9.6514206],[-82.7383326,9.6512131]]},"properties":{"osm_way_id":395458628,"highway":"service","road_class":"local","name":null,"surface":"unpaved","access":null,"source":"OpenStreetMap contributors"}},{"type":"Feature","id":"osm:way/395458631","geometry":{"type":"LineString","coordinates":[[-82.7355756,9.6472855],[-82.7355413,9.646987],[-82.7354511,9.646739],[-82.7353616,9.6465626],[-82.7352825,9.6464648],[-82.7351465,9.6463389],[-82.7350611,9.6462566]]},"properties":{"osm_way_id":395458631,"highway":"secondary","road_class":"main","name":"Vía 256","surface":"asphalt","access":null,"source":"OpenStreetMap contributors"}},{"type":"Feature","id":"osm:way/395458632","geometry":{"type":"LineString","coordinates":[[-82.7350611,9.6462566],[-82.7348854,9.6460599]]},"properties":{"osm_way_id":395458632,"highway":"secondary","road_class":"main","name":"Vía 256","surface":"asphalt","access":null,"source":"OpenStreetMap contributors"}},{"type":"Feature","id":"osm:way/395458633","geometry":{"type":"LineString","coordinates":[[-82.7348854,9.6460599],[-82.7346974,9.6457778],[-82.7343487,9.6454168],[-82.7339986,9.6450281],[-82.7335873,9.6447513],[-82.7332024,9.6445424],[-82.7327685,9.6443109],[-82.7323842,9.6441159],[-82.7322485,9.6440629],[-82.7320755,9.6440233]]},"properties":{"osm_way_id":395458633,"highway":"secondary","road_class":"main","name":"Vía 256","surface":"asphalt","access":null,"source":"OpenStreetMap contributors"}},{"type":"Feature","id":"osm:way/395458636","geometry":{"type":"LineString","coordinates":[[-82.7320755,9.6440233],[-82.7319078,9.644022]]},"properties":{"osm_way_id":395458636,"highway":"secondary","road_class":"main","name":"Vía 256","surface":"asphalt","access":null,"source":"OpenStreetMap contributors"}},{"type":"Feature","id":"osm:way/395458637","geometry":{"type":"LineString","coordinates":[[-82.7319078,9.644022],[-82.7317188,9.6440788],[-82.7315645,9.6441436],[-82.7314189,9.6442085],[-82.7307736,9.6444599],[-82.7302399,9.6446138],[-82.7299018,9.6446798],[-82.7296776,9.6447095],[-82.7294433,9.6447011],[-82.7291881,9.6446738],[-82.7289843,9.6446447],[-82.7288068,9.6446015]]},"properties":{"osm_way_id":395458637,"highway":"secondary","road_class":"main","name":"Vía 256","surface":"asphalt","access":null,"source":"OpenStreetMap contributors"}},{"type":"Feature","id":"osm:way/395462140","geometry":{"type":"LineString","coordinates":[[-82.7288068,9.6446015],[-82.7286638,9.6445667],[-82.7283446,9.6444702],[-82.7275389,9.6441107],[-82.7268082,9.6436985],[-82.7265732,9.6435613],[-82.7261787,9.6433754],[-82.7257923,9.6432576],[-82.7256635,9.6432183],[-82.7246846,9.6430217],[-82.7240202,9.6428283],[-82.7238986,9.6428098],[-82.7237549,9.6428132],[-82.7235907,9.6428459],[-82.7234909,9.6428788],[-82.7233282,9.6429387],[-82.7226527,9.6432057],[-82.7224209,9.6432842],[-82.7218965,9.6434204],[-82.721741,9.6434482],[-82.7215814,9.6434561],[-82.7213942,9.6434178],[-82.7212547,9.6433721],[-82.7211285,9.6432977],[-82.7207472,9.6429788],[-82.7203033,9.6425157],[-82.7200386,9.6423367],[-82.7197794,9.6422073],[-82.719725,9.6421801],[-82.7192023,9.6419184],[-82.7187437,9.6416381],[-82.7186337,9.6415376],[-82.718575,9.6414571],[-82.7183984,9.6411358],[-82.7182655,9.6408869],[-82.7181827,9.6407603],[-82.7180962,9.6406645],[-82.7179842,9.6405666],[-82.7178165,9.6404654],[-82.7176121,9.6403683],[-82.7173868,9.6403194],[-82.7172165,9.6402744],[-82.7167444,9.6401528],[-82.7155814,9.6398772],[-82.7154016,9.63984],[-82.714149,9.6395755],[-82.7133004,9.6393664],[-82.7131704,9.6393291],[-82.7130185,9.6392609],[-82.7129104,9.6391885],[-82.7127964,9.6390955],[-82.712701,9.6389732],[-82.712515,9.6386999],[-82.7123657,9.6384961],[-82.7121893,9.638317],[-82.7120338,9.6382119],[-82.711897,9.6381609],[-82.711802,9.638137],[-82.711565,9.6380895],[-82.7103011,9.6380915],[-82.7100049,9.6380577],[-82.7099,9.6380335],[-82.70976,9.6380013],[-82.7092164,9.6378779],[-82.7090829,9.6378464],[-82.7088918,9.6378012],[-82.7086569,9.6377398],[-82.7084751,9.6377041],[-82.7082431,9.6376757],[-82.708011,9.6376567],[-82.7077412,9.6376346],[-82.7070009,9.63755],[-82.706497,9.637488],[-82.7063307,9.6375018],[-82.7061222,9.6375415],[-82.7060893,9.6375512],[-82.705288,9.6377861],[-82.7049775,9.6378549],[-82.7046825,9.637876],[-82.7041246,9.6378371],[-82.7036525,9.6377636],[-82.7032502,9.6376592],[-82.7025689,9.6373762],[-82.7018752,9.637027],[-82.7014722,9.6368341],[-82.7013988,9.6367839],[-82.7011956,9.6366847],[-82.700619,9.6364296],[-82.6997184,9.6361262],[-82.6996168,9.6360903],[-82.6992497,9.6359702],[-82.6987504,9.6357968],[-82.6978852,9.6355433],[-82.6966061,9.6353058],[-82.6962677,9.6352182],[-82.695871,9.6350169],[-82.6954856,9.634786],[-82.6951942,9.6346658],[-82.6950735,9.6346367],[-82.694932,9.6346413],[-82.6948046,9.6346704],[-82.6946021,9.6347312],[-82.6942648,9.6349011],[-82.6942074,9.6349374],[-82.6938195,9.6351826],[-82.6934536,9.6354343],[-82.6933132,9.6355349]]},"properties":{"osm_way_id":395462140,"highway":"secondary","road_class":"main","name":"Vía 256","surface":"asphalt","access":null,"source":"OpenStreetMap contributors"}},{"type":"Feature","id":"osm:way/395462148","geometry":{"type":"LineString","coordinates":[[-82.6933132,9.6355349],[-82.6931303,9.6356793]]},"properties":{"osm_way_id":395462148,"highway":"secondary","road_class":"main","name":"Vía 256","surface":"asphalt","access":null,"source":"OpenStreetMap contributors"}},{"type":"Feature","id":"osm:way/395462149","geometry":{"type":"LineString","coordinates":[[-82.6931303,9.6356793],[-82.6922309,9.6365258],[-82.6917654,9.6369176],[-82.6913102,9.6373106],[-82.6907671,9.6377242],[-82.6904542,9.6378686],[-82.6901432,9.6379096],[-82.6897945,9.6378832],[-82.6890301,9.6376505],[-82.6884078,9.6375738],[-82.6873193,9.6374719],[-82.6868794,9.6373925],[-82.686571,9.6372154],[-82.6859804,9.6365484],[-82.6855217,9.6359753],[-82.6850677,9.6353978],[-82.6844659,9.6346134],[-82.6841065,9.6341896],[-82.683562,9.6335154],[-82.6821822,9.6326709],[-82.6820558,9.6325976],[-82.6819017,9.6324846],[-82.6816462,9.6322544],[-82.680835,9.6311663],[-82.6804406,9.6305903],[-82.6802592,9.6303023],[-82.6800682,9.6301017],[-82.6797871,9.6299185],[-82.6787593,9.629342],[-82.6785066,9.6291483],[-82.678184,9.628658],[-82.678041,9.6285145]]},"properties":{"osm_way_id":395462149,"highway":"secondary","road_class":"main","name":"Vía 256","surface":"asphalt","access":null,"source":"OpenStreetMap contributors"}},{"type":"Feature","id":"osm:way/396106357","geometry":{"type":"LineString","coordinates":[[-82.7343487,9.6454168],[-82.7344309,9.6451902],[-82.7344725,9.6449575],[-82.734565,9.6445146],[-82.7345535,9.6440603],[-82.7345362,9.6439049],[-82.7345162,9.6437254],[-82.7344859,9.6434529],[-82.7345717,9.6430351],[-82.734617,9.6429771],[-82.7347326,9.6428289],[-82.7350874,9.6425436],[-82.7354997,9.6419827],[-82.7356553,9.6417288],[-82.7360308,9.6416125],[-82.7362577,9.641509],[-82.7365298,9.641235],[-82.7365892,9.6411291],[-82.73678,9.6407892],[-82.7370091,9.6403356],[-82.7371997,9.6398969]]},"properties":{"osm_way_id":396106357,"highway":"residential","road_class":"local","name":"Calle El Tucán","surface":null,"access":null,"source":"OpenStreetMap contributors"}},{"type":"Feature","id":"osm:way/429760296","geometry":{"type":"LineString","coordinates":[[-82.7322737,9.5886187],[-82.7319505,9.5891253],[-82.7317905,9.589572],[-82.7314353,9.5901979],[-82.7307314,9.5913518],[-82.7299386,9.592772],[-82.7298755,9.5929025],[-82.7296236,9.593105],[-82.7293763,9.5932709],[-82.7291596,9.5933765],[-82.7289174,9.5934972],[-82.7287542,9.5935626],[-82.7286063,9.5935751],[-82.7283463,9.593545],[-82.7281703,9.593555],[-82.7280327,9.5935525],[-82.7275584,9.5933564],[-82.7271021,9.5932006],[-82.7266916,9.5930824],[-82.7264825,9.5930045],[-82.7261995,9.592831],[-82.726123,9.5927958],[-82.7260236,9.5927807],[-82.7259089,9.5928008],[-82.725812,9.5928737],[-82.7256641,9.5930196],[-82.7255545,9.5930673],[-82.7254219,9.5931],[-82.7252332,9.5930824],[-82.7250471,9.5930774],[-82.7249502,9.5931151],[-82.7248177,9.5932684],[-82.7246825,9.5934268],[-82.7245678,9.5935751],[-82.724448,9.593638],[-82.7240936,9.5937712],[-82.723882,9.5938287],[-82.7237698,9.5938592],[-82.7235917,9.593966],[-82.7234526,9.5941184],[-82.7233598,9.5942404],[-82.723298,9.5945299],[-82.7232246,9.5947243],[-82.7231666,9.594911],[-82.7230854,9.5950596],[-82.7230622,9.5952311],[-82.7231705,9.5955092],[-82.7234023,9.5958521],[-82.7235376,9.5960922],[-82.7235878,9.5963361],[-82.7235801,9.5965647],[-82.7235453,9.5969686],[-82.7235337,9.5973001],[-82.7236187,9.5975249],[-82.7237178,9.5976629],[-82.7240811,9.5981538],[-82.724182,9.5984656],[-82.7243368,9.5990494],[-82.7243205,9.600028],[-82.7243408,9.6003272],[-82.7244105,9.6005547],[-82.72455,9.6008297],[-82.7245929,9.600962],[-82.724609,9.6010889]]},"properties":{"osm_way_id":429760296,"highway":"unclassified","road_class":"local","name":"Calle Toro","surface":null,"access":null,"source":"OpenStreetMap contributors"}},{"type":"Feature","id":"osm:way/430273621","geometry":{"type":"LineString","coordinates":[[-82.7327685,9.6443109],[-82.7332611,9.6433261]]},"properties":{"osm_way_id":430273621,"highway":"service","road_class":"local","name":"Camino hasta Relax Natural Village","surface":"gravel","access":"permissive","source":"OpenStreetMap contributors"}},{"type":"Feature","id":"osm:way/457539045","geometry":{"type":"LineString","coordinates":[[-82.6913083,9.6403281],[-82.6908969,9.6402072],[-82.690779,9.6401754]]},"properties":{"osm_way_id":457539045,"highway":"residential","road_class":"local","name":null,"surface":"compacted","access":null,"source":"OpenStreetMap contributors"}},{"type":"Feature","id":"osm:way/457539046","geometry":{"type":"LineString","coordinates":[[-82.690779,9.6401754],[-82.690919,9.6407463]]},"properties":{"osm_way_id":457539046,"highway":"residential","road_class":"local","name":null,"surface":"sand","access":null,"source":"OpenStreetMap contributors"}},{"type":"Feature","id":"osm:way/458822179","geometry":{"type":"LineString","coordinates":[[-82.7100049,9.6380577],[-82.7097659,9.6377108]]},"properties":{"osm_way_id":458822179,"highway":"service","road_class":"local","name":null,"surface":"unpaved","access":null,"source":"OpenStreetMap contributors"}},{"type":"Feature","id":"osm:way/458822659","geometry":{"type":"LineString","coordinates":[[-82.7091869,9.6373785],[-82.7092673,9.6372634],[-82.7093545,9.6371709],[-82.7095194,9.6371272],[-82.709567,9.6372161],[-82.7095933,9.6372695],[-82.7096607,9.6373968]]},"properties":{"osm_way_id":458822659,"highway":"path","road_class":"path","name":null,"surface":null,"access":null,"source":"OpenStreetMap contributors"}},{"type":"Feature","id":"osm:way/458862617","geometry":{"type":"LineString","coordinates":[[-82.7257923,9.6432576],[-82.7257042,9.6438276]]},"properties":{"osm_way_id":458862617,"highway":"path","road_class":"path","name":null,"surface":null,"access":null,"source":"OpenStreetMap contributors"}},{"type":"Feature","id":"osm:way/458862619","geometry":{"type":"LineString","coordinates":[[-82.7109816,9.6413935],[-82.7110972,9.6411346]]},"properties":{"osm_way_id":458862619,"highway":"path","road_class":"path","name":null,"surface":null,"access":null,"source":"OpenStreetMap contributors"}},{"type":"Feature","id":"osm:way/458862621","geometry":{"type":"LineString","coordinates":[[-82.7127964,9.6390955],[-82.7123114,9.6395137],[-82.7122875,9.639525],[-82.7122631,9.6395205],[-82.7121237,9.6394134],[-82.7120875,9.6394098],[-82.7120558,9.6394238],[-82.7119124,9.6396259],[-82.7118037,9.639748],[-82.7116694,9.6398512],[-82.7115895,9.6399317],[-82.7115584,9.6399953],[-82.7115067,9.6403071],[-82.7114564,9.6403379],[-82.7109468,9.6403194]]},"properties":{"osm_way_id":458862621,"highway":"residential","road_class":"local","name":"Calle Playa Chiquita","surface":"unpaved","access":null,"source":"OpenStreetMap contributors"}},{"type":"Feature","id":"osm:way/458862641","geometry":{"type":"LineString","coordinates":[[-82.7097036,9.6375653],[-82.7097659,9.6377108]]},"properties":{"osm_way_id":458862641,"highway":"path","road_class":"path","name":null,"surface":null,"access":null,"source":"OpenStreetMap contributors"}},{"type":"Feature","id":"osm:way/458862643","geometry":{"type":"LineString","coordinates":[[-82.7096607,9.6373968],[-82.709674,9.6374525],[-82.709687,9.63751],[-82.7097036,9.6375653]]},"properties":{"osm_way_id":458862643,"highway":"path","road_class":"path","name":null,"surface":null,"access":null,"source":"OpenStreetMap contributors"}},{"type":"Feature","id":"osm:way/458862709","geometry":{"type":"LineString","coordinates":[[-82.6997184,9.6361262],[-82.6996404,9.6363823]]},"properties":{"osm_way_id":458862709,"highway":"path","road_class":"path","name":null,"surface":null,"access":null,"source":"OpenStreetMap contributors"}},{"type":"Feature","id":"osm:way/458862712","geometry":{"type":"LineString","coordinates":[[-82.7282055,9.6429991],[-82.7284449,9.6431266]]},"properties":{"osm_way_id":458862712,"highway":"service","road_class":"local","name":null,"surface":"unpaved","access":null,"source":"OpenStreetMap contributors"}},{"type":"Feature","id":"osm:way/458862714","geometry":{"type":"LineString","coordinates":[[-82.7275389,9.6441107],[-82.7275423,9.6439669],[-82.7275608,9.6439082],[-82.7276528,9.6437718],[-82.7278616,9.6436783],[-82.7279232,9.6436119],[-82.7280238,9.6434424],[-82.7281431,9.6432203],[-82.7282055,9.6429991],[-82.7283706,9.6428885],[-82.7287806,9.643016]]},"properties":{"osm_way_id":458862714,"highway":"service","road_class":"local","name":null,"surface":"unpaved","access":null,"source":"OpenStreetMap contributors"}},{"type":"Feature","id":"osm:way/458862715","geometry":{"type":"LineString","coordinates":[[-82.7370603,9.6505271],[-82.7370116,9.6506045],[-82.7368877,9.6508013]]},"properties":{"osm_way_id":458862715,"highway":"path","road_class":"path","name":null,"surface":null,"access":null,"source":"OpenStreetMap contributors"}},{"type":"Feature","id":"osm:way/458862719","geometry":{"type":"LineString","coordinates":[[-82.7133004,9.6393664],[-82.7133332,9.6392741],[-82.7134405,9.6391736]]},"properties":{"osm_way_id":458862719,"highway":"service","road_class":"local","name":null,"surface":null,"access":null,"source":"OpenStreetMap contributors"}},{"type":"Feature","id":"osm:way/458862720","geometry":{"type":"LineString","coordinates":[[-82.7099,9.6380335],[-82.7097357,9.6382593],[-82.7095506,9.6388437],[-82.7094111,9.6393303]]},"properties":{"osm_way_id":458862720,"highway":"service","road_class":"local","name":null,"surface":"unpaved","access":null,"source":"OpenStreetMap contributors"}},{"type":"Feature","id":"osm:way/458862721","geometry":{"type":"LineString","coordinates":[[-82.7100049,9.6380577],[-82.7099556,9.6381324],[-82.7098885,9.6383281],[-82.7098242,9.6386851],[-82.709859,9.638968],[-82.7099207,9.6391848]]},"properties":{"osm_way_id":458862721,"highway":"service","road_class":"local","name":null,"surface":"unpaved","access":null,"source":"OpenStreetMap contributors"}},{"type":"Feature","id":"osm:way/458862727","geometry":{"type":"LineString","coordinates":[[-82.7094604,9.6375847],[-82.7094625,9.6376264],[-82.70939,9.6376462],[-82.7093404,9.6376793],[-82.7093471,9.6377612],[-82.7093981,9.6378115],[-82.7094946,9.6377969],[-82.709555,9.6377639],[-82.7095644,9.6376978],[-82.7095013,9.6376303],[-82.7094625,9.6376264]]},"properties":{"osm_way_id":458862727,"highway":"path","road_class":"path","name":null,"surface":null,"access":null,"source":"OpenStreetMap contributors"}},{"type":"Feature","id":"osm:way/458862728","geometry":{"type":"LineString","coordinates":[[-82.7094739,9.6375252],[-82.7095649,9.6375349],[-82.709687,9.63751]]},"properties":{"osm_way_id":458862728,"highway":"path","road_class":"path","name":null,"surface":null,"access":null,"source":"OpenStreetMap contributors"}},{"type":"Feature","id":"osm:way/458862729","geometry":{"type":"LineString","coordinates":[[-82.7091158,9.6374551],[-82.7091889,9.637518],[-82.709272,9.6375378],[-82.7093371,9.6376032]]},"properties":{"osm_way_id":458862729,"highway":"path","road_class":"path","name":null,"surface":null,"access":null,"source":"OpenStreetMap contributors"}},{"type":"Feature","id":"osm:way/458862730","geometry":{"type":"LineString","coordinates":[[-82.709567,9.6372161],[-82.709498,9.6372833],[-82.7094578,9.6374102],[-82.7094739,9.6375252],[-82.7094604,9.6375847],[-82.7093371,9.6376032],[-82.7092459,9.6376773],[-82.7091895,9.6377434],[-82.7091044,9.6377338]]},"properties":{"osm_way_id":458862730,"highway":"path","road_class":"path","name":null,"surface":null,"access":null,"source":"OpenStreetMap contributors"}},{"type":"Feature","id":"osm:way/458862732","geometry":{"type":"LineString","coordinates":[[-82.7093371,9.6368205],[-82.7092941,9.6369395],[-82.7093156,9.6370056],[-82.7094524,9.6369818]]},"properties":{"osm_way_id":458862732,"highway":"path","road_class":"path","name":null,"surface":null,"access":null,"source":"OpenStreetMap contributors"}},{"type":"Feature","id":"osm:way/458862733","geometry":{"type":"LineString","coordinates":[[-82.7095194,9.6371272],[-82.7094524,9.6369818],[-82.7093371,9.6368205],[-82.7094175,9.6365746],[-82.7095382,9.6361092]]},"properties":{"osm_way_id":458862733,"highway":"path","road_class":"path","name":null,"surface":null,"access":null,"source":"OpenStreetMap contributors"}},{"type":"Feature","id":"osm:way/458862734","geometry":{"type":"LineString","coordinates":[[-82.7088272,9.6402063],[-82.7090997,9.6392652],[-82.7090829,9.6378464],[-82.7091004,9.6377725],[-82.7091044,9.6377338],[-82.7090983,9.637586],[-82.7091158,9.6374551],[-82.7091869,9.6373785]]},"properties":{"osm_way_id":458862734,"highway":"path","road_class":"path","name":null,"surface":"ground","access":null,"source":"OpenStreetMap contributors"}},{"type":"Feature","id":"osm:way/458862737","geometry":{"type":"LineString","coordinates":[[-82.711565,9.6380895],[-82.7115204,9.6381592],[-82.7115217,9.6383258]]},"properties":{"osm_way_id":458862737,"highway":"service","road_class":"local","name":null,"surface":"unpaved","access":null,"source":"OpenStreetMap contributors"}},{"type":"Feature","id":"osm:way/486564865","geometry":{"type":"LineString","coordinates":[[-82.711565,9.6380895],[-82.7116177,9.637954],[-82.7116556,9.6377759],[-82.711671,9.6376393],[-82.7116804,9.6374999],[-82.7116636,9.637343],[-82.7116593,9.6372827],[-82.7116617,9.637244],[-82.7116719,9.6372046],[-82.711771,9.6369652],[-82.7118004,9.6368844],[-82.7118204,9.6366973],[-82.7117909,9.6364061],[-82.7117752,9.6362264],[-82.7118013,9.6360157],[-82.7118631,9.6359377],[-82.711905,9.635913],[-82.7120929,9.63587],[-82.712145,9.6358483],[-82.7121887,9.6358205],[-82.7122294,9.6357781],[-82.7123588,9.6353667],[-82.7123811,9.6353433],[-82.7124244,9.6353375],[-82.7127228,9.6353659],[-82.7127674,9.6353514],[-82.7128173,9.6352986],[-82.712863,9.6351803],[-82.7128904,9.6351076],[-82.7129015,9.6350138]]},"properties":{"osm_way_id":486564865,"highway":"unclassified","road_class":"local","name":"Calle Mónica","surface":"unpaved","access":null,"source":"OpenStreetMap contributors"}},{"type":"Feature","id":"osm:way/683988312","geometry":{"type":"LineString","coordinates":[[-82.692638,9.6402044],[-82.6925377,9.6398317]]},"properties":{"osm_way_id":683988312,"highway":"steps","road_class":"path","name":null,"surface":"ground","access":null,"source":"OpenStreetMap contributors"}},{"type":"Feature","id":"osm:way/683988313","geometry":{"type":"LineString","coordinates":[[-82.6921968,9.6405732],[-82.6923403,9.6405006]]},"properties":{"osm_way_id":683988313,"highway":"steps","road_class":"path","name":null,"surface":"ground","access":null,"source":"OpenStreetMap contributors"}},{"type":"Feature","id":"osm:way/683988314","geometry":{"type":"LineString","coordinates":[[-82.6921311,9.6406751],[-82.6921968,9.6405732]]},"properties":{"osm_way_id":683988314,"highway":"path","road_class":"path","name":null,"surface":"ground","access":null,"source":"OpenStreetMap contributors"}},{"type":"Feature","id":"osm:way/683988315","geometry":{"type":"LineString","coordinates":[[-82.6923403,9.6405006],[-82.692638,9.6402044]]},"properties":{"osm_way_id":683988315,"highway":"path","road_class":"path","name":null,"surface":"ground","access":null,"source":"OpenStreetMap contributors"}},{"type":"Feature","id":"osm:way/683988317","geometry":{"type":"LineString","coordinates":[[-82.6923403,9.6405006],[-82.69263,9.6407094],[-82.6929331,9.6408734],[-82.6932322,9.6409685],[-82.6933086,9.6410638],[-82.6934482,9.6412049],[-82.6934601,9.6412105],[-82.6936187,9.6412571]]},"properties":{"osm_way_id":683988317,"highway":"path","road_class":"path","name":null,"surface":"ground","access":null,"source":"OpenStreetMap contributors"}},{"type":"Feature","id":"osm:way/776356428","geometry":{"type":"LineString","coordinates":[[-82.7381605,9.6375984],[-82.7382571,9.6373921],[-82.7382517,9.6372282],[-82.7381766,9.6370801],[-82.7378655,9.6366676],[-82.7376241,9.6363978]]},"properties":{"osm_way_id":776356428,"highway":"residential","road_class":"local","name":null,"surface":null,"access":null,"source":"OpenStreetMap contributors"}},{"type":"Feature","id":"osm:way/776356429","geometry":{"type":"LineString","coordinates":[[-82.7371997,9.6398969],[-82.737506,9.6394441],[-82.7376455,9.6389364],[-82.7377099,9.6383282],[-82.7377877,9.6380743],[-82.7379057,9.637794],[-82.7380586,9.6376539],[-82.7381605,9.6375984]]},"properties":{"osm_way_id":776356429,"highway":"residential","road_class":"local","name":null,"surface":null,"access":null,"source":"OpenStreetMap contributors"}},{"type":"Feature","id":"osm:way/776356430","geometry":{"type":"LineString","coordinates":[[-82.7371997,9.6398969],[-82.7367148,9.6395816],[-82.736299,9.6393489],[-82.7360631,9.6392501],[-82.7357465,9.6391638],[-82.7352718,9.6391532],[-82.7351447,9.6390989],[-82.7350304,9.6390501],[-82.734856,9.639066],[-82.7347724,9.6392135],[-82.7347886,9.6394988],[-82.734738,9.6397562],[-82.7346641,9.6398884],[-82.734425,9.6400386]]},"properties":{"osm_way_id":776356430,"highway":"residential","road_class":"local","name":null,"surface":null,"access":null,"source":"OpenStreetMap contributors"}},{"type":"Feature","id":"osm:way/776356431","geometry":{"type":"LineString","coordinates":[[-82.7234909,9.6428788],[-82.723313,9.6426083],[-82.7232377,9.6424198],[-82.7231348,9.6420832],[-82.7230637,9.6419033],[-82.7230436,9.641709],[-82.7230664,9.6415702],[-82.7230664,9.6414247],[-82.7230065,9.6413124],[-82.7229819,9.6412661],[-82.7229282,9.6411153],[-82.7229175,9.6401158]]},"properties":{"osm_way_id":776356431,"highway":"unclassified","road_class":"local","name":"Calle Villas del Caribe","surface":null,"access":null,"source":"OpenStreetMap contributors"}},{"type":"Feature","id":"osm:way/776631299","geometry":{"type":"LineString","coordinates":[[-82.7392629,9.6502302],[-82.7391556,9.6503307],[-82.7389598,9.6503968],[-82.738587,9.6504708],[-82.7383295,9.6504946],[-82.7380586,9.6505026],[-82.737911,9.6505343],[-82.7377903,9.6505713],[-82.7374771,9.6508694]]},"properties":{"osm_way_id":776631299,"highway":"residential","road_class":"local","name":"Calle Cariblue","surface":"compacted","access":null,"source":"OpenStreetMap contributors"}},{"type":"Feature","id":"osm:way/776631301","geometry":{"type":"LineString","coordinates":[[-82.7246846,9.6430217],[-82.7246931,9.642337],[-82.7246717,9.6420065],[-82.7246314,9.6419668],[-82.7245241,9.6419404],[-82.723977,9.6420038],[-82.7238885,9.6420038],[-82.7237651,9.6419747],[-82.7236015,9.6419483],[-82.7234808,9.6419615],[-82.7231348,9.6420832]]},"properties":{"osm_way_id":776631301,"highway":"residential","road_class":"local","name":"Calle Jaguar","surface":null,"access":null,"source":"OpenStreetMap contributors"}},{"type":"Feature","id":"osm:way/776631302","geometry":{"type":"LineString","coordinates":[[-82.7291214,9.6438681],[-82.7289122,9.6440611],[-82.7288693,9.6441246],[-82.7286638,9.6445667]]},"properties":{"osm_way_id":776631302,"highway":"service","road_class":"local","name":null,"surface":null,"access":null,"source":"OpenStreetMap contributors"}},{"type":"Feature","id":"osm:way/776631303","geometry":{"type":"LineString","coordinates":[[-82.7162026,9.6250877],[-82.7165001,9.6253372],[-82.7165373,9.6254039],[-82.716588,9.6255038],[-82.7166488,9.6255938],[-82.717007,9.6257704],[-82.7170577,9.625807],[-82.7170848,9.625857],[-82.7170881,9.6262801],[-82.7170983,9.6263301],[-82.7171287,9.6264067],[-82.7175579,9.6269598],[-82.7176491,9.6270931],[-82.7176897,9.6272264],[-82.717693,9.6277261],[-82.7177066,9.6278128],[-82.7177403,9.6278827],[-82.7181594,9.6282559],[-82.7185007,9.6285024],[-82.7187575,9.628639],[-82.7188319,9.6286923],[-82.7189029,9.6287656],[-82.7189975,9.6290588],[-82.7190549,9.6291555],[-82.7191394,9.6292754],[-82.7192543,9.6294153],[-82.7193151,9.629512],[-82.719403,9.6296486],[-82.7194976,9.6297618],[-82.7195889,9.6298251],[-82.71992,9.6299118],[-82.7207243,9.6298784],[-82.7208223,9.6298951],[-82.7209203,9.6299251],[-82.7211366,9.6300684],[-82.7212211,9.6301716],[-82.7214644,9.6306747],[-82.7215421,9.6307814],[-82.721799,9.6310745],[-82.7221741,9.6315077],[-82.722316,9.6317376],[-82.7224757,9.6321293]]},"properties":{"osm_way_id":776631303,"highway":"residential","road_class":"local","name":null,"surface":null,"access":null,"source":"OpenStreetMap contributors"}},{"type":"Feature","id":"osm:way/776631304","geometry":{"type":"LineString","coordinates":[[-82.7261412,9.6357056],[-82.7263676,9.6351526],[-82.7264183,9.6351259],[-82.7264994,9.6351359],[-82.72813,9.635571]]},"properties":{"osm_way_id":776631304,"highway":"residential","road_class":"local","name":null,"surface":null,"access":null,"source":"OpenStreetMap contributors"}},{"type":"Feature","id":"osm:way/776631305","geometry":{"type":"LineString","coordinates":[[-82.715414,9.6360072],[-82.7150506,9.6373418],[-82.7150452,9.6375005],[-82.7150586,9.6377121],[-82.7152813,9.6381484],[-82.715292,9.6382595],[-82.7153027,9.6383546],[-82.7153295,9.6384551],[-82.7154958,9.6389999],[-82.7155361,9.6391189],[-82.7156246,9.6392881],[-82.715646,9.6393569],[-82.7156487,9.6394388],[-82.7155814,9.6398772]]},"properties":{"osm_way_id":776631305,"highway":"unclassified","road_class":"local","name":null,"surface":null,"access":null,"source":"OpenStreetMap contributors"}},{"type":"Feature","id":"osm:way/837942309","geometry":{"type":"LineString","coordinates":[[-82.708011,9.6376567],[-82.7081627,9.6384697],[-82.7082458,9.6390276]]},"properties":{"osm_way_id":837942309,"highway":"service","road_class":"local","name":null,"surface":null,"access":null,"source":"OpenStreetMap contributors"}},{"type":"Feature","id":"osm:way/837942310","geometry":{"type":"LineString","coordinates":[[-82.7060893,9.6375512],[-82.7059887,9.6371435],[-82.7058962,9.6369188],[-82.7055463,9.6362174]]},"properties":{"osm_way_id":837942310,"highway":"residential","road_class":"local","name":null,"surface":null,"access":null,"source":"OpenStreetMap contributors"}},{"type":"Feature","id":"osm:way/887587115","geometry":{"type":"LineString","coordinates":[[-82.7265732,9.6435613],[-82.7266562,9.643136],[-82.7267092,9.6427202],[-82.7267518,9.6418466],[-82.72679,9.6412904],[-82.7268344,9.6408991],[-82.7268249,9.6405377],[-82.7268019,9.6402942],[-82.7266989,9.6399385],[-82.7265852,9.6395381],[-82.7264991,9.6390566],[-82.726463,9.6387597],[-82.7264186,9.6386375],[-82.7263527,9.6385509],[-82.7260729,9.6382919],[-82.7259106,9.6381485]]},"properties":{"osm_way_id":887587115,"highway":"residential","road_class":"local","name":"Calle Olé Caribe","surface":null,"access":null,"source":"OpenStreetMap contributors"}},{"type":"Feature","id":"osm:way/906378536","geometry":{"type":"LineString","coordinates":[[-82.7369633,9.5975295],[-82.7362181,9.5984167],[-82.7357668,9.599034],[-82.7352098,9.5995672],[-82.7349822,9.5997596],[-82.7348277,9.6000722],[-82.7344414,9.6008298],[-82.7342056,9.6010984],[-82.7339739,9.6012187],[-82.7337666,9.601383],[-82.7333519,9.6020404],[-82.7331202,9.602325],[-82.7328925,9.6025575],[-82.7326852,9.6030666],[-82.7324144,9.6033783],[-82.7321987,9.6035849],[-82.7320261,9.6038583],[-82.73202,9.6040163],[-82.7320631,9.6043201],[-82.7320446,9.6045206],[-82.7321617,9.6047757],[-82.7322726,9.6050066],[-82.7322726,9.6057357],[-82.732285,9.6062886],[-82.732174,9.6068658],[-82.7321186,9.6070602],[-82.7318906,9.6073518],[-82.7317858,9.6077589],[-82.7316195,9.6080445],[-82.7315209,9.6084151],[-82.7314284,9.6090226],[-82.7313791,9.6092596],[-82.7312805,9.6093568],[-82.7311326,9.6095026],[-82.7309848,9.6096363],[-82.7308369,9.6097639],[-82.7307506,9.6099826],[-82.7305411,9.6102195],[-82.7302022,9.610414],[-82.7299372,9.6107603],[-82.7295428,9.6117081],[-82.7295613,9.6121151],[-82.7296661,9.612583],[-82.729777,9.6131905]]},"properties":{"osm_way_id":906378536,"highway":"unclassified","road_class":"local","name":"Calle Toro","surface":null,"access":null,"source":"OpenStreetMap contributors"}},{"type":"Feature","id":"osm:way/906677183","geometry":{"type":"LineString","coordinates":[[-82.7014722,9.6368341],[-82.7010462,9.6384845]]},"properties":{"osm_way_id":906677183,"highway":"unclassified","road_class":"local","name":"Calle Coralina","surface":null,"access":null,"source":"OpenStreetMap contributors"}},{"type":"Feature","id":"osm:way/906677184","geometry":{"type":"LineString","coordinates":[[-82.7081175,9.6355295],[-82.708212,9.6353144],[-82.7083069,9.635125],[-82.7085121,9.6348858],[-82.7088097,9.6345664]]},"properties":{"osm_way_id":906677184,"highway":"residential","road_class":"local","name":"Calle Mango","surface":null,"access":null,"source":"OpenStreetMap contributors"}},{"type":"Feature","id":"osm:way/908437058","geometry":{"type":"LineString","coordinates":[[-82.7265162,9.6314203],[-82.7259583,9.6326409],[-82.7260471,9.6327008],[-82.7262339,9.6327376],[-82.7264814,9.6328389],[-82.7265748,9.6329034]]},"properties":{"osm_way_id":908437058,"highway":"residential","road_class":"local","name":null,"surface":null,"access":null,"source":"OpenStreetMap contributors"}},{"type":"Feature","id":"osm:way/908437059","geometry":{"type":"LineString","coordinates":[[-82.7281333,9.6332222],[-82.7276956,9.6334973],[-82.7272753,9.6330093],[-82.7265748,9.6329034]]},"properties":{"osm_way_id":908437059,"highway":"residential","road_class":"local","name":null,"surface":null,"access":null,"source":"OpenStreetMap contributors"}},{"type":"Feature","id":"osm:way/908437060","geometry":{"type":"LineString","coordinates":[[-82.7276956,9.6334973],[-82.72742,9.6338656],[-82.7272613,9.6341925],[-82.7272239,9.634234],[-82.7271679,9.6342386],[-82.7271025,9.6341879],[-82.7269297,9.6340268],[-82.726827,9.6339301],[-82.7266962,9.6338841],[-82.7266215,9.6338288]]},"properties":{"osm_way_id":908437060,"highway":"residential","road_class":"local","name":null,"surface":null,"access":null,"source":"OpenStreetMap contributors"}},{"type":"Feature","id":"osm:way/908437061","geometry":{"type":"LineString","coordinates":[[-82.7250478,9.6306309],[-82.7243075,9.6311069],[-82.7237282,9.6309747],[-82.7233312,9.6309747],[-82.7225778,9.6310274]]},"properties":{"osm_way_id":908437061,"highway":"residential","road_class":"local","name":null,"surface":null,"access":null,"source":"OpenStreetMap contributors"}},{"type":"Feature","id":"osm:way/908442871","geometry":{"type":"LineString","coordinates":[[-82.7345362,9.6439049],[-82.7360373,9.6438442]]},"properties":{"osm_way_id":908442871,"highway":"residential","road_class":"local","name":null,"surface":null,"access":null,"source":"OpenStreetMap contributors"}},{"type":"Feature","id":"osm:way/908442872","geometry":{"type":"LineString","coordinates":[[-82.7345162,9.6437254],[-82.7338541,9.6436438],[-82.7336508,9.6434996]]},"properties":{"osm_way_id":908442872,"highway":"residential","road_class":"local","name":null,"surface":null,"access":null,"source":"OpenStreetMap contributors"}},{"type":"Feature","id":"osm:way/908442873","geometry":{"type":"LineString","coordinates":[[-82.736953,9.6467691],[-82.7373251,9.6463701],[-82.737457,9.6462282]]},"properties":{"osm_way_id":908442873,"highway":"residential","road_class":"local","name":null,"surface":null,"access":null,"source":"OpenStreetMap contributors"}},{"type":"Feature","id":"osm:way/1010348238","geometry":{"type":"LineString","coordinates":[[-82.7015989,9.6339589],[-82.7014598,9.6339068],[-82.7013123,9.6338962],[-82.7011997,9.6339359],[-82.7009636,9.6341845],[-82.7007169,9.6344674],[-82.7006283,9.6345944],[-82.7004808,9.6348958],[-82.7004674,9.6350254],[-82.7004996,9.6351206]]},"properties":{"osm_way_id":1010348238,"highway":"residential","road_class":"local","name":null,"surface":null,"access":null,"source":"OpenStreetMap contributors"}},{"type":"Feature","id":"osm:way/1021746807","geometry":{"type":"LineString","coordinates":[[-82.6942074,9.6349374],[-82.6938347,9.6343624],[-82.6937859,9.6340177],[-82.6939079,9.6337611],[-82.6941925,9.6334806],[-82.6947535,9.633208],[-82.69503,9.6330798],[-82.6952007,9.6328954],[-82.6952007,9.6324705],[-82.6951357,9.6320456],[-82.6950507,9.6316682],[-82.6948639,9.6313644],[-82.6946398,9.6311802],[-82.6943129,9.6311341],[-82.6935377,9.6310236],[-82.6929212,9.6310329],[-82.6926037,9.6310052],[-82.6921834,9.6308763],[-82.6914735,9.6302778],[-82.6911933,9.6297345]]},"properties":{"osm_way_id":1021746807,"highway":"residential","road_class":"local","name":"Calle El Refugio","surface":null,"access":null,"source":"OpenStreetMap contributors"}},{"type":"Feature","id":"osm:way/1023488541","geometry":{"type":"LineString","coordinates":[[-82.7310623,9.6452704],[-82.7306986,9.6456477],[-82.7307361,9.6463405],[-82.7308863,9.6465309],[-82.730839,9.6467422]]},"properties":{"osm_way_id":1023488541,"highway":"path","road_class":"path","name":null,"surface":null,"access":null,"source":"OpenStreetMap contributors"}},{"type":"Feature","id":"osm:way/1023498842","geometry":{"type":"LineString","coordinates":[[-82.7364233,9.6496584],[-82.7361816,9.6499507],[-82.736219,9.6501049],[-82.7360885,9.6502722]]},"properties":{"osm_way_id":1023498842,"highway":"path","road_class":"path","name":null,"surface":null,"access":null,"source":"OpenStreetMap contributors"}},{"type":"Feature","id":"osm:way/1062172671","geometry":{"type":"LineString","coordinates":[[-82.7116484,9.641444],[-82.7117064,9.6414156],[-82.711866,9.6414765],[-82.7119424,9.6413985],[-82.7120551,9.6412807],[-82.7121168,9.6411433],[-82.7121476,9.6410388],[-82.7121221,9.6407942],[-82.7120216,9.6405708],[-82.7119947,9.6404544],[-82.7120122,9.6403381],[-82.7120055,9.6403024],[-82.711976,9.6402442],[-82.7119666,9.6401384],[-82.7119263,9.6401054],[-82.7117963,9.6400908],[-82.711744,9.6400366],[-82.7118016,9.6398793],[-82.711815,9.6397986],[-82.7118037,9.639748]]},"properties":{"osm_way_id":1062172671,"highway":"path","road_class":"path","name":null,"surface":"ground","access":null,"source":"OpenStreetMap contributors"}},{"type":"Feature","id":"osm:way/1062172672","geometry":{"type":"LineString","coordinates":[[-82.7129029,9.6376571],[-82.7131092,9.6378657],[-82.7132607,9.6379634]]},"properties":{"osm_way_id":1062172672,"highway":"footway","road_class":"path","name":null,"surface":"paved","access":null,"source":"OpenStreetMap contributors"}},{"type":"Feature","id":"osm:way/1062179037","geometry":{"type":"LineString","coordinates":[[-82.7132607,9.6379634],[-82.7133526,9.6379092],[-82.7134547,9.6378354],[-82.7135217,9.6379808],[-82.7135164,9.6381659],[-82.7135324,9.6383457],[-82.7135566,9.6385864]]},"properties":{"osm_way_id":1062179037,"highway":"footway","road_class":"path","name":null,"surface":"paved","access":null,"source":"OpenStreetMap contributors"}},{"type":"Feature","id":"osm:way/1062179038","geometry":{"type":"LineString","coordinates":[[-82.7131092,9.6378657],[-82.7132181,9.6377844],[-82.7132439,9.6377647],[-82.7133313,9.6376979],[-82.7134547,9.6378354],[-82.7135492,9.6377997]]},"properties":{"osm_way_id":1062179038,"highway":"footway","road_class":"path","name":null,"surface":"paved","access":null,"source":"OpenStreetMap contributors"}},{"type":"Feature","id":"osm:way/1062179039","geometry":{"type":"LineString","coordinates":[[-82.7132181,9.6377844],[-82.7131677,9.6377243],[-82.713291,9.6376133]]},"properties":{"osm_way_id":1062179039,"highway":"footway","road_class":"path","name":null,"surface":"paved","access":null,"source":"OpenStreetMap contributors"}},{"type":"Feature","id":"osm:way/1062179041","geometry":{"type":"LineString","coordinates":[[-82.7133313,9.6376979],[-82.713291,9.6376133],[-82.7132642,9.637563]]},"properties":{"osm_way_id":1062179041,"highway":"footway","road_class":"path","name":null,"surface":"paved","access":null,"source":"OpenStreetMap contributors"}},{"type":"Feature","id":"osm:way/1062179042","geometry":{"type":"LineString","coordinates":[[-82.7132125,9.6373509],[-82.7133822,9.6374176],[-82.7134949,9.637526],[-82.7137256,9.6375445],[-82.7138409,9.6376],[-82.7140018,9.637764]]},"properties":{"osm_way_id":1062179042,"highway":"service","road_class":"local","name":null,"surface":"gravel","access":null,"source":"OpenStreetMap contributors"}},{"type":"Feature","id":"osm:way/1062179043","geometry":{"type":"LineString","coordinates":[[-82.714152,9.6359923],[-82.7143317,9.6354422],[-82.7144685,9.6350006],[-82.7146322,9.6344559],[-82.7146617,9.6343131],[-82.7145946,9.633964],[-82.7146268,9.6337869],[-82.7146643,9.6336943],[-82.7147394,9.6336811],[-82.7148092,9.6337604]]},"properties":{"osm_way_id":1062179043,"highway":"residential","road_class":"local","name":"Calle Selvatica","surface":null,"access":null,"source":"OpenStreetMap contributors"}},{"type":"Feature","id":"osm:way/1062179044","geometry":{"type":"LineString","coordinates":[[-82.7140541,9.6362775],[-82.7140474,9.6365635],[-82.7140662,9.6368041],[-82.7140635,9.636939]]},"properties":{"osm_way_id":1062179044,"highway":"service","road_class":"local","name":null,"surface":"gravel","access":null,"source":"OpenStreetMap contributors"}},{"type":"Feature","id":"osm:way/1062179046","geometry":{"type":"LineString","coordinates":[[-82.7133526,9.6379092],[-82.7132439,9.6377647]]},"properties":{"osm_way_id":1062179046,"highway":"footway","road_class":"path","name":null,"surface":"paved","access":null,"source":"OpenStreetMap contributors"}},{"type":"Feature","id":"osm:way/1072260169","geometry":{"type":"LineString","coordinates":[[-82.719725,9.6421801],[-82.7194097,9.6425958],[-82.7189685,9.6431085],[-82.7184525,9.6434919]]},"properties":{"osm_way_id":1072260169,"highway":"service","road_class":"local","name":null,"surface":null,"access":null,"source":"OpenStreetMap contributors"}},{"type":"Feature","id":"osm:way/1083853986","geometry":{"type":"LineString","coordinates":[[-82.729777,9.6131905],[-82.7296833,9.6133194],[-82.7291602,9.6134299],[-82.7287026,9.6133471],[-82.7285812,9.6130063],[-82.7285438,9.6127669],[-82.7280208,9.6125919],[-82.7275257,9.6124262],[-82.7272922,9.612242],[-82.7269653,9.6119565],[-82.7267879,9.6116803],[-82.7264703,9.611229],[-82.7261808,9.610833],[-82.7254616,9.6098477],[-82.7248873,9.6094063],[-82.7244797,9.608962],[-82.7241792,9.6082004],[-82.7241149,9.607608],[-82.7238788,9.6070156],[-82.7235999,9.6065078],[-82.7232995,9.6061905],[-82.7228489,9.6056193],[-82.7226987,9.6049634],[-82.7227201,9.6044133],[-82.7231922,9.6035882],[-82.7233639,9.6029112],[-82.7238788,9.6021072],[-82.7242706,9.6015813],[-82.724394,9.6014014],[-82.7245496,9.6012216],[-82.724609,9.6010889]]},"properties":{"osm_way_id":1083853986,"highway":"track","road_class":"local","name":"Calle Toro","surface":null,"access":null,"source":"OpenStreetMap contributors"}},{"type":"Feature","id":"osm:way/1084297489","geometry":{"type":"LineString","coordinates":[[-82.7160573,9.6317114],[-82.7162524,9.6319038],[-82.7163988,9.6321603],[-82.7164801,9.6323527],[-82.7164933,9.6325238],[-82.7163704,9.6328285],[-82.7162537,9.6330612],[-82.7162269,9.6332805],[-82.7162585,9.6335086],[-82.7163656,9.6338018],[-82.7166102,9.6340361],[-82.7168053,9.6345652],[-82.7169844,9.6351393],[-82.7173209,9.6364788],[-82.7175323,9.6373766],[-82.7176926,9.6378907],[-82.7177393,9.638084]]},"properties":{"osm_way_id":1084297489,"highway":"residential","road_class":"local","name":null,"surface":null,"access":null,"source":"OpenStreetMap contributors"}},{"type":"Feature","id":"osm:way/1084956144","geometry":{"type":"LineString","coordinates":[[-82.7352825,9.6464648],[-82.7355044,9.6462105],[-82.7364214,9.6450998],[-82.7365723,9.644954],[-82.7367449,9.6448507],[-82.7374038,9.6444538],[-82.7375673,9.6443341],[-82.7378849,9.6440256],[-82.7381791,9.6436158],[-82.738576,9.6429068]]},"properties":{"osm_way_id":1084956144,"highway":"residential","road_class":"local","name":"Calle Tía Seidy","surface":null,"access":null,"source":"OpenStreetMap contributors"}},{"type":"Feature","id":"osm:way/1097512683","geometry":{"type":"LineString","coordinates":[[-82.7351447,9.6390989],[-82.7350275,9.6392935],[-82.7349639,9.6396329]]},"properties":{"osm_way_id":1097512683,"highway":"track","road_class":"local","name":null,"surface":null,"access":null,"source":"OpenStreetMap contributors"}},{"type":"Feature","id":"osm:way/1097512684","geometry":{"type":"LineString","coordinates":[[-82.734425,9.6400386],[-82.7341856,9.6399722],[-82.7339088,9.6400054],[-82.7335907,9.6398616],[-82.7335309,9.639537],[-82.7335795,9.6393451],[-82.7336618,9.6393193],[-82.7337441,9.6393304],[-82.7338414,9.6391939],[-82.7337965,9.6390501]]},"properties":{"osm_way_id":1097512684,"highway":"path","road_class":"path","name":null,"surface":"ground","access":null,"source":"OpenStreetMap contributors"}},{"type":"Feature","id":"osm:way/1097512685","geometry":{"type":"LineString","coordinates":[[-82.734856,9.639066],[-82.7337965,9.6390501],[-82.7335346,9.6391533]]},"properties":{"osm_way_id":1097512685,"highway":"track","road_class":"local","name":null,"surface":null,"access":null,"source":"OpenStreetMap contributors"}},{"type":"Feature","id":"osm:way/1097512686","geometry":{"type":"LineString","coordinates":[[-82.7355775,9.6368811],[-82.7356411,9.6368627],[-82.735989,9.6372021],[-82.7360002,9.6372758],[-82.7359703,9.6373644],[-82.7354091,9.6377996],[-82.7352407,9.6381058],[-82.7352033,9.6389099],[-82.7351447,9.6390989]]},"properties":{"osm_way_id":1097512686,"highway":"track","road_class":"local","name":null,"surface":null,"access":null,"source":"OpenStreetMap contributors"}},{"type":"Feature","id":"osm:way/1122503049","geometry":{"type":"LineString","coordinates":[[-82.7370116,9.6506045],[-82.7361816,9.6499507],[-82.7358404,9.6496643],[-82.7349874,9.6493417],[-82.7341989,9.6488102],[-82.7340728,9.648559],[-82.7338797,9.6484374]]},"properties":{"osm_way_id":1122503049,"highway":"path","road_class":"path","name":null,"surface":null,"access":null,"source":"OpenStreetMap contributors"}},{"type":"Feature","id":"osm:way/1122503051","geometry":{"type":"LineString","coordinates":[[-82.6932322,9.6409685],[-82.6930846,9.6405362],[-82.6927909,9.640408],[-82.692638,9.6402044]]},"properties":{"osm_way_id":1122503051,"highway":"path","road_class":"path","name":null,"surface":null,"access":null,"source":"OpenStreetMap contributors"}},{"type":"Feature","id":"osm:way/1122503052","geometry":{"type":"LineString","coordinates":[[-82.6913083,9.6403281],[-82.691592,9.6404225],[-82.6917476,9.6403643],[-82.691887,9.6402586],[-82.6919568,9.6398831],[-82.6920372,9.6397826],[-82.6922196,9.639772],[-82.6924396,9.6398566],[-82.6925377,9.6398317],[-82.6926059,9.6398143],[-82.6929653,9.6389787],[-82.6935071,9.6384498],[-82.6937755,9.6382897]]},"properties":{"osm_way_id":1122503052,"highway":"path","road_class":"path","name":null,"surface":null,"access":null,"source":"OpenStreetMap contributors"}},{"type":"Feature","id":"osm:way/1122529628","geometry":{"type":"LineString","coordinates":[[-82.7266215,9.6338288],[-82.7262756,9.6336741],[-82.7258331,9.6336318]]},"properties":{"osm_way_id":1122529628,"highway":"residential","road_class":"local","name":null,"surface":null,"access":null,"source":"OpenStreetMap contributors"}},{"type":"Feature","id":"osm:way/1122529629","geometry":{"type":"LineString","coordinates":[[-82.7281333,9.6332222],[-82.7284885,9.6330183],[-82.7287138,9.6328544],[-82.728805,9.6326164],[-82.7287942,9.6323625],[-82.7285421,9.6318601],[-82.7284992,9.6313312],[-82.728644,9.6311672],[-82.7288157,9.6310562]]},"properties":{"osm_way_id":1122529629,"highway":"residential","road_class":"local","name":null,"surface":null,"access":null,"source":"OpenStreetMap contributors"}},{"type":"Feature","id":"osm:way/1122529630","geometry":{"type":"LineString","coordinates":[[-82.7281333,9.6332222],[-82.7275985,9.6326672],[-82.7271666,9.63225],[-82.7268039,9.6316368],[-82.7265162,9.6314203]]},"properties":{"osm_way_id":1122529630,"highway":"residential","road_class":"local","name":"Calle Chilamate","surface":null,"access":null,"source":"OpenStreetMap contributors"}},{"type":"Feature","id":"osm:way/1122529631","geometry":{"type":"LineString","coordinates":[[-82.7265162,9.6314203],[-82.7264929,9.6313218],[-82.7265361,9.6309641],[-82.7267175,9.6305724],[-82.726873,9.6302999],[-82.7269005,9.630171],[-82.7266287,9.6298196],[-82.7263802,9.6295162],[-82.7257314,9.6292405],[-82.7251918,9.6288965],[-82.7248309,9.6288391],[-82.7243527,9.6287974],[-82.7239352,9.62873],[-82.7232626,9.6287671],[-82.7227518,9.6287993]]},"properties":{"osm_way_id":1122529631,"highway":"residential","road_class":"local","name":"Calle Chilamate","surface":null,"access":null,"source":"OpenStreetMap contributors"}},{"type":"Feature","id":"osm:way/1122532024","geometry":{"type":"LineString","coordinates":[[-82.7341145,9.6314342],[-82.7339078,9.6313603],[-82.7337013,9.6312968],[-82.7335782,9.6312618],[-82.7332601,9.6311712],[-82.7324407,9.6309557],[-82.732269,9.6309193],[-82.7322248,9.6309206],[-82.7321886,9.6309365],[-82.7321309,9.6310601],[-82.7320994,9.6311838]]},"properties":{"osm_way_id":1122532024,"highway":"residential","road_class":"local","name":null,"surface":null,"access":null,"source":"OpenStreetMap contributors"}},{"type":"Feature","id":"osm:way/1122791647","geometry":{"type":"LineString","coordinates":[[-82.7358496,9.6475903],[-82.7361431,9.6471375],[-82.7362734,9.6469339],[-82.7366834,9.6463876]]},"properties":{"osm_way_id":1122791647,"highway":"residential","road_class":"local","name":null,"surface":null,"access":null,"source":"OpenStreetMap contributors"}},{"type":"Feature","id":"osm:way/1122791648","geometry":{"type":"LineString","coordinates":[[-82.7355882,9.6477319],[-82.7358496,9.6475903],[-82.7364698,9.6472618],[-82.7366756,9.6470467],[-82.736953,9.6467691]]},"properties":{"osm_way_id":1122791648,"highway":"residential","road_class":"local","name":null,"surface":null,"access":null,"source":"OpenStreetMap contributors"}},{"type":"Feature","id":"osm:way/1122791649","geometry":{"type":"LineString","coordinates":[[-82.7358645,9.6430087],[-82.734617,9.6429771]]},"properties":{"osm_way_id":1122791649,"highway":"residential","road_class":"local","name":"Calle Arcoiris","surface":null,"access":null,"source":"OpenStreetMap contributors"}},{"type":"Feature","id":"osm:way/1122791650","geometry":{"type":"LineString","coordinates":[[-82.7347326,9.6428289],[-82.7342767,9.642649]]},"properties":{"osm_way_id":1122791650,"highway":"service","road_class":"local","name":null,"surface":null,"access":null,"source":"OpenStreetMap contributors"}},{"type":"Feature","id":"osm:way/1122791651","geometry":{"type":"LineString","coordinates":[[-82.7365892,9.6411291],[-82.7357358,9.6406658]]},"properties":{"osm_way_id":1122791651,"highway":"service","road_class":"local","name":null,"surface":null,"access":null,"source":"OpenStreetMap contributors"}},{"type":"Feature","id":"osm:way/1122791652","geometry":{"type":"LineString","coordinates":[[-82.7166197,9.6419853],[-82.7168182,9.6411048],[-82.7170274,9.6408853],[-82.7171883,9.6406975],[-82.7172165,9.6402744]]},"properties":{"osm_way_id":1122791652,"highway":"track","road_class":"local","name":null,"surface":null,"access":null,"source":"OpenStreetMap contributors"}},{"type":"Feature","id":"osm:way/1122791653","geometry":{"type":"LineString","coordinates":[[-82.706461,9.635081],[-82.7066445,9.6347636]]},"properties":{"osm_way_id":1122791653,"highway":"residential","road_class":"local","name":null,"surface":null,"access":null,"source":"OpenStreetMap contributors"}},{"type":"Feature","id":"osm:way/1184933861","geometry":{"type":"LineString","coordinates":[[-82.7332024,9.6445424],[-82.7334153,9.64404]]},"properties":{"osm_way_id":1184933861,"highway":"service","road_class":"local","name":null,"surface":null,"access":null,"source":"OpenStreetMap contributors"}},{"type":"Feature","id":"osm:way/1184949535","geometry":{"type":"LineString","coordinates":[[-82.7335782,9.6312618],[-82.7336115,9.6311355],[-82.7336416,9.6310006],[-82.7336577,9.6307098]]},"properties":{"osm_way_id":1184949535,"highway":"residential","road_class":"local","name":null,"surface":null,"access":null,"source":"OpenStreetMap contributors"}},{"type":"Feature","id":"osm:way/1184950433","geometry":{"type":"LineString","coordinates":[[-82.7342757,9.6299163],[-82.7339226,9.6297743],[-82.733757,9.6297168],[-82.733645,9.6296877],[-82.7335451,9.6296778],[-82.7330147,9.6297168]]},"properties":{"osm_way_id":1184950433,"highway":"residential","road_class":"local","name":null,"surface":null,"access":null,"source":"OpenStreetMap contributors"}},{"type":"Feature","id":"osm:way/1185201237","geometry":{"type":"LineString","coordinates":[[-82.7082431,9.6376757],[-82.7082051,9.6373688],[-82.7081808,9.6371114],[-82.7081707,9.6369877],[-82.7081484,9.6369218],[-82.7081019,9.636858],[-82.7079663,9.6367562],[-82.7078448,9.6366784],[-82.7076526,9.6366285]]},"properties":{"osm_way_id":1185201237,"highway":"residential","road_class":"local","name":null,"surface":null,"access":null,"source":"OpenStreetMap contributors"}},{"type":"Feature","id":"osm:way/1185205263","geometry":{"type":"LineString","coordinates":[[-82.6978852,9.6355433],[-82.6979187,9.6354129],[-82.6979805,9.6351695],[-82.6979946,9.6351435],[-82.6980483,9.6350986],[-82.6982173,9.6350188]]},"properties":{"osm_way_id":1185205263,"highway":"residential","road_class":"local","name":null,"surface":null,"access":null,"source":"OpenStreetMap contributors"}},{"type":"Feature","id":"osm:way/1185208397","geometry":{"type":"LineString","coordinates":[[-82.698455,9.6253829],[-82.6983019,9.6253702],[-82.6982533,9.6253814],[-82.6981918,9.6254283]]},"properties":{"osm_way_id":1185208397,"highway":"residential","road_class":"local","name":null,"surface":null,"access":null,"source":"OpenStreetMap contributors"}},{"type":"Feature","id":"osm:way/1185208398","geometry":{"type":"LineString","coordinates":[[-82.6984796,9.6253076],[-82.6983019,9.625206]]},"properties":{"osm_way_id":1185208398,"highway":"residential","road_class":"local","name":null,"surface":null,"access":null,"source":"OpenStreetMap contributors"}},{"type":"Feature","id":"osm:way/1185208399","geometry":{"type":"LineString","coordinates":[[-82.6985812,9.6256444],[-82.6984933,9.6257933],[-82.6984591,9.6258106]]},"properties":{"osm_way_id":1185208399,"highway":"residential","road_class":"local","name":null,"surface":null,"access":null,"source":"OpenStreetMap contributors"}},{"type":"Feature","id":"osm:way/1185208400","geometry":{"type":"LineString","coordinates":[[-82.7002232,9.6256055],[-82.6998056,9.6254252],[-82.6997063,9.625358],[-82.6995305,9.6252438],[-82.6993899,9.6251438],[-82.6992823,9.6250969],[-82.6991003,9.6250602],[-82.6988935,9.6250643],[-82.6987053,9.6251153],[-82.6985336,9.6252315],[-82.6984796,9.6253076],[-82.698455,9.6253829],[-82.6984591,9.6254844],[-82.698485,9.6255517],[-82.6985491,9.625619],[-82.6985812,9.6256444],[-82.6988666,9.6258371],[-82.698999,9.6259401],[-82.6991748,9.6261063]]},"properties":{"osm_way_id":1185208400,"highway":"residential","road_class":"local","name":null,"surface":null,"access":null,"source":"OpenStreetMap contributors"}},{"type":"Feature","id":"osm:way/1185460674","geometry":{"type":"LineString","coordinates":[[-82.735603,9.6482021],[-82.7355051,9.6482549],[-82.7354005,9.6483329],[-82.7352396,9.6485022],[-82.7351108,9.6487018]]},"properties":{"osm_way_id":1185460674,"highway":"service","road_class":"local","name":null,"surface":null,"access":null,"source":"OpenStreetMap contributors"}},{"type":"Feature","id":"osm:way/1187982076","geometry":{"type":"LineString","coordinates":[[-82.7229497,9.6365856],[-82.7232018,9.6364018],[-82.7233306,9.6363661],[-82.7234513,9.6363833],[-82.7237383,9.6365129],[-82.7237785,9.6365393],[-82.7238093,9.6365803],[-82.723808,9.6366847],[-82.7237825,9.6367972]]},"properties":{"osm_way_id":1187982076,"highway":"service","road_class":"local","name":null,"surface":null,"access":null,"source":"OpenStreetMap contributors"}},{"type":"Feature","id":"osm:way/1371187113","geometry":{"type":"LineString","coordinates":[[-82.6917654,9.6369176],[-82.6919022,9.6371005],[-82.69205,9.6373112],[-82.6923236,9.6378349],[-82.6925505,9.6381061],[-82.692594,9.6381429],[-82.6928783,9.6383832]]},"properties":{"osm_way_id":1371187113,"highway":"service","road_class":"local","name":null,"surface":null,"access":null,"source":"OpenStreetMap contributors"}},{"type":"Feature","id":"osm:way/1371187114","geometry":{"type":"LineString","coordinates":[[-82.692594,9.6381429],[-82.6927161,9.6380191],[-82.6927943,9.6378993],[-82.6928976,9.6377856]]},"properties":{"osm_way_id":1371187114,"highway":"service","road_class":"local","name":null,"surface":null,"access":null,"source":"OpenStreetMap contributors"}},{"type":"Feature","id":"osm:way/1415375134","geometry":{"type":"LineString","coordinates":[[-82.7377554,9.6486128],[-82.7379454,9.6489483],[-82.7381065,9.6491045]]},"properties":{"osm_way_id":1415375134,"highway":"residential","road_class":"local","name":null,"surface":null,"access":null,"source":"OpenStreetMap contributors"}},{"type":"Feature","id":"osm:way/1415375135","geometry":{"type":"LineString","coordinates":[[-82.7362734,9.6469339],[-82.7361974,9.6468164],[-82.7359953,9.646624],[-82.7355044,9.6462105]]},"properties":{"osm_way_id":1415375135,"highway":"residential","road_class":"local","name":null,"surface":null,"access":null,"source":"OpenStreetMap contributors"}},{"type":"Feature","id":"osm:way/1415375136","geometry":{"type":"LineString","coordinates":[[-82.7366834,9.6463876],[-82.7370122,9.645948],[-82.7371839,9.6457056],[-82.7380116,9.6445215],[-82.7389634,9.6432564]]},"properties":{"osm_way_id":1415375136,"highway":"residential","road_class":"local","name":null,"surface":null,"access":null,"source":"OpenStreetMap contributors"}},{"type":"Feature","id":"osm:way/1415375137","geometry":{"type":"LineString","coordinates":[[-82.7387174,9.6487235],[-82.7385499,9.6487031],[-82.7384117,9.6487576],[-82.7383392,9.6488342],[-82.7381065,9.6491045]]},"properties":{"osm_way_id":1415375137,"highway":"residential","road_class":"local","name":null,"surface":null,"access":null,"source":"OpenStreetMap contributors"}},{"type":"Feature","id":"osm:way/1415375433","geometry":{"type":"LineString","coordinates":[[-82.7361431,9.6471375],[-82.7358589,9.6472642],[-82.7358149,9.6472813],[-82.7357674,9.6472855],[-82.7355756,9.6472855]]},"properties":{"osm_way_id":1415375433,"highway":"service","road_class":"local","name":null,"surface":null,"access":null,"source":"OpenStreetMap contributors"}},{"type":"Feature","id":"osm:way/1437052742","geometry":{"type":"LineString","coordinates":[[-82.7230637,9.6419033],[-82.7227775,9.6417002],[-82.7227255,9.6416343],[-82.7226759,9.641539],[-82.7226635,9.641451],[-82.7227031,9.6413655],[-82.7227924,9.6413044],[-82.7228865,9.6412922],[-82.7230065,9.6413124]]},"properties":{"osm_way_id":1437052742,"highway":"service","road_class":"local","name":null,"surface":null,"access":null,"source":"OpenStreetMap contributors"}},{"type":"Feature","id":"osm:way/1465579043","geometry":{"type":"LineString","coordinates":[[-82.7063066,9.635861],[-82.7059048,9.6360402],[-82.7055463,9.6362174]]},"properties":{"osm_way_id":1465579043,"highway":"residential","road_class":"local","name":"Calle Amarilla","surface":null,"access":null,"source":"OpenStreetMap contributors"}},{"type":"Feature","id":"osm:way/1479512717","geometry":{"type":"LineString","coordinates":[[-82.7176282,9.638307],[-82.7165499,9.6375851],[-82.7164882,9.6375613],[-82.7164266,9.6375587],[-82.7163783,9.6375772],[-82.7163193,9.6376433]]},"properties":{"osm_way_id":1479512717,"highway":"residential","road_class":"local","name":null,"surface":null,"access":null,"source":"OpenStreetMap contributors"}},{"type":"Feature","id":"osm:way/1548808539","geometry":{"type":"LineString","coordinates":[[-82.722625,9.6348575],[-82.7222523,9.6353956],[-82.7218366,9.6357658],[-82.7217427,9.6357976],[-82.7217025,9.6357764],[-82.7216461,9.6357262],[-82.721343,9.6352528],[-82.7212787,9.6350968],[-82.7212974,9.6349804],[-82.7214208,9.6346235],[-82.7213994,9.6344595],[-82.7213618,9.6343511],[-82.7209541,9.6338592],[-82.7207583,9.6337931],[-82.7206752,9.6337376],[-82.7206349,9.6336503]]},"properties":{"osm_way_id":1548808539,"highway":"residential","road_class":"local","name":null,"surface":null,"access":null,"source":"OpenStreetMap contributors"}},{"type":"Feature","id":"osm:way/33564933","geometry":{"type":"LineString","coordinates":[[-82.6613658,9.6303087],[-82.6618818,9.6303215]]},"properties":{"osm_way_id":33564933,"highway":"track","road_class":"local","name":null,"surface":null,"access":null,"source":"OpenStreetMap contributors"}},{"type":"Feature","id":"osm:way/33564936","geometry":{"type":"LineString","coordinates":[[-82.6581519,9.6326136],[-82.6580178,9.6325191],[-82.6578125,9.6324598],[-82.6577071,9.6324797],[-82.6571456,9.6328128],[-82.6574853,9.633269]]},"properties":{"osm_way_id":33564936,"highway":"residential","road_class":"local","name":null,"surface":"compacted","access":null,"source":"OpenStreetMap contributors"}},{"type":"Feature","id":"osm:way/33564937","geometry":{"type":"LineString","coordinates":[[-82.6585388,9.6324709],[-82.6584439,9.6320096],[-82.6583598,9.6314531]]},"properties":{"osm_way_id":33564937,"highway":"residential","road_class":"local","name":null,"surface":"unpaved","access":null,"source":"OpenStreetMap contributors"}},{"type":"Feature","id":"osm:way/33564938","geometry":{"type":"LineString","coordinates":[[-82.6561318,9.6327427],[-82.6567789,9.6323368],[-82.6571128,9.6321254],[-82.6574992,9.6318809],[-82.6577362,9.6317149],[-82.6579245,9.6316208],[-82.6582303,9.631481],[-82.6583598,9.6314531],[-82.6586654,9.6313648],[-82.6594083,9.6311106],[-82.6596467,9.6310417]]},"properties":{"osm_way_id":33564938,"highway":"residential","road_class":"local","name":null,"surface":"unpaved","access":null,"source":"OpenStreetMap contributors"}},{"type":"Feature","id":"osm:way/33564940","geometry":{"type":"LineString","coordinates":[[-82.6613658,9.6303087],[-82.6610248,9.6303114],[-82.6604875,9.63037],[-82.6595211,9.6306037],[-82.6588389,9.6305527],[-82.6584831,9.630598],[-82.6581415,9.6306881],[-82.6573569,9.6311437],[-82.6564331,9.6317764],[-82.6558354,9.6321673]]},"properties":{"osm_way_id":33564940,"highway":"residential","road_class":"local","name":null,"surface":"unpaved","access":null,"source":"OpenStreetMap contributors"}},{"type":"Feature","id":"osm:way/33564941","geometry":{"type":"LineString","coordinates":[[-82.6571456,9.6328128],[-82.6567789,9.6323368]]},"properties":{"osm_way_id":33564941,"highway":"residential","road_class":"local","name":null,"surface":"pebblestone","access":null,"source":"OpenStreetMap contributors"}},{"type":"Feature","id":"osm:way/37605960","geometry":{"type":"LineString","coordinates":[[-82.687349,9.6424573],[-82.6874107,9.6424765],[-82.6874613,9.6425402]]},"properties":{"osm_way_id":37605960,"highway":"track","road_class":"local","name":null,"surface":null,"access":null,"source":"OpenStreetMap contributors"}},{"type":"Feature","id":"osm:way/37606236","geometry":{"type":"LineString","coordinates":[[-82.6860567,9.6433192],[-82.6860948,9.6434877],[-82.6861528,9.6434877],[-82.6864164,9.6434838],[-82.6865862,9.6433788],[-82.686664,9.6433887],[-82.6867739,9.6433133],[-82.6868398,9.6431885],[-82.6868635,9.6430697]]},"properties":{"osm_way_id":37606236,"highway":"track","road_class":"local","name":null,"surface":null,"access":null,"source":"OpenStreetMap contributors"}},{"type":"Feature","id":"osm:way/37606237","geometry":{"type":"LineString","coordinates":[[-82.6861528,9.6434877],[-82.6861087,9.643583]]},"properties":{"osm_way_id":37606237,"highway":"track","road_class":"local","name":null,"surface":null,"access":null,"source":"OpenStreetMap contributors"}},{"type":"Feature","id":"osm:way/37606238","geometry":{"type":"LineString","coordinates":[[-82.686664,9.6433887],[-82.6865842,9.64347],[-82.6865582,9.6435175]]},"properties":{"osm_way_id":37606238,"highway":"track","road_class":"local","name":null,"surface":null,"access":null,"source":"OpenStreetMap contributors"}},{"type":"Feature","id":"osm:way/37606675","geometry":{"type":"LineString","coordinates":[[-82.6248597,9.6286321],[-82.6252825,9.6288108],[-82.626291,9.6292762],[-82.627042,9.6295301],[-82.6275999,9.6298051],[-82.627836,9.6303763],[-82.6285012,9.630884],[-82.6289785,9.6311038],[-82.6297242,9.631159],[-82.6300085,9.6313365],[-82.6305396,9.6313494],[-82.6315481,9.6317514],[-82.632106,9.6323437],[-82.6332862,9.6335072],[-82.6339299,9.6338457],[-82.634917,9.634163],[-82.6360757,9.6350727],[-82.6365607,9.6353221],[-82.6370628,9.6355804],[-82.6378567,9.6351996],[-82.6391442,9.6350727],[-82.6408179,9.6352843],[-82.6422555,9.6356227],[-82.6432426,9.636067],[-82.6435107,9.6363608],[-82.6436932,9.6367863],[-82.6442322,9.6370642],[-82.6450021,9.6372094],[-82.6461179,9.6376827],[-82.6467218,9.6376697],[-82.6469038,9.6377912],[-82.6467428,9.6382381],[-82.6470969,9.6385527],[-82.6476065,9.6387457],[-82.6479445,9.6390154],[-82.6482851,9.6394518],[-82.6484353,9.639621],[-82.6485479,9.6397324],[-82.6487572,9.639621],[-82.6488994,9.6395919],[-82.6492247,9.6396169]]},"properties":{"osm_way_id":37606675,"highway":"path","road_class":"path","name":"Calle Punta Mona","surface":"ground","access":null,"source":"OpenStreetMap contributors"}},{"type":"Feature","id":"osm:way/130509681","geometry":{"type":"LineString","coordinates":[[-82.6531288,9.6353411],[-82.6534291,9.635043],[-82.6538769,9.6345984],[-82.6542691,9.6344213],[-82.6547374,9.63432],[-82.6550411,9.63432],[-82.6553284,9.6342946],[-82.6555703,9.6342644]]},"properties":{"osm_way_id":130509681,"highway":"service","road_class":"local","name":"Calle Mirador","surface":"dirt","access":null,"source":"OpenStreetMap contributors"}},{"type":"Feature","id":"osm:way/130509682","geometry":{"type":"LineString","coordinates":[[-82.6507419,9.6151735],[-82.6515842,9.6156337],[-82.6517236,9.6163424],[-82.6523083,9.6175298],[-82.65281,9.6180003],[-82.6543093,9.618495],[-82.6554038,9.6190263],[-82.6572061,9.620124],[-82.6579464,9.620888],[-82.6587403,9.6214304],[-82.6592765,9.6215548],[-82.6593959,9.6218233],[-82.6600054,9.6233877],[-82.6601512,9.6236565],[-82.6605224,9.6241091],[-82.6610524,9.6252143],[-82.6614093,9.6262117]]},"properties":{"osm_way_id":130509682,"highway":"residential","road_class":"local","name":"Calle Recope","surface":"asphalt","access":null,"source":"OpenStreetMap contributors"}},{"type":"Feature","id":"osm:way/140457575","geometry":{"type":"LineString","coordinates":[[-82.6844659,9.6346134],[-82.6839049,9.6358978],[-82.6826282,9.6377171],[-82.6821069,9.6387312]]},"properties":{"osm_way_id":140457575,"highway":"residential","road_class":"local","name":null,"surface":"unpaved","access":null,"source":"OpenStreetMap contributors"}},{"type":"Feature","id":"osm:way/288855155","geometry":{"type":"LineString","coordinates":[[-82.6595211,9.6306037],[-82.6596467,9.6310417]]},"properties":{"osm_way_id":288855155,"highway":"residential","road_class":"local","name":null,"surface":"unpaved","access":null,"source":"OpenStreetMap contributors"}},{"type":"Feature","id":"osm:way/395462152","geometry":{"type":"LineString","coordinates":[[-82.678041,9.6285145],[-82.6778055,9.6283035],[-82.6769836,9.6280284]]},"properties":{"osm_way_id":395462152,"highway":"secondary","road_class":"main","name":"Vía 256","surface":"asphalt","access":null,"source":"OpenStreetMap contributors"}},{"type":"Feature","id":"osm:way/395462153","geometry":{"type":"LineString","coordinates":[[-82.6769836,9.6280284],[-82.6768463,9.6279938]]},"properties":{"osm_way_id":395462153,"highway":"secondary","road_class":"main","name":"Vía 256","surface":"asphalt","access":null,"source":"OpenStreetMap contributors"}},{"type":"Feature","id":"osm:way/395462154","geometry":{"type":"LineString","coordinates":[[-82.6768463,9.6279938],[-82.6757976,9.6277352],[-82.6749295,9.6275403]]},"properties":{"osm_way_id":395462154,"highway":"secondary","road_class":"main","name":"Vía 256","surface":"asphalt","access":null,"source":"OpenStreetMap contributors"}},{"type":"Feature","id":"osm:way/395462155","geometry":{"type":"LineString","coordinates":[[-82.6749295,9.6275403],[-82.6743222,9.6276293],[-82.6738875,9.6276335],[-82.673037,9.6274577],[-82.6724985,9.6272517]]},"properties":{"osm_way_id":395462155,"highway":"secondary","road_class":"main","name":"Vía 256","surface":"asphalt","access":null,"source":"OpenStreetMap contributors"}},{"type":"Feature","id":"osm:way/395462156","geometry":{"type":"LineString","coordinates":[[-82.6724985,9.6272517],[-82.6722151,9.627168],[-82.6715755,9.6270988],[-82.6710852,9.6271105]]},"properties":{"osm_way_id":395462156,"highway":"secondary","road_class":"main","name":"Vía 256","surface":"asphalt","access":null,"source":"OpenStreetMap contributors"}},{"type":"Feature","id":"osm:way/395462157","geometry":{"type":"LineString","coordinates":[[-82.6710852,9.6271105],[-82.6709737,9.6271138],[-82.6708641,9.6271181]]},"properties":{"osm_way_id":395462157,"highway":"secondary","road_class":"main","name":"Vía 256","surface":"asphalt","access":null,"source":"OpenStreetMap contributors"}},{"type":"Feature","id":"osm:way/395462158","geometry":{"type":"LineString","coordinates":[[-82.6708641,9.6271181],[-82.6697844,9.6270156],[-82.6686435,9.6267822],[-82.66771,9.6265402],[-82.6663098,9.6262291],[-82.6653936,9.6259266],[-82.6643622,9.625523],[-82.664002,9.625382],[-82.6638569,9.6253132],[-82.6629994,9.6249066],[-82.6624549,9.624898],[-82.6621696,9.6250449],[-82.6614093,9.6262117],[-82.6611411,9.6266094],[-82.661088,9.6269427],[-82.6611238,9.6272663],[-82.6612967,9.6281565],[-82.661439,9.6292269],[-82.661453,9.6295395],[-82.6613658,9.6303087],[-82.661288,9.6312941],[-82.6612615,9.6314119],[-82.6612167,9.6315253],[-82.6611275,9.631609],[-82.6604096,9.6318235],[-82.6592587,9.6321946],[-82.6585388,9.6324709],[-82.6581519,9.6326136]]},"properties":{"osm_way_id":395462158,"highway":"secondary","road_class":"main","name":"Vía 256","surface":"asphalt","access":null,"source":"OpenStreetMap contributors"}},{"type":"Feature","id":"osm:way/395462162","geometry":{"type":"LineString","coordinates":[[-82.6558354,9.6321673],[-82.6561318,9.6327427],[-82.6563814,9.6331374],[-82.6565912,9.6334248],[-82.6568052,9.6337747]]},"properties":{"osm_way_id":395462162,"highway":"residential","road_class":"local","name":null,"surface":"unpaved","access":null,"source":"OpenStreetMap contributors"}},{"type":"Feature","id":"osm:way/458862634","geometry":{"type":"LineString","coordinates":[[-82.6555703,9.6342644],[-82.6559259,9.6341693],[-82.6560948,9.6340907],[-82.6563292,9.6339741],[-82.6568052,9.6337747],[-82.6572658,9.6334297],[-82.6574853,9.633269],[-82.65757,9.633207],[-82.6579268,9.6329341],[-82.6580781,9.632804],[-82.6581404,9.6326952],[-82.6581519,9.6326136]]},"properties":{"osm_way_id":458862634,"highway":"residential","road_class":"local","name":"Calle Mirador","surface":"sand","access":null,"source":"OpenStreetMap contributors"}},{"type":"Feature","id":"osm:way/458862697","geometry":{"type":"LineString","coordinates":[[-82.6853255,9.6429792],[-82.6852625,9.6425899],[-82.6852679,9.6420505]]},"properties":{"osm_way_id":458862697,"highway":"service","road_class":"local","name":null,"surface":"unpaved","access":null,"source":"OpenStreetMap contributors"}},{"type":"Feature","id":"osm:way/458862698","geometry":{"type":"LineString","coordinates":[[-82.6492247,9.6396169],[-82.649283,9.6397407],[-82.6492766,9.6398702]]},"properties":{"osm_way_id":458862698,"highway":"path","road_class":"path","name":"Calle Mirador","surface":"ground","access":null,"source":"OpenStreetMap contributors"}},{"type":"Feature","id":"osm:way/458862699","geometry":{"type":"LineString","coordinates":[[-82.653064,9.6354185],[-82.6531288,9.6353411]]},"properties":{"osm_way_id":458862699,"highway":"path","road_class":"path","name":"Calle Mirador","surface":"concrete","access":null,"source":"OpenStreetMap contributors"}},{"type":"Feature","id":"osm:way/458862700","geometry":{"type":"LineString","coordinates":[[-82.6528651,9.6356607],[-82.653064,9.6354185]]},"properties":{"osm_way_id":458862700,"highway":"path","road_class":"path","name":"Calle Mirador","surface":"wood","access":null,"source":"OpenStreetMap contributors"}},{"type":"Feature","id":"osm:way/458862701","geometry":{"type":"LineString","coordinates":[[-82.6528703,9.6359916],[-82.6529053,9.6358617],[-82.6528865,9.635785],[-82.6528505,9.6357318],[-82.6528651,9.6356607]]},"properties":{"osm_way_id":458862701,"highway":"path","road_class":"path","name":"Calle Mirador","surface":"concrete","access":null,"source":"OpenStreetMap contributors"}},{"type":"Feature","id":"osm:way/458862704","geometry":{"type":"LineString","coordinates":[[-82.6838396,9.6415897],[-82.683633,9.641312],[-82.6834587,9.6410053],[-82.6834051,9.6407435],[-82.6833997,9.6404368],[-82.6832066,9.6400851],[-82.6829035,9.6397043],[-82.6826675,9.6393975],[-82.682418,9.6390511],[-82.6821069,9.6387312],[-82.6818628,9.6384667],[-82.6812807,9.6379802],[-82.6803742,9.6372926],[-82.6793657,9.636621],[-82.6781748,9.6357378]]},"properties":{"osm_way_id":458862704,"highway":"track","road_class":"local","name":"Calle Punta Uva","surface":"sand","access":null,"source":"OpenStreetMap contributors"}},{"type":"Feature","id":"osm:way/458862705","geometry":{"type":"LineString","coordinates":[[-82.6839951,9.6419335],[-82.6838664,9.6418673],[-82.683794,9.641872],[-82.6836652,9.6417272],[-82.6835097,9.6414839],[-82.683633,9.641312]]},"properties":{"osm_way_id":458862705,"highway":"path","road_class":"path","name":null,"surface":null,"access":null,"source":"OpenStreetMap contributors"}},{"type":"Feature","id":"osm:way/458862706","geometry":{"type":"LineString","coordinates":[[-82.6857421,9.6432642],[-82.6855462,9.6432776],[-82.6854787,9.6433144],[-82.6854449,9.6432575],[-82.685455,9.6431871],[-82.6855091,9.6431301]]},"properties":{"osm_way_id":458862706,"highway":"residential","road_class":"local","name":null,"surface":"unpaved","access":null,"source":"OpenStreetMap contributors"}},{"type":"Feature","id":"osm:way/531141151","geometry":{"type":"LineString","coordinates":[[-82.6561318,9.6327427],[-82.655416,9.6332413],[-82.6553119,9.6333701]]},"properties":{"osm_way_id":531141151,"highway":"residential","road_class":"local","name":null,"surface":"unpaved","access":null,"source":"OpenStreetMap contributors"}},{"type":"Feature","id":"osm:way/531141156","geometry":{"type":"LineString","coordinates":[[-82.6582303,9.631481],[-82.6580266,9.631031]]},"properties":{"osm_way_id":531141156,"highway":"residential","road_class":"local","name":null,"surface":"unpaved","access":null,"source":"OpenStreetMap contributors"}},{"type":"Feature","id":"osm:way/531141157","geometry":{"type":"LineString","coordinates":[[-82.6610248,9.6303114],[-82.6609059,9.6308976]]},"properties":{"osm_way_id":531141157,"highway":"residential","road_class":"local","name":null,"surface":"unpaved","access":null,"source":"OpenStreetMap contributors"}},{"type":"Feature","id":"osm:way/531141159","geometry":{"type":"LineString","coordinates":[[-82.6558354,9.6321673],[-82.655597,9.63159],[-82.655464,9.6312969]]},"properties":{"osm_way_id":531141159,"highway":"residential","road_class":"local","name":null,"surface":"unpaved","access":null,"source":"OpenStreetMap contributors"}},{"type":"Feature","id":"osm:way/531141160","geometry":{"type":"LineString","coordinates":[[-82.655597,9.63159],[-82.6562231,9.6310774]]},"properties":{"osm_way_id":531141160,"highway":"residential","road_class":"local","name":null,"surface":"unpaved","access":null,"source":"OpenStreetMap contributors"}},{"type":"Feature","id":"osm:way/531142294","geometry":{"type":"LineString","coordinates":[[-82.6643622,9.625523],[-82.6653681,9.6238585]]},"properties":{"osm_way_id":531142294,"highway":"residential","road_class":"local","name":null,"surface":null,"access":null,"source":"OpenStreetMap contributors"}},{"type":"Feature","id":"osm:way/531142295","geometry":{"type":"LineString","coordinates":[[-82.6638569,9.6253132],[-82.6648372,9.6236352]]},"properties":{"osm_way_id":531142295,"highway":"residential","road_class":"local","name":null,"surface":null,"access":null,"source":"OpenStreetMap contributors"}},{"type":"Feature","id":"osm:way/817528582","geometry":{"type":"LineString","coordinates":[[-82.6802592,9.6303023],[-82.6806699,9.6298534],[-82.6809172,9.629544],[-82.6812484,9.6290426],[-82.681383,9.6288506]]},"properties":{"osm_way_id":817528582,"highway":"unclassified","road_class":"local","name":"Calle Ara","surface":"compacted","access":null,"source":"OpenStreetMap contributors"}},{"type":"Feature","id":"osm:way/817528583","geometry":{"type":"LineString","coordinates":[[-82.6812484,9.6290426],[-82.681317,9.6290588],[-82.6815206,9.6291073],[-82.6817549,9.6291699],[-82.6819546,9.6292474],[-82.682147,9.6293874],[-82.6823262,9.6295548],[-82.6823657,9.6297598],[-82.6825364,9.6298198],[-82.6826758,9.6298754],[-82.6827471,9.6298142],[-82.6827883,9.6296703]]},"properties":{"osm_way_id":817528583,"highway":"service","road_class":"local","name":null,"surface":"compacted","access":null,"source":"OpenStreetMap contributors"}},{"type":"Feature","id":"osm:way/817528584","geometry":{"type":"LineString","coordinates":[[-82.6827471,9.6298142],[-82.6827746,9.6297733],[-82.68344,9.6299268]]},"properties":{"osm_way_id":817528584,"highway":"track","road_class":"local","name":null,"surface":null,"access":null,"source":"OpenStreetMap contributors"}},{"type":"Feature","id":"osm:way/817948052","geometry":{"type":"LineString","coordinates":[[-82.6593959,9.6218233],[-82.6591035,9.6219033],[-82.6590144,9.6222996],[-82.659003,9.6226062],[-82.6589537,9.6228529],[-82.6589063,9.6230025],[-82.6587907,9.6231427],[-82.6585006,9.6233838]]},"properties":{"osm_way_id":817948052,"highway":"path","road_class":"path","name":null,"surface":null,"access":null,"source":"OpenStreetMap contributors"}},{"type":"Feature","id":"osm:way/817948083","geometry":{"type":"LineString","coordinates":[[-82.6821822,9.6326709],[-82.6820503,9.6327836],[-82.6818399,9.6329558],[-82.6817967,9.6330018],[-82.681751,9.6330505],[-82.6816519,9.6331069],[-82.6815017,9.6331371],[-82.6812227,9.6331351],[-82.6809397,9.633119],[-82.6806996,9.6331059],[-82.6804503,9.6330928]]},"properties":{"osm_way_id":817948083,"highway":"path","road_class":"path","name":null,"surface":null,"access":null,"source":"OpenStreetMap contributors"}},{"type":"Feature","id":"osm:way/817948084","geometry":{"type":"LineString","coordinates":[[-82.6817967,9.6330018],[-82.6818123,9.633118],[-82.6818102,9.6334706]]},"properties":{"osm_way_id":817948084,"highway":"path","road_class":"path","name":null,"surface":null,"access":null,"source":"OpenStreetMap contributors"}},{"type":"Feature","id":"osm:way/906672105","geometry":{"type":"LineString","coordinates":[[-82.6721059,9.6317738],[-82.6723981,9.6310978],[-82.6725113,9.630239],[-82.673037,9.6274577]]},"properties":{"osm_way_id":906672105,"highway":"unclassified","road_class":"local","name":"Calle Almendros y Corales","surface":null,"access":null,"source":"OpenStreetMap contributors"}},{"type":"Feature","id":"osm:way/906677182","geometry":{"type":"LineString","coordinates":[[-82.6723981,9.6310978],[-82.6716725,9.6308997],[-82.6710933,9.6307964],[-82.6697466,9.6304618]]},"properties":{"osm_way_id":906677182,"highway":"unclassified","road_class":"local","name":null,"surface":null,"access":null,"source":"OpenStreetMap contributors"}},{"type":"Feature","id":"osm:way/1021287514","geometry":{"type":"LineString","coordinates":[[-82.6492247,9.6396169],[-82.6495095,9.6390552],[-82.6498268,9.6386591],[-82.6499955,9.6385595],[-82.6501459,9.638511],[-82.6502746,9.6384365],[-82.6504186,9.6383062],[-82.6505546,9.6381189],[-82.6506186,9.6379963],[-82.650699,9.6378736],[-82.6508277,9.6378138],[-82.6512889,9.6373851],[-82.6514478,9.637258],[-82.6515592,9.6371487],[-82.6517138,9.6369893],[-82.6518696,9.6368759],[-82.6519955,9.6367452],[-82.6521591,9.6364753],[-82.6523797,9.636342],[-82.6525928,9.6362553],[-82.6527829,9.6361091],[-82.6528703,9.6359916]]},"properties":{"osm_way_id":1021287514,"highway":"path","road_class":"path","name":"Calle Mirador","surface":"ground","access":null,"source":"OpenStreetMap contributors"}},{"type":"Feature","id":"osm:way/1122307570","geometry":{"type":"LineString","coordinates":[[-82.6503342,9.6380003],[-82.6502162,9.6376354],[-82.6500177,9.637326],[-82.649889,9.6368765],[-82.6497066,9.6365935]]},"properties":{"osm_way_id":1122307570,"highway":"path","road_class":"path","name":null,"surface":null,"access":null,"source":"OpenStreetMap contributors"}},{"type":"Feature","id":"osm:way/1122307571","geometry":{"type":"LineString","coordinates":[[-82.6505546,9.6381189],[-82.6503342,9.6380003],[-82.6499484,9.6382683],[-82.6499989,9.6384207],[-82.6499955,9.6385595]]},"properties":{"osm_way_id":1122307571,"highway":"path","road_class":"path","name":null,"surface":null,"access":null,"source":"OpenStreetMap contributors"}},{"type":"Feature","id":"osm:way/1122307572","geometry":{"type":"LineString","coordinates":[[-82.6555703,9.6342644],[-82.6553259,9.6336584],[-82.6553119,9.6333701]]},"properties":{"osm_way_id":1122307572,"highway":"residential","road_class":"local","name":null,"surface":null,"access":null,"source":"OpenStreetMap contributors"}},{"type":"Feature","id":"osm:way/1122528741","geometry":{"type":"LineString","coordinates":[[-82.6467428,9.6382381],[-82.6465791,9.6383388],[-82.6460534,9.6381722]]},"properties":{"osm_way_id":1122528741,"highway":"path","road_class":"path","name":null,"surface":"mud","access":null,"source":"OpenStreetMap contributors"}},{"type":"Feature","id":"osm:way/1276252481","geometry":{"type":"LineString","coordinates":[[-82.6841284,9.6263847],[-82.6841424,9.6263305],[-82.6841697,9.6262802],[-82.6842646,9.6261526],[-82.6842707,9.626022],[-82.6842832,9.6259313],[-82.6843451,9.6258534]]},"properties":{"osm_way_id":1276252481,"highway":"service","road_class":"local","name":null,"surface":"concrete","access":null,"source":"OpenStreetMap contributors"}},{"type":"Feature","id":"osm:way/1276252483","geometry":{"type":"LineString","coordinates":[[-82.6835896,9.6273301],[-82.6835405,9.6272107],[-82.6835309,9.627083],[-82.6836132,9.6269728],[-82.6837545,9.6269417],[-82.683909,9.6269066],[-82.6839419,9.6268572],[-82.6839975,9.6266465],[-82.6840586,9.6265079],[-82.6841284,9.6263847]]},"properties":{"osm_way_id":1276252483,"highway":"service","road_class":"local","name":null,"surface":"asphalt","access":null,"source":"OpenStreetMap contributors"}},{"type":"Feature","id":"osm:way/1276252485","geometry":{"type":"LineString","coordinates":[[-82.6831403,9.6285759],[-82.6832326,9.6284643],[-82.6833469,9.6283197],[-82.6834642,9.6282412],[-82.6835997,9.6281842],[-82.6837229,9.628096],[-82.6837355,9.6280484],[-82.6836972,9.6279541],[-82.6836994,9.6278403],[-82.6836784,9.6276708],[-82.6836478,9.6274947],[-82.6835896,9.6273301]]},"properties":{"osm_way_id":1276252485,"highway":"service","road_class":"local","name":null,"surface":"compacted","access":null,"source":"OpenStreetMap contributors"}},{"type":"Feature","id":"osm:way/1276252487","geometry":{"type":"LineString","coordinates":[[-82.6827883,9.6296703],[-82.6828004,9.6293716],[-82.6828484,9.6291731],[-82.6828522,9.6290491],[-82.6828778,9.6289251],[-82.682898,9.6288274],[-82.6829446,9.6287234],[-82.6830405,9.6286635],[-82.6831403,9.6285759]]},"properties":{"osm_way_id":1276252487,"highway":"service","road_class":"local","name":null,"surface":"concrete","access":null,"source":"OpenStreetMap contributors"}},{"type":"Feature","id":"osm:way/1276252488","geometry":{"type":"LineString","coordinates":[[-82.6843451,9.6258534],[-82.6844334,9.6257485],[-82.6845712,9.6256806],[-82.6846634,9.6256674]]},"properties":{"osm_way_id":1276252488,"highway":"service","road_class":"local","name":null,"surface":"compacted","access":null,"source":"OpenStreetMap contributors"}},{"type":"Feature","id":"osm:way/1344558715","geometry":{"type":"LineString","coordinates":[[-82.6469038,9.6377912],[-82.6483535,9.6383121],[-82.6490942,9.6382874],[-82.6499484,9.6382683]]},"properties":{"osm_way_id":1344558715,"highway":"path","road_class":"path","name":null,"surface":null,"access":null,"source":"OpenStreetMap contributors"}},{"type":"Feature","id":"osm:way/1362771445","geometry":{"type":"LineString","coordinates":[[-82.6571128,9.6321254],[-82.6571937,9.6322372]]},"properties":{"osm_way_id":1362771445,"highway":"service","road_class":"local","name":null,"surface":null,"access":null,"source":"OpenStreetMap contributors"}},{"type":"Feature","id":"osm:way/1362771447","geometry":{"type":"LineString","coordinates":[[-82.6611275,9.631609],[-82.6611498,9.6316769],[-82.6612082,9.6317285],[-82.6613632,9.6317838],[-82.6615229,9.6317473],[-82.6616834,9.6317541],[-82.6619177,9.63178]]},"properties":{"osm_way_id":1362771447,"highway":"path","road_class":"path","name":null,"surface":null,"access":null,"source":"OpenStreetMap contributors"}},{"type":"Feature","id":"osm:way/1362771448","geometry":{"type":"LineString","coordinates":[[-82.6611498,9.6316769],[-82.6611283,9.6318663]]},"properties":{"osm_way_id":1362771448,"highway":"path","road_class":"path","name":null,"surface":null,"access":null,"source":"OpenStreetMap contributors"}},{"type":"Feature","id":"osm:way/1362771449","geometry":{"type":"LineString","coordinates":[[-82.6492247,9.6396169],[-82.6494485,9.6394958]]},"properties":{"osm_way_id":1362771449,"highway":"path","road_class":"path","name":null,"surface":"concrete:lanes","access":null,"source":"OpenStreetMap contributors"}}]}
